-0.0750380381942,-0.03684142977,0.977468073368,0.0302953720093,-0.000779002904892,-0.03684142977
-0.072322845459,-0.0431941300631,0.990871429443,0.0207207594067,-0.0143750179559,-0.0431941300631
-0.055538021028,0.000254666432738,0.989896595478,-0.0577726364136,-0.0154125224799,0.000254666432738
-0.0567722022533,0.0259053651243,0.978442847729,-0.085758343339,0.0134075563401,0.0259053651243
-0.0703481659293,0.0294757448137,0.953585803509,-0.0623559318483,-0.00298547698185,0.0294757448137
-0.0705949962139,0.0416055172682,0.946031153202,0.0374938547611,0.010281778872,0.0416055172682
-0.081949442625,0.0406351462007,0.97259414196,0.0387676693499,-0.0229853354394,0.0406351462007
-0.0720760077238,0.0633172988892,0.980879843235,0.0241487771273,-0.0193827711046,0.0633172988892
-0.0799747481942,0.0358328409493,0.982342004776,0.0533965155482,-0.01677342318,0.0358328409493
-0.0863924771547,0.0164968855679,0.990140318871,0.0400438793004,-0.0291928295046,0.0164968855679
-0.0757785439491,0.0154524184763,0.992333590984,0.00124999321997,0.019494978711,0.0154524184763
-0.0659051164985,0.037502720952,0.984047889709,-0.0143062919378,0.00512984162197,0.037502720952
-0.0740506947041,0.0299758054316,0.976005911827,0.00461687333882,0.0186366606504,0.0299758054316
-0.0580063797534,0.0240666233003,0.978442847729,0.0841185897589,0.0345396026969,0.0240666233003
-0.063683591783,0.0150503907353,0.964552164078,0.0232813693583,0.0157085582614,0.0150503907353
-0.0777532234788,-0.0116958990693,0.942863106728,0.00777052342892,-0.000385163817555,-0.0116958990693
-0.0861456468701,-0.00862860493362,0.927753925323,-0.0101430471987,-0.0640988647938,-0.00862860493362
-0.0557848550379,0.0455614589155,0.925804316998,0.0682450905442,-0.0356874614954,0.0455614589155
-0.0451709255576,0.11010183394,0.932140409946,0.2087418437,-0.0357601344585,0.11010183394
-0.0713355019689,0.172715514898,0.978442847729,0.190721333027,-0.106620505452,0.172715514898
-0.0893545001745,0.173631817102,0.998426020145,0.0361724197865,-0.158544048667,0.173631817102
-0.055538021028,0.18737629056,0.981610894203,0.0355615541339,-0.120364971459,0.18737629056
-0.0362848415971,0.253655165434,0.958703398705,0.0963426455855,-0.0944031998515,0.253655165434
-0.0249303989112,0.249073669314,0.946762263775,0.0630504861474,-0.158238619566,0.249073669314
-0.0804684236646,0.178213298321,0.956753849983,0.0682428404689,-0.19305793941,0.178213298321
-0.116753257811,-0.150126770139,0.991602480412,0.132994562387,-0.218408837914,-0.150126770139
-0.0113544398919,-0.225874051452,1.02182090282,0.00379656068981,-0.179924339056,-0.225874051452
-0.0427025668323,-0.207242667675,1.02840077877,0.188888728619,-0.114561751485,-0.207242667675
-0.0330759771168,-0.266191154718,1.00183773041,0.196219116449,-0.199777454138,-0.266191154718
-0.0106139332056,-0.203272044659,0.988190710545,0.176671415567,-0.00888206623495,-0.203272044659
-0.038259524852,-0.268329203129,0.953585803509,0.146739035845,-0.174731984735,-0.268329203129
-0.0116012757644,-0.152570217848,0.974787354469,-0.129066631198,-0.174426540732,-0.152570217848
-0.00592405535281,-0.149821326137,1.03205609322,-0.425947159529,-0.170150488615,-0.149821326137
-0.0483797863126,-0.355072051287,1.04838383198,-0.789411962032,0.0445686429739,-0.355072051287
-0.0468987748027,-0.0313134714961,0.969669759274,-0.429917782545,-0.182673230767,-0.0313134714961
0.0458222776651,0.291223376989,0.96284621954,-0.293083965778,-0.0317895114422,0.291223376989
-0.0424557328224,-0.0264265500009,0.924829542637,0.283878266811,-0.383342474699,-0.0264265500009
0.0518834292889,0.117126777768,0.942375719547,0.307091146708,0.0641163289547,0.117126777768
-0.0612152405083,0.00991993397474,0.99793857336,0.00349112786353,0.0292970109731,0.00991993397474
-0.0120949465781,0.0652032345533,0.957728624344,0.171479076147,-0.341192781925,0.0652032345533
-0.0407278798521,-0.0340623632073,0.943350493908,0.311367213726,-0.360129594803,-0.0340623632073
-0.0614620745182,-0.0435307733715,0.999644458294,0.214545071125,-0.370208859444,-0.0435307733715
-0.0738038569689,-0.285433411598,1.03644275665,0.0737406313419,-0.0550023913383,-0.285433411598
-0.136006444693,-0.68035775423,1.07080388069,0.646426796913,0.108098633587,-0.68035775423
-0.162664696574,-0.67486000061,1.08225774765,0.994314551353,0.138947322965,-0.67486000061
-0.19697484374,-0.469303846359,0.950661420822,1.06364774704,-0.0302623491734,-0.469303846359
-0.167848229408,-0.163565799594,0.875115334988,0.522421181202,-0.0290406197309,-0.163565799594
-0.0651646107435,0.0283717699349,0.917762339115,-0.125395953655,0.131807282567,0.0283717699349
-0.110829204321,-0.122709020972,0.967963933945,-0.185517132282,-0.197249114513,-0.122709020972
-0.0730633512139,-0.0439073964953,0.992820978165,-0.110075287521,-0.00940803997219,-0.0439073964953
0.0162438768893,0.178752988577,0.996476471424,-0.278674095869,0.411172688007,0.178752988577
-0.071582339704,0.0880394950509,0.960896670818,-0.271343708038,0.0403774790466,0.0880394950509
-0.0214747022837,0.0535256043077,0.866829693317,-0.197429001331,-0.143798395991,0.0535256043077
0.0407309122384,-0.136758908629,0.877552330494,-0.216671258211,-0.128221333027,-0.136758908629
0.122435189784,-0.372247457504,0.918249726295,0.0139303626493,-0.594311475754,-0.372247457504
0.214322179556,-0.446467608213,0.965039551258,0.00568368192762,-0.0759923532605,-0.446467608213
0.228141605854,-0.16577501595,0.975518465042,-0.0599843300879,-0.147158160806,-0.16577501595
0.255537986755,0.0310044661164,1.0174343586,-0.0914085134864,-0.134474724531,0.0310044661164
0.237112104893,0.0361486449838,0.999157071114,0.0451578497887,-0.0695415511727,0.0361486449838
0.267175406218,0.140404343605,1.00183773041,0.0149854663759,-0.0150699997321,0.140404343605
0.291177541018,0.164533525705,0.996963799,-0.0106708733365,0.284253954887,0.164533525705
0.2848739326,-0.00880174897611,0.994526803493,0.109928488731,0.0137117113918,-0.00880174897611
0.27396389842,-0.164572387934,0.988434374332,0.164295494556,0.0589157417417,-0.164572387934
0.264023602009,-0.0095547195524,0.973812639713,0.0735465362668,0.140507861972,-0.0095547195524
0.18571357429,0.0274633523077,0.958947122097,0.0137531273067,0.0676314234734,0.0274633523077
0.18401645124,-0.0505633354187,0.961384057999,0.0953041911125,-0.0760385319591,-0.0505633354187
0.199290543795,-0.0892871916294,0.999400794506,0.0796033665538,0.0292058382183,-0.0892871916294
0.216019302607,-0.0593547932804,0.943350493908,0.0411188527942,0.236289158463,-0.0593547932804
0.19807831943,-0.0124114444479,0.954316854477,-0.100712895393,0.135321229696,-0.0124114444479
0.200260326266,0.139999434352,0.95139247179,-0.0243547353894,0.0772890374064,0.139999434352
0.210200607777,0.230731576681,0.930434584618,-0.0593781620264,0.0224880203605,0.230731576681
0.207533717155,-0.127235457301,0.872191011906,-0.151007950306,0.178258657455,-0.127235457301
0.0763704627752,-0.25001937151,0.944325268269,-0.251495271921,0.15993270278,-0.25001937151
0.042670480907,-0.184656783938,0.956510126591,-0.156200289726,0.0117978788912,-0.184656783938
-0.0466519370675,-0.244216144085,1.04448473454,-0.0722063332796,0.0594453699887,-0.244216144085
-0.0809620916843,-0.333707898855,0.937745451927,-0.0602944605052,0.0909049212933,-0.333707898855
-0.116012759507,-0.162665635347,0.978442847729,-0.152535110712,0.0805202126503,-0.162665635347
-0.113544404507,-0.109181173146,0.967963933945,-0.10913079232,0.122109733522,-0.109181173146
-0.0854051336646,-0.143468096852,0.978442847729,-0.0600623600185,-0.0999902114272,-0.143468096852
-0.106386162341,-0.125447571278,0.987947046757,-0.00447362475097,-0.171461448073,-0.125447571278
-0.0844177901745,-0.097280189395,0.960409283638,-0.0450112856925,-0.0182338971645,-0.097280189395
-0.110088698566,0.00793027505279,0.981367230415,-0.00303622055799,-0.18119841814,0.00793027505279
-0.0762722194195,-0.078201726079,0.999400794506,0.109973847866,-0.202273264527,-0.078201726079
-0.0565253607929,-0.0827832147479,1.01207304001,0.000323538668454,-0.145157366991,-0.0827832147479
-0.0468987748027,-0.0660766363144,0.955291628838,0.0414591059089,-0.0796548947692,-0.0660766363144
-0.0972532406449,-0.0413365885615,0.950661420822,0.0878848582506,-0.203965976834,-0.0413365885615
-0.134031757712,0.0239224918187,0.977224349976,0.024846451357,-0.146784394979,0.0239224918187
-0.136993780732,0.0877349004149,0.981854617596,-0.032700419426,-0.0826219245791,0.0877349004149
-0.129588708282,-0.0362024344504,0.943837881088,0.0608110427856,-0.0443166606128,-0.0362024344504
-0.155506446958,-0.0896478667855,0.959921836853,0.139368325472,-0.0363646633923,-0.0896478667855
-0.158962160349,-0.0701001733541,0.956510126591,0.116766311228,-0.125550985336,-0.0701001733541
-0.137487456203,-0.0159557294101,0.999157071114,0.0402650311589,0.0238271988928,-0.0159557294101
-0.167601406574,0.048185121268,1.02157723904,0.0549257919192,0.28497210145,0.048185121268
-0.200430557132,-0.0608543232083,1.00890493393,0.182596638799,0.0528433024883,-0.0608543232083
-0.0683734789491,-0.137823343277,1.03498053551,0.105322174728,0.18143042922,-0.137823343277
-0.0999684408307,-0.29787003994,1.05203926563,0.129451364279,0.537870287895,-0.29787003994
-0.120208963752,-0.145153731108,0.996232748032,0.145639285445,0.210446536541,-0.145153731108
-0.0975000783801,-0.228536829352,0.963577330112,0.0677539631724,0.398287594318,-0.228536829352
-0.057512704283,-0.189441457391,0.993795692921,0.167935878038,0.256261438131,-0.189441457391
-0.0303607862443,0.108049914241,0.945056378841,-0.141467377543,0.390957206488,0.108049914241
-0.0407278798521,-0.00618188455701,0.959921836853,-0.0376202911139,0.585517764091,-0.00618188455701
-0.0535633340478,-0.0773476883769,0.922392606735,0.0332400798798,0.259621202946,-0.0773476883769
0.123404972255,-0.0687955766916,0.996476471424,-0.0828243196011,0.161577314138,-0.0687955766916
0.0504287518561,-0.0330599546432,0.973325252533,0.0304911863059,-0.0424516797066,-0.0330599546432
0.0506711937487,0.0707871317863,0.933115243912,0.094632036984,-0.264806628227,0.0707871317863
0.208988383412,0.244272857904,1.02596378326,0.108071066439,-0.00671606138349,0.244272857904
0.157347396016,0.205788359046,1.00939238071,0.0876070857048,-0.208301588893,0.205788359046
0.0914021059871,0.0662056431174,0.937258064747,0.119982935488,-0.156683474779,0.0662056431174
0.229353830218,0.121794380248,1.00378727913,0.15144251287,-0.17867462337,0.121794380248
0.173106387258,0.0258076377213,0.998913347721,-0.0538099110126,-0.00426239147782,0.0258076377213
0.153468266129,0.00645503867418,0.98965293169,-0.167920172215,0.079893052578,0.00645503867418
0.175045952201,-0.0278875697404,1.01451003551,-0.0221555195749,0.0253973323852,-0.0278875697404
0.160499185324,-0.077413380146,1.02157723904,0.0703634992242,0.0845778658986,-0.077413380146
0.0986754894257,-0.0235599353909,1.03035020828,-0.10469237715,0.0104839606211,-0.0235599353909
0.116858929396,0.0481590628624,1.03327465057,-0.0767953544855,0.144708991051,0.0481590628624
0.118798494339,-0.0596586540341,1.03424942493,-0.0694649741054,0.187164112926,-0.0596586540341
0.0841287299991,-0.0503544807434,1.00817394257,0.0217036232352,0.0642178356647,-0.0503544807434
0.0528532080352,0.12073585391,1.01597213745,-0.0780140161514,0.302718371153,0.12073585391
0.0880078673363,0.274979323149,0.998913347721,-0.253637760878,0.287141293287,0.274979323149
0.0671575218439,0.0923306196928,1.00987970829,-0.184915423393,0.252016544342,0.0923306196928
-0.00715823378414,-0.164843648672,0.930921971798,-0.0175383538008,0.272175103426,-0.164843648672
-0.0900950133801,-0.151404619217,0.881938874722,-0.0471653193235,0.276756584644,-0.151404619217
-0.132057070732,-0.138439327478,0.843191146851,-0.125571280718,0.00812388770282,-0.138439327478
-0.185867249966,-0.165011972189,0.894367456436,-0.0892248004675,-0.213620185852,-0.165011972189
-0.165133044124,-0.0712441578507,0.937258064747,-0.0486022606492,-0.362060457468,-0.0712441578507
-0.132797583938,0.0271051488817,0.964308440685,-0.21292501688,-0.281120806932,0.0271051488817
-0.117493771017,0.055204950273,0.976736962795,-0.229418382049,-0.305860847235,0.055204950273
-0.131069734693,-0.0666626617312,1.0147536993,-0.0296654365957,-0.397185206413,-0.0666626617312
-0.0770127251744,-0.182727068663,0.992820978165,-0.0800618231297,-0.300668507814,-0.182727068663
-0.182411551476,-0.0382574312389,1.02084600925,-0.194293633103,-0.179411739111,-0.0382574312389
-0.189816623926,0.09796551615,0.969669759274,-0.0788400918245,-0.434448003769,0.09796551615
-0.18463306129,-0.15340551734,1.01670324802,0.0644078105688,-0.288145780563,-0.15340551734
-0.147360891104,-0.186086833477,1.0149974823,0.0039321500808,-0.130237087607,-0.186086833477
-0.116012759507,-0.249922245741,0.987215936184,0.026534166187,0.0130108101293,-0.249922245741
-0.166614070535,-0.263972133398,0.969182372093,0.113582462072,-0.107024207711,-0.263972133398
-0.194753333926,-0.0442210361362,0.919224500656,0.0317938998342,-0.094114407897,-0.0442210361362
-0.227088809013,0.118026576936,0.886812806129,-0.0109191033989,0.0505139566958,0.118026576936
-0.240911588073,0.0980249792337,0.940669834614,0.07034522295,-0.0145990680903,0.0980249792337
-0.212031826377,0.0718971118331,1.02035880089,0.133349701762,0.0563039332628,0.0718971118331
-0.191791296005,0.139703154564,1.03961074352,0.109525971115,0.452755481005,0.139703154564
-0.244120448828,0.0789220631123,0.978442847729,0.160838648677,0.389836370945,0.0789220631123
-0.254240721464,0.00867256056517,0.937014400959,0.133960574865,0.221848413348,0.00867256056517
-0.183892562985,-0.0618823766708,0.966745376587,0.0722631886601,0.382505983114,-0.0618823766708
-0.168095082045,0.114352248609,1.01719069481,0.119910679758,0.194054037333,0.114352248609
-0.116753257811,-0.10281034559,0.975274801254,0.160838648677,0.251475393772,-0.10281034559
-0.0789874047041,0.175438761711,1.02596378326,0.146483317018,0.261249244213,0.175438761711
-0.0960190668702,0.225224286318,0.967963933945,-0.121991954744,0.178171545267,0.225224286318
-0.0757785439491,-0.0731546059251,0.989896595478,-0.0172393135726,0.146648645401,-0.0731546059251
-0.0965127423406,0.041382625699,0.952610969543,0.2720053792,-0.194519594312,0.041382625699
-0.0614620745182,0.184935957193,0.897535443306,-0.227376952767,0.252633750439,0.184935957193
-0.0508481450379,0.00224880967289,0.938720285892,-0.154486656189,0.0904303789139,0.00224880967289
-0.0145633034408,0.0141606815159,0.974056303501,0.0403793565929,-0.27028554678,0.0141606815159
0.0523683167994,0.0147715471685,1.01085460186,0.155527442694,-0.194538250566,0.0147715471685
0.0739460065961,-0.0264618564397,0.985266327858,0.153389424086,-0.121539860964,-0.0264618564397
0.0208503492177,0.206583246589,0.915569067001,0.0773367062211,-0.309686362743,0.206583246589
0.0603690333664,0.394729733467,0.939695060253,-0.0833208560944,-0.311213523149,0.394729733467
0.12219274044,0.14916190505,0.992333590984,0.17599144578,-0.224776089191,0.14916190505
0.0981905981898,0.175429105759,0.970400869846,0.00158941280097,-0.33564811945,0.175429105759
0.153225824237,0.155575990677,1.03449308872,-0.139825880527,-0.0876368433237,0.155575990677
0.174076169729,0.0181528069079,1.06763589382,-0.0573928840458,-0.042994402349,0.0181528069079
0.166802793741,-0.103361830115,1.04984605312,-0.0474778339267,0.149550125003,-0.103361830115
0.139648854733,-0.15039844811,1.02669477463,-0.0383148528636,0.146801233292,-0.15039844811
0.135284826159,-0.3412938416,1.01816534996,0.0844690650702,0.105567827821,-0.3412938416
0.0928567871451,-0.291202872992,1.00354361534,0.0982135310769,0.0820495188236,-0.291202872992
0.0821891650558,-0.25699442625,1.00110661983,0.112874299288,0.029515106231,-0.25699442625
0.0804920494556,-0.111608505249,0.967232823372,-0.0303736049682,0.219188764691,-0.111608505249
0.0584294646978,0.0438566952944,0.969913482666,-0.232875436544,0.304404437542,0.0438566952944
0.0237597003579,0.0707347691059,0.951148808002,-0.196223512292,0.293408870697,0.0707347691059
-0.0103670973331,0.0968525484204,0.930921971798,-0.0802707821131,0.0687966793776,0.0968525484204
-0.0234493874013,0.009984690696,0.954316854477,-0.103968627751,0.15896551311,0.009984690696
-0.081949442625,0.0320390313864,0.915812730789,-0.111530534923,0.120558217168,0.0320390313864
-0.115519076586,-0.201801195741,0.910695135593,-0.149436742067,0.057442933321,-0.201801195741
-0.145386189222,-0.232039034367,0.936770737171,-0.038259267807,-0.11909712106,-0.232039034367
-0.170069769025,0.0196374543011,0.95504796505,-0.0724677294493,-0.218362718821,0.0196374543011
-0.226841956377,-0.0149934403598,0.9384765625,-0.111926220357,-0.229689761996,-0.0149934403598
-0.264114141464,-0.196114987135,0.915569067001,-0.0630569979548,-0.328344494104,-0.196114987135
-0.278430610895,-0.0699713155627,0.983073055744,-0.0545048825443,-0.370188772678,-0.0699713155627
-0.268310368061,0.102598115802,0.937014400959,-0.0102171534672,-0.27611553669,0.102598115802
-0.258436918259,0.200031131506,1.01597213745,-0.0319028683007,-0.203422546387,0.200031131506
-0.220424234867,0.269975185394,0.992333590984,-0.00746826082468,-0.091939650476,0.269975185394
-0.17327862978,0.376876622438,0.993795692921,-0.00288677122444,-0.0146651938558,0.376876622438
-0.079727910459,0.324647635221,1.02815699577,0.0151337534189,0.0430615693331,0.324647635221
-0.0288797691464,0.252565532923,1.03741753101,0.0575888901949,0.146603241563,0.252565532923
-0.0330759771168,0.198503956199,0.958216011524,0.0322379805148,0.0317605659366,0.198503956199
-0.0360380038619,0.130603402853,0.984779000282,-0.0451804548502,-0.0345387756824,0.130603402853
-0.0392468683422,-0.0436080992222,0.96333360672,0.0533423162997,0.00733201298863,-0.0436080992222
-0.0661519542336,-0.308112770319,0.998913347721,0.0609781295061,-0.00457985838875,-0.308112770319
-0.088367164135,-0.439448773861,0.940669834614,0.131533071399,0.025047108531,-0.439448773861
-0.0486266203225,-0.558872938156,0.997694909573,0.186205506325,-0.162793949246,-0.558872938156
-0.0273987576365,-0.949521243572,1.06593000889,0.20911295712,0.278556168079,-0.949521243572
-0.00691139837727,-0.911953032017,1.07299721241,0.695667147636,0.399812906981,-0.911953032017
-0.00913291890174,-0.619653999805,1.01280403137,0.564331114292,-0.113619305193,-0.619653999805
0.0446100495756,-0.727777183056,1.01280403137,0.301353603601,0.204946920276,-0.727777183056
-0.0693608149886,-0.473657250404,0.911426246166,0.43391135335,-0.0729967653751,-0.473657250404
-0.0920697003603,-0.464799702168,0.865611255169,0.366105318069,-0.29871147871,-0.464799702168
-0.0649177730083,-0.568952202797,0.947737038136,0.276308119297,-0.104456327856,-0.568952202797
-0.0293734427541,-0.368588417768,0.999157071114,0.212472721934,-0.0317633636296,-0.368588417768
-0.0402342118323,-0.167919173837,0.98502266407,-0.00285728648305,0.0467328242958,-0.167919173837
-0.0775063931942,-0.108640737832,0.904602706432,0.114908061922,0.0480494908988,-0.108640737832
-0.132797583938,0.0430345088243,0.90850186348,0.0667307376862,-0.0596646144986,0.0430345088243
-0.140943154693,-0.0131440302357,0.964552164078,-0.218191593885,-0.0188426729292,-0.0131440302357
-0.0970064103603,-0.126459524035,0.990627706051,-0.355330824852,0.0669838935137,-0.126459524035
-0.110088698566,-0.07178709656,0.998182296753,-0.299436658621,0.0141440508887,-0.07178709656
-0.0752848684788,0.0992551743984,0.956753849983,-0.275612920523,0.106384702027,0.0992551743984
-0.0496139638126,0.342990398407,0.946274876595,-0.277445524931,-0.132769033313,0.342990398407
-0.0412215553224,0.118802860379,0.939938724041,-0.295160621405,-0.0576326139271,0.118802860379
-0.0157974809408,0.0818455144763,1.00476205349,-0.342197239399,-0.110472463071,0.0818455144763
-0.0157974809408,0.257163852453,0.978199124336,-0.176652744412,-0.132158175111,0.257163852453
-0.0,0.136212527752,1.00256884098,-0.179096207023,-0.236921563745,0.136212527752
-0.019746851176,0.100171469152,1.05983769894,-0.161075681448,-0.2021022439,0.100171469152
-0.0286329351366,0.113601468503,1.04326629639,-0.054791174829,0.00370974466205,0.113601468503
-0.0481329523027,0.265204161406,1.04838383198,-0.0891541987658,0.0591000989079,0.265204161406
-0.0807152613997,0.331788480282,0.988190710545,-0.137412548065,0.122019216418,0.331788480282
-0.0313481278718,0.354695945978,0.961871504784,-0.267221421003,0.286036521196,0.354695945978
-0.0594873912632,0.6494384408,0.980148732662,-0.163068890572,-0.119577981532,0.6494384408
0.0206079017371,0.689450144768,0.973812639713,-0.195444747806,-0.0633783787489,0.689450144768
-0.0002468356397,0.746871471405,0.999157071114,-0.194833889604,-0.0826206356287,0.746871471405
-0.0856519639492,0.667764425278,0.961384057999,-0.0818238183856,-0.0649055466056,0.667764425278
-0.0518354848027,0.761226773262,0.965770602226,-0.106258429587,-0.103695489466,0.761226773262
-0.081949442625,0.645773231983,0.973325252533,-0.0723554044962,-0.224952235818,0.645773231983
-0.0360380038619,0.548951089382,0.986972272396,-0.105036698282,-0.0630729496479,0.548951089382
-0.0244367308915,0.386766344309,0.942375719547,-0.174980774522,0.0520751476288,0.386766344309
-0.0812089294195,0.18365368247,0.930434584618,-0.159098267555,-0.0496339127421,0.18365368247
-0.0856519639492,-0.0683926269412,0.934577405453,0.0453661568463,-0.0188909117132,-0.0683926269412
-0.0982405915856,-0.293496459723,0.964308440685,0.11744825542,0.0757931992412,-0.293496459723
-0.0829367786646,-0.392456650734,0.987215936184,0.0698007643223,0.0974789187312,-0.392456650734
-0.0560316927731,-0.336257040501,0.999888181686,0.304678469896,-0.093416467309,-0.336257040501
-0.0323354713619,-0.298994243145,1.04692161083,0.584149301052,0.357402086258,-0.298994243145
-0.0219683721662,-0.524403572083,1.02279567719,0.780847907066,0.293261229992,-0.524403572083
0.0036366886925,-0.6740655303,1.07543420792,0.568266808987,0.114583142102,-0.6740655303
-0.0402342118323,-0.860684871674,0.98965293169,0.888971090317,0.0987006500363,-0.860684871674
-0.0461582653224,-0.953536391258,1.00695538521,1.16935825348,-0.733297765255,-0.953536391258
0.0419431440532,-1.03966844082,1.08835017681,0.92379039526,-0.439166218042,-1.03966844082
0.000727337726858,-0.879927158356,1.01402258873,0.400584310293,-0.215894952416,-0.879927158356
-0.0441835820675,-0.618476808071,1.07494676113,0.272302597761,-0.0115605285391,-0.618476808071
-0.0780000686646,-0.385431677103,0.999888181686,0.100344024599,0.084345318377,-0.385431677103
-0.152544438839,-0.230882778764,0.911426246166,-0.100630640984,0.187276095152,-0.230882778764
-0.190557122231,-0.151164859533,0.857325553894,-0.314738899469,0.0293674431741,-0.151164859533
-0.17821533978,-0.0292972493917,0.899972498417,-0.474785596132,-0.0540156625211,-0.0292972493917
-0.149335563183,0.121281035244,0.968207597733,-0.402703493834,-0.0811991617084,0.121281035244
-0.0826899409294,0.251395314932,1.02961921692,-0.393235087395,0.0699899792671,0.251395314932
-0.0720760077238,0.214132547379,1.03010654449,-0.438439100981,0.21079441905,0.214132547379
-0.0641772672534,0.29904282093,1.01036715508,-0.421334892511,0.0754877701402,0.29904282093
-0.0656582787633,0.3402762115,0.985266327858,-0.374298244715,0.0892322361469,0.3402762115
-0.0696076527238,0.315230756998,0.983073055744,-0.307103067636,0.0330326370895,0.315230756998
-0.054303843528,0.302402585745,0.961384057999,-0.226468876004,0.0171501375735,0.302402585745
-0.0407278798521,0.368681460619,0.963577330112,-0.196841910481,-0.0552373938262,0.368681460619
-0.0913291871548,0.444734185934,0.966989099979,-0.13361735642,-0.192682087421,0.444734185934
-0.0681266337633,0.409914851189,0.948955535889,-0.15530307591,-0.138620510697,0.409914851189
-0.0681266337633,0.442290723324,0.987459659576,-0.156524807215,-0.130068391562,0.442290723324
-0.072322845459,0.396170407534,0.988921821117,-0.0987980440259,-0.0118659604341,0.396170407534
-0.0424557328224,0.36165651679,0.988921821117,-0.180348560214,-0.111742429435,0.36165651679
-0.0631899237633,0.37876072526,0.965770602226,-0.180043116212,-0.0674546957016,0.37876072526
-0.0767658874393,0.440763562918,0.975518465042,-0.142780348659,-0.151143237948,0.440763562918
-0.055044349283,0.39525410533,0.980879843235,-0.21577873826,-0.050350472331,0.39525410533
-0.0752848684788,0.354020684958,0.983316779137,-0.133311927319,-0.0604297481477,0.354020684958
-0.0661519542336,0.372346639633,0.977955460548,-0.0658113211393,-0.122738003731,0.372346639633
-0.0856519639492,0.355242431164,0.964308440685,-0.0291594006121,-0.0164474509656,0.355242431164
-0.0738038569689,0.304235190153,0.958947122097,-0.0667276158929,-0.00117581896484,0.304235190153
-0.0910823568702,0.246202975512,0.951636195183,0.00535448361188,-0.0811991617084,0.246202975512
-0.0839241147041,0.0910432040691,0.94261944294,0.0438389964402,-0.146256327629,0.0910432040691
-0.0535633340478,0.0696933120489,0.964795827866,-0.000140895135701,-0.0639186128974,0.0696933120489
-0.0651646107435,0.0852899104357,0.956510126591,0.072296500206,-0.0485446900129,0.0852899104357
-0.0565253607929,0.130882814527,0.948955535889,0.022055644542,-0.162011951208,0.130882814527
-0.0288797691464,0.0670474022627,0.964308440685,-0.00421156128868,-0.123832866549,0.0670474022627
0.000242445923504,0.0359157770872,0.985753715038,0.0196272227913,-0.081400834024,0.0359157770872
-0.018512673676,-0.0362781397998,0.960165560246,0.0282242652029,-0.151784047484,-0.0362781397998
-0.0523291565478,-0.0680034607649,0.966014266014,0.0954211875796,-0.0329392589629,-0.0680034607649
-0.0340633168817,-0.175594568253,0.983316779137,0.155101627111,0.034986615181,-0.175594568253
-0.0113544398919,-0.245844066143,0.952854692936,0.141051724553,0.137917414308,-0.245844066143
-0.0360380038619,-0.160933792591,0.976249575615,0.181063398719,0.0389572419226,-0.160933792591
-0.0155506459996,-0.339917302132,0.987947046757,0.292851746082,-0.0102174105123,-0.339917302132
-0.0362848415971,-0.70674186945,1.03912341595,0.557356357574,-0.165377184749,-0.70674186945
0.0067884856835,-0.778518557549,1.05520737171,0.493826389313,-0.223409384489,-0.778518557549
0.0606114789844,-0.766912102699,1.02401411533,0.598895192146,-0.0444258637726,-0.766912102699
0.0453373864293,-0.789819538593,1.04838383198,0.656621932983,-0.0658061504364,-0.789819538593
-0.0397405400872,-0.892139494419,1.06958544254,0.732369244099,0.010552007705,-0.892139494419
-0.0,-0.781267464161,1.09809792042,0.765966832638,0.0481202192605,-0.781267464161
0.00484891841188,-0.665813922882,1.12758541107,0.639517724514,0.0588103607297,-0.665813922882
-0.00543038407341,-0.617860972881,1.0834761858,0.397920548916,0.111344769597,-0.617860972881
-0.0471456088126,-0.64107388258,1.02864444256,0.575071454048,0.359661519527,-0.64107388258
-0.0831836089492,-0.382372438908,0.995989024639,0.518871843815,0.222216814756,-0.382372438908
-0.130576059222,-0.0931277573109,0.899485111237,0.177398204803,0.173958465457,-0.0931277573109
-0.162171021104,0.000945496896747,0.866098642349,-0.00647223461419,0.282692492008,0.000945496896747
-0.181424200535,0.0646909922361,0.835149049759,-0.0596113651991,0.0729931369424,0.0646909922361
-0.122924149036,0.186558619142,0.87901455164,-0.292045593262,-0.0470418855548,0.186558619142
-0.0770127251744,0.378370314837,0.968207597733,-0.448121666908,0.023207616061,0.378370314837
-0.0794810801744,0.527116000652,0.991115033627,-0.32075625658,0.108423322439,0.527116000652
-0.0992279276252,0.438845962286,0.87535905838,-0.374206960201,0.0913190916181,0.438845962286
-0.0777532234788,0.543303906918,0.947980761528,-0.460338979959,-0.035740878433,0.543303906918
-0.0844177901745,0.637377142906,0.928972363472,-0.464309602976,-0.10873927176,0.637377142906
-0.0614620745182,0.585759043694,1.00013196468,-0.46553131938,-0.298107504845,0.585759043694
-0.00592405535281,0.640126049519,1.02961921692,-0.481413811445,-0.109961003065,0.640126049519
-0.0125886183232,0.586369931698,1.01962757111,-0.455146610737,-0.148445516825,0.586369931698
0.0295784026384,0.554604947567,1.03010654449,-0.370236337185,-0.168604075909,0.554604947567
-0.0120949465781,0.540249586105,1.00524950027,-0.302124887705,-0.157913938165,0.540249586105
-0.0301139485091,0.454728454351,1.00256884098,-0.268527299166,-0.204950556159,0.454728454351
-0.0407278798521,0.39150390029,0.993795692921,-0.209273353219,-0.0809449031949,0.39150390029
-0.053069666028,0.378064870834,0.993552088737,-0.0794644877315,-0.05192880705,0.378064870834
-0.0451709255576,0.286435067654,1.01109814644,0.0133870299906,-0.033297419548,0.286435067654
-0.0513418130577,0.101441457868,1.01938390732,0.0954440459609,0.0786732435226,0.101441457868
-0.0510949790478,0.00642360746861,0.999157071114,0.163327753544,0.102389000356,0.00642360746861
-0.0476392805576,-0.0561900772154,0.97990500927,0.174323320389,0.099945537746,-0.0561900772154
-0.0350506640971,-0.202492311597,0.963089942932,0.161189734936,0.0865065008402,-0.202492311597
-0.0580063797534,-0.22998124361,0.922148883343,0.18409717083,0.0397753119469,-0.22998124361
-0.0863924771547,-0.274879842997,0.898266553879,0.117207422853,-0.141346231103,-0.274879842997
-0.0836772844195,-0.224178016186,0.918493449688,0.0487905144691,-0.113857299089,-0.224178016186
-0.0757785439491,-0.227843210101,0.953829467297,-0.0177937969565,-0.156617864966,-0.227843210101
-0.0513418130577,-0.248918056488,0.958459734917,-0.0300111006945,-0.13096152246,-0.248918056488
-0.0256709065288,-0.269076615572,1.0096360445,-0.0376469157636,-0.151730939746,-0.269076615572
-0.0012341781985,-0.267854899168,1.04058551788,-0.0168774984777,-0.110497534275,-0.267854899168
-0.0130822891369,-0.256248444319,1.03108143806,0.0164146572351,-0.285815834999,-0.256248444319
-0.00740506965667,-0.241893112659,1.00841748714,-0.00863081775606,-0.299254894257,-0.241893112659
-0.0444304160774,-0.215320467949,1.04789638519,0.0179418195039,-0.422038793564,-0.215320467949
-0.0417152233422,-0.195161923766,1.10857701302,-0.0895704627037,-0.635230779648,-0.195161923766
0.0385489016771,-0.15270678699,1.23456823826,-0.0895704627037,-0.627594947815,-0.15270678699
0.0610963702202,-0.0183164346963,1.37786197662,-0.0113797113299,-0.384776026011,-0.0183164346963
-0.00493671279401,0.146006315947,1.43537449837,0.489224374294,0.0648207888007,0.146006315947
0.0116374036297,-0.237617060542,1.41271054745,0.675538241863,0.546488046646,-0.237617060542
-0.109101355076,-0.623378455639,1.28598833084,0.612924575806,1.2117203474,-0.623378455639
-0.0817025974393,-0.774567604065,1.19825732708,0.267174839973,1.59259474277,-0.774567604065
-0.127614036202,-0.449587285519,1.09785437584,0.212196975946,1.91726970673,-0.449587285519
-0.25004452467,-0.160037174821,1.0427788496,0.44004970789,1.61916744709,-0.160037174821
-0.143164679408,-0.00762629322708,0.90947663784,0.269923746586,1.54525268078,-0.00762629322708
-0.0387531965971,-0.316113233566,0.815165936947,0.118429154158,1.91971313953,-0.316113233566
-0.0970064103603,-0.5894754529,0.695267140865,0.0503176786005,1.62344348431,-0.5894754529
-0.017278496176,-0.19119130075,0.568057358265,0.0775011852384,1.24012553692,-0.19119130075
-0.0202405229211,-0.234868168831,0.480570197105,0.0234396066517,1.2111093998,-0.234868168831
-0.176981151104,-0.209822684526,0.487637400627,0.0194689836353,0.900789916515,-0.209822684526
-0.30928504467,-0.11880376935,0.389671266079,0.0469579175115,0.531827270985,-0.11880376935
-0.439614295959,0.0226115360856,0.296091675758,0.0426818616688,0.194629654288,0.0226115360856
-0.400120586157,-0.0577302351594,0.334595769644,0.013412986882,-0.329912275076,-0.0577302351594
-0.411475032568,-0.0430694706738,0.438898026943,-0.0751624777913,-0.640231788158,-0.0430694706738
-0.429247200489,-0.0287141390145,0.625082433224,-0.111814394593,-0.885494232178,-0.0287141390145
-0.341867387295,0.0662754029036,0.72840988636,0.0289900526404,-0.890686571598,0.0662754029036
-0.280898958445,0.227849259973,0.726704001427,0.0500649027526,-1.03118550777,0.227849259973
-0.259177416563,0.200054898858,0.804686963558,-0.178398698568,-0.956660032272,0.200054898858
-0.205120414495,0.1017055884,0.832712113857,-0.136859863997,-0.80669260025,0.1017055884
-0.249303996563,0.0216822437942,0.810779392719,-0.291408747435,-1.32928776741,0.0216822437942
-0.188088774681,-0.069642111659,0.89607334137,-0.442597895861,-0.902903854847,-0.069642111659
-0.277936935425,-0.313682764769,0.924585878849,-0.300571739674,-1.34791922569,-0.313682764769
-0.236221715808,-0.257483154535,0.93896394968,-0.296601116657,-1.57088506222,-0.257483154535
-0.182905212045,-0.259315758944,1.09054338932,-0.484136730433,-1.50368988514,-0.259315758944
-0.0878734886646,-0.529623627663,1.2513833046,-0.359214812517,-1.38976347446,-0.529623627663
-0.0392468683422,-0.286193817854,1.37250065804,-0.283772945404,-1.23429822922,-0.286193817854
0.0322453044355,-0.06994754076,1.37664353848,-0.243455857038,-0.496678471565,-0.06994754076
-0.0264114160091,-0.0925495550036,1.31206393242,0.0439562499523,-0.277377843857,-0.0925495550036
-0.0705949962139,-0.0226054862142,1.19582045078,0.0964906588197,-0.239504188299,-0.0226054862142
-0.0328291393816,0.0587922185659,1.09907281399,0.0636761263013,-0.0645144954324,0.0587922185659
-0.0385063625872,0.095662355423,1.08298873901,0.13372553885,-0.147257357836,0.095662355423
-0.0256709065288,0.00189454527572,1.09541726112,0.145331978798,-0.277982503176,0.00189454527572
0.0138194169849,-0.00451953988522,1.23261868954,0.136779859662,-0.232167631388,-0.00451953988522
0.0247294828296,-0.021929198876,1.42733252048,0.0475935414433,-0.328989773989,-0.021929198876
0.0552776679397,-0.0649951994419,1.63106298447,-0.0663328319788,0.306310087442,-0.0649951994419
0.0225474685431,0.188819304109,1.61936557293,0.27361369133,1.22657847404,0.188819304109
-0.0012341781985,0.163162961602,1.44609713554,0.280027776957,1.72962605953,0.163162961602
-0.0150569742545,0.0070868995972,1.2282320261,0.211916297674,2.02528500557,0.0070868995972
-0.0303607862443,0.134757727385,0.985266327858,0.18931427598,2.34018588066,0.134757727385
-0.149829238653,0.355280101299,0.764964401722,0.46695253253,1.9874111414,0.355280101299
-0.218449547887,0.299080491066,0.619964778423,0.583627820015,1.66273629665,0.299080491066
-0.166367217898,0.0617593377829,0.446208924055,0.421137630939,1.5781314373,0.0617593377829
-0.173525452614,0.0443496778607,0.288780748844,0.309349298477,1.16274309158,0.0443496778607
-0.125886186957,0.140255525708,0.16352057457,0.232074841857,0.490180522203,0.140255525708
-0.141930490732,0.292971849442,0.0645796656609,-0.057475283742,-0.21597969532,0.292971849442
-0.121443144977,0.00861406326294,0.147436589003,-0.281051963568,-0.628619194031,0.00861406326294
-0.303114175797,-0.117224179208,0.555385112762,-0.303043097258,-1.02323818207,-0.117224179208
-0.350753456354,0.171715080738,0.686006605625,-0.247454375029,-1.7553601265,0.171715080738
-0.247082486749,0.11673720926,0.90435898304,-0.249286964536,-1.59378635883,0.11673720926
-0.179696366191,-0.274216532707,1.08469462395,0.033849067986,-1.52781283855,-0.274216532707
-0.162911519408,-0.0851537510753,1.12587940693,-0.17292881012,-1.43282330036,-0.0851537510753
-0.055538021028,-0.0976764932275,1.13855159283,-0.273721575737,-0.77125620842,-0.0976764932275
-0.108854517341,-0.267191588879,1.17364406586,0.0246860925108,-0.741934657097,-0.267191588879
-0.0693608149886,-0.0240672267973,1.09834170341,-0.063278503716,-0.897705316544,-0.0240672267973
-0.0535633340478,-0.0472801104188,1.08640050888,-0.220270872116,-0.467350751162,-0.0472801104188
-0.0488734617829,-0.262610077858,1.07982075214,0.0372088328004,-0.4285607934,-0.262610077858
-0.0863924771547,-0.165482535958,1.01158559322,-0.0107440920547,-0.788360416889,-0.165482535958
-0.0202405229211,-0.22168213129,1.06178712845,-0.330532044172,-0.58036082983,-0.22168213129
0.0370942242444,-0.302621752024,1.12514829636,-0.0919891670346,-0.337847322226,-0.302621752024
-0.00715823378414,-0.0964547619224,1.16024076939,-0.15124309063,-0.508889555931,-0.0964547619224
0.0358819961548,0.0299943480641,1.22019004822,-0.141774684191,-0.460631221533,0.0299943480641
0.0477618463337,0.0516800619662,1.2869631052,0.0582836791873,-0.286534637213,0.0516800619662
0.0378215610981,0.129489898682,1.29208064079,0.113159790635,0.000862715183757,0.129489898682
0.0186683349311,0.120632357895,1.30304706097,0.0652068704367,0.302324712276,0.120632357895
0.0191532280296,0.128573596478,1.33667719364,0.0520732700825,0.595845520496,0.128573596478
-0.0296202786267,0.133460521698,1.31011426449,0.0383288003504,0.63585716486,0.133460521698
-0.0335696488619,-0.0913378819823,1.26722371578,-0.0945343896747,0.742758572102,-0.0913378819823
0.0143043091521,-0.0571294240654,1.26356816292,-0.052079256624,1.30872523785,-0.0571294240654
0.0196381174028,-0.00856563821435,1.175106287,0.371861219406,2.08696746826,-0.00856563821435
-0.116506427526,0.0396927185357,1.07153511047,0.300390005112,2.07291769981,0.0396927185357
-0.055538021028,0.124908424914,0.877796053886,0.410345733166,2.17157244682,0.124908424914
-0.136500105262,0.11208024621,0.650670588017,0.397517561913,1.91561985016,0.11208024621
-0.19154445827,0.100779242814,0.412578761578,0.533435106277,1.6611944437,0.100779242814
-0.253747045994,0.0968086197972,0.170100405812,0.255491405725,1.02925443649,0.0968086197972
-0.245848298073,0.00178849790245,0.185940697789,0.036783721298,0.0308781471103,0.00178849790245
-0.195987507701,0.0674565136433,0.143050044775,-0.0560677945614,-0.536310255527,0.0674565136433
-0.136500105262,-0.0131777003407,0.290242940187,-0.280866205692,-0.942535638809,-0.0131777003407
-0.131810232997,0.00423195865005,0.534914553165,-0.238411068916,-1.60165917873,0.00423195865005
-0.165873557329,0.171914473176,0.644578158855,-0.279033631086,-1.90953528881,0.171914473176
-0.107620336115,0.0585989691317,0.922392606735,-0.425335854292,-1.95229589939,0.0585989691317
-0.196234330535,-0.126187771559,1.01256036758,-0.299803048372,-2.26994585991,-0.126187771559
-0.0987342596054,-0.183303669095,1.24480342865,-0.784219145775,-1.89456915855,-0.183303669095
0.00509136402979,-0.0125668346882,1.51311373711,-0.610122561455,-1.65052843094,-0.0125668346882
0.0407309122384,-0.0803728699684,1.67785286903,-0.401817530394,-1.13007128239,-0.0803728699684
-0.0222152080387,-0.0406666360795,1.55624818802,-0.0282734259963,-0.307235777378,-0.0406666360795
-0.020981028676,0.11479857564,1.32083690166,0.0877909660339,0.294466495514,0.11479857564
-0.0676329657435,0.0915856957436,1.12198030949,0.150710090995,0.378460466862,0.0915856957436
-0.0817025974393,-0.027838466689,0.968938648701,0.106422357261,0.386401712894,-0.027838466689
-0.00592405535281,-0.12649320066,0.873165786266,0.0477792955935,0.366854041815,-0.12649320066
-0.0140696316957,-0.201935052872,0.86293053627,-0.0291897244751,0.113650389016,-0.201935052872
-0.0671392977238,-0.326246142387,0.910695135593,-0.115932591259,-0.0137150175869,-0.326246142387
-0.182905212045,-0.407491207123,1.02840077877,-0.078058950603,-0.101068742573,-0.407491207123
-0.264114141464,-0.468883156776,1.10175347328,-0.000173626467586,0.116399280727,-0.468883156776
-0.27719643712,-0.69337618351,1.1263667345,0.169036045671,0.426718831062,-0.69337618351
-0.266335636377,-0.661611199379,1.11442565918,0.228595405817,0.422137349844,-0.661611199379
-0.278430610895,-0.550128281116,1.04107284546,0.182475090027,0.523846387863,-0.550128281116
-0.175253301859,-0.465217977762,0.992089867592,0.235925793648,0.451458871365,-0.465217977762
-0.139215305448,-0.498510122299,0.888762414455,0.0783225521445,0.429162293673,-0.498510122299
-0.141930490732,-0.39191415906,0.884863257408,0.00349156465381,0.368381202221,-0.39191415906
-0.115765921772,-0.615185439587,0.886081695557,0.149182930589,0.112428657711,-0.615185439587
-0.0668924599886,-0.626791894436,0.878039717674,0.0160143040121,0.146942541003,-0.626791894436
-0.0678798034787,-0.414516150951,0.84538435936,0.125359192491,0.357996493578,-0.414516150951
-0.172784954309,-0.398939102888,0.766182899475,0.28754389286,-0.518900573254,-0.398939102888
0.159771859646,-0.788976609707,0.928728640079,0.275326579809,0.0241586286575,-0.788976609707
0.216989085078,-0.730028092861,0.966745376587,0.487602263689,-0.297461926937,-0.730028092861
0.298935830593,-0.436812758446,1.00549328327,0.665058672428,-0.412915438414,-0.436812758446
0.473981767893,-0.384889185429,1.0654425621,0.356571674347,-0.292575001717,-0.384889185429
0.512288212776,-0.140883728862,1.12807273865,0.0652945414186,-0.0762470662594,-0.140883728862
0.493619889021,0.00419676676393,1.01109814644,0.26382574439,0.101820155978,0.00419676676393
0.311785459518,-0.0602495148778,0.92141777277,0.415625780821,0.0804398730397,-0.0602495148778
0.245597720146,-0.0309279859066,0.904115319252,0.295590758324,-0.0169931389391,-0.0309279859066
0.197108522058,0.182263985276,0.85098940134,0.0894237160683,0.054478097707,0.182263985276
0.105221524835,0.328260779381,0.845140695572,-0.241665259004,0.0443988218904,0.328260779381
0.0564898960292,0.221970230341,0.870485126972,-0.523884952068,0.01446642261,0.221970230341
0.0300632938743,0.0313802696764,0.915325343609,-0.402322798967,-0.0994599461555,0.0313802696764
-0.0424557328224,-0.0807135030627,0.966014266014,-0.314663648605,-0.0502852909267,-0.0807135030627
-0.0461582653224,0.363080114126,0.953829467297,-0.236778333783,-0.13672272861,0.363080114126
0.00412158062682,0.311767429113,0.982342004776,-0.301835477352,-0.0371516905725,0.311767429113
0.00824316125363,0.29649579525,1.08761906624,-0.510751366615,-0.0408168807626,0.29649579525
-0.0259177424014,0.662404060364,1.07689642906,-0.363227427006,-0.168793156743,0.662404060364
-0.143164679408,0.731126368046,0.994039416313,-0.217536076903,-0.239042654634,0.731126368046
-0.310519248247,0.90064150095,1.04935860634,-0.175997242332,-0.300434589386,0.90064150095
-0.506506800652,1.07748699188,1.10687112808,-0.320466846228,-0.570742487907,1.07748699188
-0.616842269897,1.18316662312,1.13245928288,0.0167307518423,-0.167265996337,1.18316662312
-0.558342218399,1.30014741421,1.10760211945,0.0610184818506,0.322953373194,1.30014741421
-0.556614398956,0.772970676422,1.11710631847,0.146234184504,0.853184401989,0.772970676422
-0.554639697075,0.412254750729,1.03887963295,0.0335295498371,0.823252022266,0.412254750729
-0.538842201233,0.825810492039,0.970644593239,-0.0492426976562,0.655264079571,0.825810492039
-0.398639559746,0.673705041409,1.00013196468,0.111414864659,0.836385607719,0.673705041409
-0.348038285971,0.515185534954,0.889249801636,0.22503580153,0.205972671509,0.515185534954
-0.229310318828,0.807789981365,0.773737490177,-0.0413014441729,0.348915159702,0.807789981365
-0.170563444495,0.695390760899,0.859031379223,-0.113688975573,0.248122379184,0.695390760899
-0.25646224618,0.692031025887,0.743275403976,-0.196461230516,-0.497744083405,0.692031025887
-0.127614036202,0.716771066189,0.741813182831,-0.204402476549,-0.273861974478,0.716771066189
-0.0708418339491,0.433024168015,0.689905822277,-0.373001277447,-0.384123146534,0.433024168015
-0.0143164675683,0.431191563606,0.687712490559,-0.0975010469556,-0.879840314388,0.431191563606
0.310573220253,-0.512900710106,1.03229987621,0.19876858592,-0.738119542599,-0.512900710106
0.372396916151,-0.388589590788,1.01816534996,0.776036262512,-0.746671676636,-0.388589590788
0.469617754221,0.219832196832,1.10321569443,0.248859539628,-0.624498605728,0.219832196832
0.57023280859,0.161799997091,1.23481202126,-0.265183538198,-0.117175035179,0.161799997091
0.463556587696,0.203338831663,1.19143390656,-0.119186766446,-0.0160768404603,0.203338831663
0.304996967316,0.374075680971,0.996720075607,-0.100249938667,0.0874648168683,0.374075680971
0.200745224953,0.120261162519,1.05910646915,-0.11552157253,0.0621139109135,0.120261162519
0.30960342288,0.109876453876,1.11345088482,0.170363351703,0.0767746791244,0.109876453876
0.241233691573,0.243045076728,1.0654425621,0.139209225774,0.201391175389,0.243045076728
0.22038333118,0.304131597281,0.995745360851,-0.0345819294453,0.419470101595,0.304131597281
0.17577329278,0.291303426027,0.886812806129,0.22259233892,0.470477342606,0.291303426027
0.0770978033543,0.0368780568242,0.85050201416,0.130351677537,0.132363408804,0.0368780568242
0.141830861568,0.158885613084,0.800787866116,-0.263911902905,0.351302832365,0.158885613084
-0.141683667898,0.0394614525139,0.796401321888,-0.0189549550414,0.260283917189,0.0394614525139
-0.364823102951,-0.426934152842,0.79152739048,0.355505436659,-0.324008703232,-0.426934152842
-0.470468729734,-0.375926911831,0.766182899475,0.0442695990205,-0.766275107861,-0.375926911831
-0.282379984856,-0.492296725512,0.898510277271,0.0595412328839,-0.485277116299,-0.492296725512
-0.186360925436,-0.620272994041,1.10760211945,0.335652321577,-0.72320908308,-0.620272994041
-0.0663987919688,-0.867367982864,1.18899691105,0.389713913202,-0.830721378326,-0.867367982864
0.0664301812649,-1.06986987591,1.21604728699,0.175300180912,-0.218939870596,-1.06986987591
0.149104237556,-0.389365941286,1.14732480049,0.52013361454,0.0901579484344,-0.389365941286
0.0484891831875,-0.28154823184,1.0223082304,0.821595609188,-0.402810305357,-0.28154823184
-0.103177301586,-0.70365613699,0.953098356724,0.499058753252,-0.867067873478,-0.70365613699
0.0889776498079,-0.508790075779,0.879989326,0.485619753599,-0.538116931915,-0.508790075779
-0.0012341781985,-0.620272994041,0.847333908081,0.389103025198,-0.836830019951,-0.620272994041
-0.0145633034408,-0.759855747223,0.976980626583,0.179576247931,-1.17891454697,-0.759855747223
-0.0572658702731,-0.849347472191,1.06276190281,-0.00368332350627,-0.884782969952,-0.849347472191
-0.0955253913999,-0.756190538406,1.02791333199,-0.164951756597,-0.719849348068,-0.756190538406
-0.119962126017,-0.564684271812,1.02961921692,-0.229092612863,-0.452290415764,-0.564684271812
-0.069113984704,-0.22595949471,1.07957708836,-0.246807694435,-0.273917764425,-0.22595949471
-0.126133009791,-0.0943180397153,1.05106449127,-0.171976700425,0.13994346559,-0.0943180397153
-0.148841887712,0.170492053032,1.0605686903,0.16002856195,0.750197887421,0.170492053032
-0.150322914124,0.190956041217,1.06617367268,-0.0207875501364,1.03119587898,0.190956041217
-0.140696331859,-0.0112403649837,0.999157071114,-0.348211318254,1.32960355282,-0.0112403649837
-0.148348227143,-0.248866945505,0.972350418568,-0.572704315186,0.997598290443,-0.248866945505
-0.102189958096,-0.3444673419,0.856350719929,-0.674107968807,0.831748366356,-0.3444673419
-0.193765997887,-0.174035951495,0.951879858971,-0.215958997607,0.928265094757,-0.174035951495
-0.19697484374,-0.927232801914,0.975518465042,-0.174420163035,0.82747232914,-0.927232801914
-0.0362848415971,-0.386617064476,0.968207597733,-0.64417552948,0.458509683609,-0.386617064476
-0.0597342252731,-0.510928153992,1.02133345604,-0.422125995159,0.434075057507,-0.510928153992
-0.0863924771547,-0.937006652355,0.980879843235,-0.0940913781524,0.38917645812,-0.937006652355
0.00121222960297,-0.818498790264,0.86341792345,-0.17533646524,-0.259256988764,-0.818498790264
0.302330076694,-0.934257745743,0.89144307375,0.054959744215,0.244095996022,-0.934257745743
0.347424983978,-1.00450730324,1.15073657036,0.0943605527282,-0.40800267458,-1.00450730324
0.556898295879,-1.0671210289,1.13245928288,-0.130437865853,-0.525594174862,-1.0671210289
0.450222045183,-0.862481057644,1.08956861496,0.0155589310452,0.298157542944,-0.862481057644
0.348394781351,-1.06162321568,0.885838091373,-0.0748491212726,0.282885909081,-1.06162321568
0.153953149915,-0.629436016083,0.857325553894,-0.435259610415,-0.280942708254,-0.629436016083
0.0567323416471,-0.484050065279,0.888518750668,-0.353098243475,-0.115703642368,-0.484050065279
-0.0434430725873,-0.119974382222,0.947737038136,-0.135019347072,-0.34997048974,-0.119974382222
-0.0096265906468,0.135367304087,0.939695060253,-0.24558596313,-0.194505259395,0.135367304087
-0.0629430934787,0.293275952339,1.04984605312,-0.297814935446,0.0214356053621,0.293275952339
-0.0520823225379,0.58068805933,0.987459659576,-0.176863625646,-0.264449328184,0.58068805933
-0.0123417824507,0.782884478569,1.01524102688,-0.120664015412,-0.115092776716,0.782884478569
-0.0367785096169,0.938655078411,1.01670324802,0.033274024725,-0.0280444789678,0.938655078411
-0.0639304295182,1.129550457,1.01451003551,0.0659553185105,-0.294076293707,1.129550457
-0.0856519639492,1.28165590763,0.963577330112,0.114824540913,-0.254370063543,1.28165590763
-0.130822896957,1.24866914749,0.918249726295,0.174994751811,-0.187174871564,1.24866914749
-0.209316626191,0.937433362007,0.977711737156,0.173467591405,-0.358217149973,0.937433362007
-0.285095185041,0.74959230423,0.978199124336,0.0949714109302,-0.450457811356,0.74959230423
-0.25991794467,0.315877974033,1.02377045155,-0.051941677928,-0.282164424658,0.315877974033
-0.256215393543,-0.119058080018,1.08493840694,-0.211072087288,0.0528951659799,-0.119058080018
-0.203145742416,-0.248866945505,1.05740058422,-0.0965348407626,0.392230808735,-0.248866945505
-0.162171021104,-0.309037178755,0.975274801254,0.149643853307,0.476224780083,-0.309037178755
-0.118727944791,-0.350270569324,0.999157071114,0.359476059675,0.329617112875,-0.350270569324
-0.0839241147041,-0.181977197528,0.974543690681,0.305719941854,0.143914088607,-0.181977197528
-0.054303843528,-0.449841618538,1.00524950027,0.450189560652,0.160407453775,-0.449841618538
0.0133345257491,-0.676778018475,1.04302251339,0.477678507566,0.0189921446145,-0.676778018475
0.0283661708236,-0.62729793787,0.976005911827,0.250742048025,0.127420723438,-0.62729793787
-0.0150569742545,-0.620272994041,0.941157221794,0.315493762493,-0.0558388493955,-0.620272994041
0.0373366698623,-0.513982474804,0.924585878849,0.114519096911,0.155825957656,-0.513982474804
0.0470345057547,-0.25741904974,0.862199485302,0.0372446477413,0.0953503027558,-0.25741904974
0.0346697680652,-0.0932915583253,0.905090093613,-0.102033488452,-0.034306820482,-0.0932915583253
0.118798494339,-0.380398243666,0.968938648701,-0.0183449517936,-0.165948286653,-0.380398243666
0.0928567871451,-0.505625605583,1.0425350666,-0.180224254727,-0.318359136581,-0.505625605583
0.0283661708236,-0.259141474962,1.13538360596,-0.30942222476,-0.541324973106,-0.259141474962
-0.136253267527,-0.419493615627,1.33107221127,-0.178391650319,-0.301254928112,-0.419493615627
-0.144398853183,-0.454007506371,1.38054263592,-0.0620218142867,0.190491586924,-0.454007506371
-0.180436849594,-0.45156404376,1.40954256058,-0.172282993793,0.777533054352,-0.45156404376
-0.25004452467,-0.346189796925,1.36787033081,-0.174421027303,1.21918869019,-0.346189796925
-0.266335636377,-0.472028017044,1.29110586643,0.136814817786,1.3667126894,-0.472028017044
-0.27670276165,-0.609778106213,1.11637532711,-0.102644354105,1.53195166588,-0.609778106213
-0.226841956377,-0.457978129387,1.04814016819,-0.145404934883,1.65198671818,-0.457978129387
-0.195987507701,-0.535557985306,1.09005594254,0.0109765799716,1.53011906147,-0.535557985306
-0.209069788456,-0.575875103474,0.933115243912,-0.0162069238722,1.35205185413,-0.575875103474
-0.232025519013,-0.484550774097,0.846602857113,0.0384655185044,1.32334125042,-0.484550774097
-0.215240672231,-0.491270273924,0.800300478935,0.0781717598438,1.18162047863,-0.491270273924
-0.226348295808,-0.552356779575,0.697216689587,0.215616434813,1.01515972614,-0.552356779575
-0.260164767504,-0.254865437746,0.623620212078,0.287393122911,0.681016385555,-0.254865437746
-0.26979136467,0.126619920135,0.528822124004,0.355199158192,0.391771703959,0.126619920135
-0.215734362602,-0.0939024239779,0.47130972147,0.430335581303,0.115355163813,-0.0939024239779
-0.164145708084,-0.27777287364,0.39088973403,0.33534604311,0.00142879842315,-0.27777287364
-0.237702727318,-0.0352593623102,0.362133532763,0.16919067502,-0.270711660385,-0.0352593623102
-0.127860859036,0.000170821323991,0.406973749399,0.196985036135,-0.542852163315,0.000170821323991
-0.101696290076,0.0633953735232,0.533208727837,0.115434534848,-0.835151195526,0.0633953735232
-0.0510949790478,0.0832484960556,0.719636797905,-0.0452230200171,-0.627762436867,0.0832484960556
-0.0688671469688,0.0823321938515,0.806880235672,-0.0525534041226,-0.691597819328,0.0823321938515
-0.0896013379097,0.348974853754,0.79932564497,0.112380214036,-0.616461396217,0.348974853754
-0.168835580349,0.458625167608,0.854888498783,0.0491556599736,-0.800026416779,0.458625167608
-0.113791234791,0.276892751455,0.840266764164,-0.080653205514,-0.767956018448,0.276892751455
-0.206848263741,0.290942668915,0.895342230797,-0.303924441338,-1.04131817818,0.290942668915
-0.257943242788,0.602483987808,0.914594233036,-0.0873727202415,-1.40111780167,0.602483987808
-0.252759695053,0.787881553173,0.957728624344,-0.0742391198874,-1.41852736473,0.787881553173
-0.178955852985,0.475118547678,0.991602480412,-0.152124449611,-1.40447747707,0.475118547678
-0.233259692788,0.884092867374,1.05764424801,-0.131660461426,-1.50985181332,0.884092867374
-0.169082418084,0.782383799553,1.10443413258,0.00670052319765,-1.46434235573,0.782383799553
-0.0775063931942,0.553309321404,1.18899691105,-0.137769117951,-1.38737332821,0.553309321404
-0.095772229135,0.685256183147,1.25016486645,-0.0397252365947,-1.13142073154,0.685256183147
-0.110829204321,0.787881553173,1.3608032465,0.0903890654445,-1.08102440834,0.787881553173
-0.0617089085281,0.732598245144,1.42635762691,0.196068748832,-0.74932461977,0.732598245144
0.0109100658447,0.754894852638,1.53504645824,0.192098125815,-0.20657081902,0.754894852638
0.0210927948356,0.848662674427,1.5489372015,0.321906983852,0.455607116222,0.848662674427
-0.00987342558801,0.707552790642,1.46778619289,0.392461925745,0.941244959831,0.707552790642
-0.114038072526,0.68250733614,1.33058476448,0.185073167086,1.2705013752,0.68250733614
-0.141189992428,1.05605137348,1.19216501713,0.144756063819,1.4394056797,1.05605137348
-0.201911553741,1.13515841961,1.17145073414,0.176215618849,1.54966676235,1.13515841961
-0.227088809013,0.942430496216,1.10272824764,0.110242180526,1.66450941563,0.942430496216
-0.193765997887,0.782383799553,1.06324934959,0.0131146078929,1.64618349075,0.782383799553
-0.204379916191,0.795211970806,1.05691325665,0.0228884518147,1.53042459488,0.795211970806
-0.172784954309,0.896615564823,0.943837881088,0.124597512186,1.4137493372,0.896615564823
-0.165379881859,0.772915363312,0.877065002918,0.0546534433961,1.26805794239,0.772915363312
-0.211291328073,0.58446341753,0.758871972561,0.130095303059,1.12175571918,0.58446341753
-0.258683770895,0.462595790625,0.681132733822,-0.0262861996889,0.862748801708,0.462595790625
-0.180930525064,0.325456559658,0.624838769436,-0.0168177895248,0.641310155392,0.325456559658
-0.123911499977,0.246960386634,0.64823359251,-0.206796884537,0.566173672676,0.246960386634
-0.209810301661,0.360275864601,0.608267307281,-0.182056844234,0.350843727589,0.360275864601
-0.166120395064,0.352029174566,0.583897650242,0.0173906646669,0.0890879631042,0.352029174566
-0.233012855053,0.324540257454,0.503234028816,-0.0333111509681,0.00448312470689,0.324540257454
-0.218696385622,0.145212516189,0.563183367252,-0.0567752420902,-0.0985948815942,0.145212516189
-0.180930525064,0.143685355783,0.598763167858,-0.0350895263255,-0.246729701757,0.143685355783
-0.136746957898,0.236536860466,0.677964627743,-0.019512463361,-0.270858854055,0.236536860466
-0.233506515622,0.403303056955,0.676258742809,0.0931921750307,-0.408303558826,0.403303056955
-0.219190061092,0.351990371943,0.622889101505,0.0886106789112,-0.516121268272,0.351990371943
-0.18216471374,0.119861602783,0.608023643494,-0.126108452678,-0.548191726208,0.119861602783
-0.170810267329,0.106117136776,0.653838634491,-0.118167206645,-0.977324545383,0.106117136776
-0.156000137329,0.260055154562,0.785434961319,-0.103811860085,-1.14286899567,0.260055154562
-0.296202778816,0.00288091087714,1.00671172142,-0.161233201623,-1.41256594658,0.00288091087714
-0.18512673676,-0.128760546446,1.13002228737,0.0864726603031,-1.04268705845,-0.128760546446
-0.0446772500873,0.137882128358,1.0681232214,-0.0625784620643,-0.967856168747,0.137882128358
-0.34112688899,-0.0172776430845,1.1824170351,-0.0185961648822,-1.24641060829,-0.0172776430845
-0.131563410163,-0.525517523289,1.08128297329,0.170466631651,-0.720761179924,-0.525517523289
-0.111322872341,-0.478175491095,1.08932495117,0.129538655281,-0.819415867329,-0.478175491095
-0.0871329829097,-0.549952149391,0.986728549004,0.100217118859,-0.732978463173,-0.549952149391
-0.140449479222,-0.878903090954,0.918493449688,0.416950762272,-0.76871407032,-0.878903090954
-0.0836772844195,-0.669070899487,0.914350628853,0.339065432549,-0.782763957977,-0.669070899487
-0.0930570363998,-0.736876904964,0.972837805748,0.165274277329,-0.971826791763,-0.736876904964
-0.0503544732928,-0.939684152603,0.963577330112,0.195512101054,-0.883251309395,-0.939684152603
-0.0244367308915,-0.756424605846,1.02766954899,0.159165620804,-0.915016293526,-0.756424605846
0.0143043091521,-0.977252364159,0.981123507023,0.0770042389631,-1.05551528931,-0.977252364159
0.0943114608526,-0.808348178864,1.20508086681,0.184516534209,-0.888138234615,-0.808348178864
-0.00493671279401,-0.615925610065,1.14805579185,0.0220263730735,-1.05734789371,-0.615925610065
0.0751582384109,-0.50810790062,1.21702206135,0.0128633957356,-0.641654074192,-0.50810790062
0.0467920601368,-0.427779108286,1.33765208721,-0.0463905334473,-0.497184425592,-0.427779108286
0.0887352079153,-0.228942453861,1.35227382183,-0.0699088424444,-0.395169943571,-0.228942453861
0.0994028225541,-0.132731169462,1.43708026409,-0.164898380637,-0.124251231551,-0.132731169462
0.0880078673363,-0.189236208797,1.42416441441,-0.302037626505,0.135671943426,-0.189236208797
0.0133345257491,-0.0982172861695,1.26356816292,-0.180170014501,0.397427707911,-0.0982172861695
0.042670480907,-0.206645861268,1.27867734432,-0.210102409124,0.572440564632,-0.206645861268
0.000969783694018,-0.345006853342,1.25479507446,-0.294401824474,0.630472779274,-0.345006853342
0.0303057394922,-0.369136035442,1.19460189342,-0.308451712132,1.0006570816,-0.369136035442
0.0989179313183,-0.270481288433,1.12466096878,-0.580897629261,1.1182487011,-0.270481288433
0.0819467157125,0.0569424852729,1.02206456661,-0.617854952812,0.975306212902,0.0569424852729
0.0521258711815,-0.19992634654,1.02474522591,-0.324639648199,1.28012800217,-0.19992634654
0.0196381174028,0.0352567695081,0.97308152914,-0.33685696125,1.43773126602,0.0352567695081
-0.0390000343323,-0.0389633588493,0.935064792633,-0.156346276402,1.34151995182,-0.0389633588493
-0.109101355076,-0.205729573965,0.878527104855,0.0870835185051,1.49240374565,-0.205729573965
-0.121443144977,-0.217336013913,0.810292005539,-0.108393356204,1.30242455006,-0.217336013913
-0.101696290076,-0.212143659592,0.662611722946,-0.0790718197823,1.02936780453,-0.212143659592
-0.0668924599886,-0.369746893644,0.576099336147,-0.00668429303914,0.724240601063,-0.369746893644
-0.0246835649014,-0.309576690197,0.540763318539,-0.0512774549425,0.340311795473,-0.309576690197
-0.0222152080387,-0.471150547266,0.488124787807,-0.33471891284,0.0880244448781,-0.471150547266
0.000242445923504,-0.439996421337,0.521267533302,-0.44314751029,-0.414106756449,-0.439996421337
-0.0661519542336,-0.227415293455,0.538813710213,-0.436427980661,-0.987098395824,-0.227415293455
-0.0414683893323,-0.443050742149,0.667973041534,-0.621214747429,-1.03260779381,-0.443050742149
-0.141436815262,-0.541400015354,0.807611346245,-0.416269421577,-1.14928305149,-0.541400015354
-0.17673432827,-0.231080472469,0.849527180195,-0.0250102505088,-1.21678364277,-0.231080472469
-0.154272288084,0.0825988277793,0.939938724041,0.123735442758,-1.37683033943,0.0825988277793
-0.0328291393816,0.353517532349,0.936770737171,0.108769237995,-0.876837193966,0.353517532349
-0.16834191978,0.68430107832,1.0020813942,0.274008303881,-1.14317440987,0.68430107832
-0.0659051164985,0.855037927628,1.07324099541,0.477426409721,-1.28367340565,0.855037927628
0.126799210906,0.538304269314,1.08250141144,0.556533455849,-0.456867337227,0.538304269314
0.0482467375696,0.73225402832,1.07250976562,0.496668696404,-0.998399436474,0.73225402832
0.107645988464,0.596641898155,1.13221549988,0.432527810335,-1.0060352087,0.596641898155
0.1476495713,0.429264843464,1.20264387131,0.255376905203,-0.654482245445,0.429264843464
0.096978366375,0.332442700863,1.24212276936,0.248046517372,-0.520091891289,0.332442700863
0.108858212829,0.214851155877,1.25942528248,0.0730336159468,-0.371346205473,0.214851155877
0.089704990387,-0.00658750068396,1.33862674236,0.0311893522739,-0.220462501049,-0.00658750068396
0.0829165056348,-0.0655622184277,1.383710742,0.100081667304,0.132674068213,-0.0655622184277
0.0775826945901,-0.0900140106678,1.3198621273,0.0299801453948,0.145461782813,-0.0900140106678
0.130678340793,-0.23753798008,1.2513833046,-0.156639188528,0.563599050045,-0.23753798008
0.166560336947,-0.32458627224,1.15512299538,-0.0918874740601,1.01258504391,-0.32458627224
0.17334882915,-0.522812068462,0.936283290386,-0.0112532582134,0.758159637451,-0.522812068462
0.165590554476,-0.889331221581,0.905333817005,-0.0421019531786,0.419740259647,-0.889331221581
0.160499185324,-0.964773058891,0.860737264156,-0.00300657749176,0.598112940788,-0.964773058891
0.0737035572529,-1.12665224075,0.779342532158,0.388558059931,0.311922550201,-1.12665224075
-0.0311012919992,-1.05487561226,0.847577631474,0.239506930113,-0.242132216692,-1.05487561226
0.103039510548,-0.854817330837,0.914350628853,0.085568882525,-0.349033653736,-0.854817330837
0.234687641263,-0.75982773304,1.1344088316,0.228511348367,-0.130649298429,-0.75982773304
0.239536568522,-0.656591534615,1.34618139267,0.223624438047,0.0373386368155,-0.656591534615
0.213837295771,-0.379258722067,1.33058476448,0.13260550797,0.459141075611,-0.379258722067
0.170681923628,-0.267470359802,1.22482037544,0.0870960429311,0.937143146992,-0.267470359802
0.154922932386,-0.421408414841,1.09103083611,0.287459850311,1.3024405241,-0.421408414841
0.123889863491,-0.671252310276,0.964064717293,0.27249366045,1.58282768726,-0.671252310276
-0.0019746851176,-0.576873600483,0.786166071892,0.330831289291,1.43499827385,-0.576873600483
-0.0718291699886,-0.41377261281,0.648720979691,0.219042941928,1.41178548336,-0.41377261281
-0.157481148839,-0.0194590780884,0.582191765308,0.341826856136,1.09627354145,-0.0194590780884
-0.273987561464,-0.174313426018,0.59340184927,0.489045411348,0.541913330555,-0.174313426018
-0.277936935425,-0.239675998688,0.597788333893,0.495459467173,0.370565623045,-0.239675998688
-0.315949618816,-0.231734752655,0.667241990566,0.635653018951,-0.00542193138972,-0.231734752655
-0.313974946737,-0.43820720911,0.747905611992,0.755993485451,-0.218308463693,-0.43820720911
-0.223139420152,-0.238454267383,0.79152739048,0.771875977516,-0.186848908663,-0.238454267383
-0.257943242788,-0.0979552567005,0.891199409962,0.362596273422,-0.3887398839,-0.0979552567005
-0.308050900698,-0.13643977046,0.816628158092,0.27279907465,-0.183489143848,-0.13643977046
-0.337177485228,0.00619726348668,0.846846520901,0.216904908419,-0.308716535568,0.00619726348668
-0.433937042952,0.0828608497977,0.871216237545,0.225457027555,-0.113850511611,0.0828608497977
-0.415424376726,0.144252806902,0.914350628853,0.128940314054,-0.215559571981,0.144252806902
-0.427766174078,0.139976739883,0.921661496162,0.0150139471516,-0.174326166511,0.139976739883
-0.366057276726,0.149084344506,0.901190936565,-0.208350509405,0.000346646964317,0.149084344506
-0.376424372196,0.395568490028,0.86756080389,-0.367480903864,-0.0989189520478,0.395568490028
-0.344335705042,0.368384987116,0.80907356739,-0.392220944166,0.0452452413738,0.368384987116
-0.348038285971,0.274617165327,0.783729076385,-0.492708265781,-0.239112526178,0.274617165327
-0.291019231081,0.507662236691,0.735477089882,-0.634734392166,-0.260798245668,0.507662236691
-0.283367335796,0.364719778299,0.787871897221,-0.637788772583,-0.717725455761,0.364719778299
-0.294968605042,0.130452945828,0.788115620613,-0.69521009922,-0.798970580101,0.130452945828
-0.235234364867,0.443215966225,0.709401547909,-0.733083724976,-0.955657482147,0.443215966225
-0.0888608321548,0.0803619995713,0.844653248787,-0.723004460335,-0.929084837437,0.0803619995713
-0.0940443873405,0.013472257182,0.821014642715,-0.499122351408,-1.10715198517,0.013472257182
-0.0513418130577,0.353724211454,0.764233291149,-0.488432228565,-1.25039994717,0.353724211454
0.111282676458,0.0372960045934,0.818333983421,-0.449336856604,-1.40128362179,0.0372960045934
0.196866095066,-0.017071004957,0.917518615723,-0.460026979446,-1.84507727623,-0.017071004957
0.484891831875,0.322264641523,1.05983769894,-0.683909058571,-1.82950019836,0.322264641523
0.651209771633,0.208643704653,1.35300481319,-0.542493760586,-1.48558306694,0.208643704653
0.732186675072,0.169853761792,1.50092887878,-0.460026979446,-1.1383061409,0.169853761792
0.710124075413,0.0938010364771,1.52261781693,-0.244086131454,-0.536603927612,0.0938010364771
0.60659968853,0.116097614169,1.4419542551,-0.302729189396,-0.0967809259892,0.116097614169
0.554231345654,-0.0115732178092,1.32449233532,-0.336632221937,0.441696792841,-0.0115732178092
0.447555154562,0.206811100245,1.16925752163,-0.520197212696,0.957572460175,0.206811100245
0.270812094212,0.34517210722,1.06446778774,-0.463386744261,1.05225658417,0.34517210722
0.227171823382,0.427028030157,0.927997648716,-0.585559785366,1.21077620983,0.427028030157
0.164863213897,0.336314558983,0.89144307375,-0.438646703959,1.41113996506,0.336314558983
0.0928567871451,0.381518572569,0.832468390465,-0.587697803974,1.24315202236,0.381518572569
0.113707140088,0.174435243011,0.855375945568,-0.617324769497,1.33691978455,0.174435243011
0.0407309122384,0.353113353252,0.794939160347,-0.314946502447,1.45726025105,0.353113353252
-0.0343101546168,0.596543133259,0.788603007793,-0.43437063694,1.04370450974,0.596543133259
-0.153531774879,0.670152366161,0.743031680584,-0.258441448212,0.640533387661,0.670152366161
-0.203639402986,0.648466646671,0.675283968449,-0.139017298818,0.542489528656,0.648466646671
-0.335449635983,0.515908896923,0.605342924595,-0.0147062186152,0.273708850145,0.515908896923
-0.407772511244,0.0910233557224,0.683325946331,0.109264262021,-0.0606199391186,0.0910233557224
-0.388766139746,0.0177195221186,0.755947589874,0.138585790992,-0.288167238235,0.0177195221186
-0.356183856726,0.190288960934,0.830275177956,0.25892624259,-0.491890817881,0.190288960934
-0.234000191092,-0.0259573422372,0.905333817005,0.18409524858,-0.53312420845,-0.0259573422372
-0.146620377898,-0.136218518019,0.929459750652,0.182873517275,-0.495861440897,-0.136218518019
-0.109841868281,0.0714756697416,0.90435898304,0.220747172832,-0.217306867242,0.0714756697416
-0.194012820721,0.274893790483,0.854157447815,0.689586281776,0.125388532877,0.274893790483
-0.143411517143,0.260233014822,0.866342246532,0.771747648716,-0.55053383112,0.260233014822
-0.0330759771168,-0.156377062201,0.891199409962,0.482502907515,-0.843138277531,-0.156377062201
0.116858929396,-0.279161006212,0.885594367981,0.581768512726,-0.679731845856,-0.279161006212
0.0809769406915,-1.09191715717,0.998426020145,0.682561278343,-0.8113732934,-1.09191715717
0.230081170797,-0.893691420555,0.968207597733,0.135836899281,-0.759755194187,-0.893691420555
-0.00691139837727,-0.612693369389,0.989896595478,0.155690014362,-0.977834105492,-0.612693369389
0.00266690505669,-0.191501826048,0.957972288132,0.526790678501,-0.565805494785,-0.191501826048
0.19395673275,0.00428048707545,1.05715703964,0.273892432451,-0.746621608734,0.00428048707545
0.199290543795,-0.0195432566106,1.18290448189,0.00419543404132,-0.676066637039,-0.0195432566106
0.242203474045,-0.0284008029848,1.24480342865,0.223801493645,-0.238687157631,-0.0284008029848
0.171166822314,-0.0714668035507,1.23846745491,0.147137910128,-0.231662198901,-0.0714668035507
0.159529417753,-0.206578463316,1.18582892418,0.11750715971,0.237497553229,-0.206578463316
0.0160014312714,-0.132358342409,1.11759376526,0.182258874178,0.48611971736,-0.132358342409
0.0366093330085,0.00936240050942,1.01524102688,0.1391928792,0.48581430316,0.00936240050942
0.064490608871,-0.0202645622194,0.975762188435,0.0478685200214,0.35814344883,-0.0202645622194
0.0487316288054,-0.0462263375521,0.962602496147,0.0197687186301,0.347453325987,-0.0462263375521
-0.0340633168817,-0.042561147362,0.948224484921,0.0438978970051,0.258266985416,-0.042561147362
-0.0397405400872,0.0206634085625,0.907283365726,0.0897127911448,0.320575237274,0.0206634085625
-0.0118481107056,0.0782738849521,0.884375870228,0.123340025544,0.0758488699794,0.0782738849521
0.0880078673363,-0.136139810085,0.898510277271,0.0967673882842,-0.01700264588,-0.136139810085
0.162923648953,-0.0389571674168,0.993795692921,0.0500961504877,0.0973968505859,-0.0389571674168
0.178682640195,0.195920526981,0.983560502529,0.0485689900815,0.170395255089,0.195920526981
0.270327210426,0.557247340679,0.967232823372,-0.2186845541,0.418101102114,0.557247340679
0.213352411985,1.04196894169,0.887056529522,-0.683247566223,-0.0376043729484,1.04196894169
0.168257459998,1.05693507195,0.807611346245,-1.15391921997,0.0967859849334,1.05693507195
-0.160443171859,0.929569661617,0.667241990566,-0.531752943993,0.595862865448,0.929569661617
0.0492165237665,0.65437489748,0.636536121368,-0.173480525613,-0.163137182593,0.65437489748
-0.0204873606563,-0.00597044592723,0.666023492813,-0.359183579683,-0.602349281311,-0.00597044592723
0.0802495926619,0.202029168606,0.738888800144,0.12920320034,-0.592880904675,0.202029168606
0.0492165237665,0.134528562427,0.871216237545,0.498471230268,-0.528740048409,0.134528562427
0.0880078673363,0.345582515001,0.961871504784,0.738235890865,-0.335095763206,0.345582515001
0.0734611153603,0.472337037325,1.02279567719,0.934629023075,-0.0965528637171,0.472337037325
0.0240021459758,0.106734186411,1.05618214607,1.01801216602,-0.332957714796,0.106734186411
0.0848560705781,0.210275858641,1.1444003582,0.306354105473,-0.562643051147,0.210275858641
0.0751582384109,-0.280554383993,1.220921278,-0.0684117078781,-0.245603978634,-0.280554383993
0.166317895055,-0.165100842714,1.18582892418,0.124621719122,1.32309806347,-0.165100842714
0.125102087855,-0.105236053467,1.31352591515,-0.161263212562,1.59157323837,-0.105236053467
-0.200430557132,-0.0963785052299,1.26015639305,0.395845860243,0.35457110405,-0.0963785052299
-0.167601406574,-0.48030731082,1.08737528324,-0.920263290405,-0.172605589032,-0.48030731082
-0.0244367308915,-0.472366064787,0.935795903206,-1.21653294563,-0.172300159931,-0.472366064787
0.118556052446,-0.198698431253,0.899972498417,-0.0662736743689,0.229343742132,-0.198698431253
0.0324877537787,0.278081893921,0.968694925308,0.360110253096,0.233314365149,0.278081893921
0.042428035289,0.281747102737,1.03863596916,0.207393959165,0.0857904106379,0.281747102737
0.00921294465661,0.344360768795,1.05471992493,0.0629243254662,0.148709535599,0.344360768795
-0.0513418130577,0.0686041265726,0.975031077862,-0.170564889908,-0.0456810444593,0.0686041265726
-0.0128354532644,-0.120948158205,0.911182522774,0.0870738402009,-0.032552767545,-0.120948158205
0.0336999818683,0.0794156417251,0.928972363472,0.381816327572,-0.026444112882,0.0794156417251
0.0210927948356,0.0519267134368,0.976736962795,0.20985776186,-0.0114779146388,0.0519267134368
-0.0301139485091,-0.0748278275132,0.959434509277,-0.15971571207,-0.180382162333,-0.0748278275132
-0.0,-0.081928178668,0.954073131084,-0.0371165201068,0.0206455346197,-0.081928178668
0.0021820133552,-0.0151907801628,0.964064717293,0.13877619803,-0.0709500163794,-0.0151907801628
-0.0150569742545,-0.126979127526,1.00524950027,0.21605065465,0.0209852047265,-0.126979127526
-0.0431962385774,-0.265034675598,1.06105613708,0.0370671339333,-0.0825564563274,-0.265034675598
-0.0096265906468,-0.24395981431,1.10321569443,-0.124201290309,-0.0196373332292,-0.24395981431
-0.0360380038619,-0.279084563255,1.11808121204,-0.483084619045,-0.0428502112627,-0.279084563255
-0.0668924599886,-0.421110749245,1.00793015957,-0.328535735607,0.17034175992,-0.421110749245
-0.0984874218702,-0.400952190161,1.03327465057,-0.107097066939,0.413771539927,-0.400952190161
-0.127860859036,-0.205780744553,1.05228292942,-0.210333287716,0.260444372892,-0.205780744553
-0.232025519013,-0.285804092884,1.04302251339,-0.241181984544,0.363375157118,-0.285804092884
-0.28015846014,-0.275419384241,1.01865279675,-0.143138110638,0.656895935535,-0.275419384241
-0.257943242788,-0.582989990711,0.989896595478,0.125031724572,0.659644782543,-0.582989990711
-0.26041162014,-0.32825922966,0.895585894585,0.340361714363,0.746998548508,-0.32825922966
-0.401354759932,-0.91591155529,0.918249726295,0.902663171291,0.40216511488,-0.91591155529
-0.336190164089,-1.13643395901,0.906308531761,0.962527990341,0.309619009495,-1.13643395901
-0.0876266509295,-0.380488187075,0.929216086864,0.585929572582,0.577178001404,-0.380488187075
-0.0525759905577,0.315287321806,0.876333892345,-0.0530354902148,0.432708382607,0.315287321806
0.104736633599,0.780155777931,1.06958544254,0.271333932877,0.731116056442,0.780155777931
0.332393378019,1.1595031023,1.34496283531,0.0908232778311,1.23721790314,1.1595031023
0.310088336468,1.70256233215,1.25552618504,-0.999265730381,1.29280662537,1.70256233215
0.0477618463337,1.0138117075,0.843434810638,-2.09882307053,0.803198158741,1.0138117075
-0.239677414298,-0.0774990394711,0.591208517551,-1.62295925617,-0.104547604918,-0.0774990394711
-0.331747114658,-1.10497438908,0.613628685474,-0.852658092976,-0.62164503336,-1.10497438908
-0.372474968433,-1.80013895035,0.685762941837,-0.27600133419,-0.686091303825,-1.80013895035
-0.214500173926,-1.81846499443,0.796401321888,0.350440979004,-0.035214394331,-1.81846499443
-0.368772447109,-2.08907818794,0.837829709053,1.04102408886,-0.25420960784,-2.08907818794
-0.414930731058,-2.52340340614,0.891686737537,0.584402382374,-0.627142846584,-2.52340340614
-0.175500139594,-2.51057529449,0.842703700066,0.690998375416,-0.344312220812,-2.51057529449
-0.0878734886646,-1.69415390491,0.886569142342,0.928930401802,-0.490614444017,-1.69415390491
-0.167601406574,-1.51883554459,0.907527089119,0.679391980171,-0.722132384777,-1.51883554459
-0.112310223281,-1.29128825665,0.802493751049,1.0972237587,-0.517187058926,-1.29128825665
-0.113297559321,-1.38505601883,0.926779091358,1.08897709846,-0.32720798254,-1.38505601883
-0.0138227967545,-0.989520847797,0.941400945187,1.33118510246,-0.0758369415998,-0.989520847797
0.0409733578563,-0.535953402519,1.03644275665,1.2685713768,-0.343090504408,-0.535953402519
0.0613388158381,-0.245792418718,1.0605686903,0.698634207249,-0.413034558296,-0.245792418718
0.000969783694018,-0.221968665719,1.05593836308,-0.239349395037,-0.727324724197,-0.221968665719
0.0916445553303,-0.154773488641,1.0020813942,-0.376794099808,-0.286890894175,-0.154773488641
0.104736633599,-0.245181545615,1.00646805763,-0.28180450201,-0.0978280901909,-0.245181545615
0.15516538918,-0.511518776417,1.20313131809,-0.925961911678,-0.186403542757,-0.511518776417
0.163166105747,-0.946454823017,0.949930310249,-0.0948797613382,0.232650011778,-0.946454823017
0.0256992671639,-0.433022618294,0.969426035881,-0.506908357143,0.0732141807675,-0.433022618294
0.0174561068416,-0.325204908848,1.00354361534,-0.386262476444,-0.0480425655842,-0.325204908848
0.0288510657847,-0.425386786461,0.909232914448,0.347386658192,0.289155036211,-0.425386786461
-0.0503544732928,-0.314514756203,0.995745360851,0.334253072739,0.293736517429,-0.314514756203
-0.0757785439491,-0.20761333406,0.970400869846,0.628995597363,0.208520844579,-0.20761333406
-0.116753257811,-0.281528025866,0.866098642349,0.620443463326,0.179504737258,-0.281528025866
