-0.0301139485091,-0.469456791878,1.30377817154,-0.39146655798,-3.33603167534,-0.469456791878
-0.152050748467,-1.16401064396,1.08006453514,-0.349011421204,-4.41817951202,-1.16401064396
0.000484891847009,-2.91658306122,0.805905520916,0.155563235283,-3.78501749039,-2.91658306122
0.377730727196,-3.84112763405,0.674309194088,0.586223244667,-2.50036787987,-3.84112763405
0.51010620594,-3.51645278931,0.520049095154,-0.0612939149141,-0.751155257225,-3.51645278931
0.00654603959993,-4.88448524475,0.84538435936,0.471380591393,-1.69219315052,-4.88448524475
0.053580544889,-3.74399995804,1.00524950027,1.72579240799,-2.37117004395,-3.74399995804
-0.275468587875,-2.15422320366,1.37103843689,0.37394759059,0.59305369854,-2.15422320366
-0.144645690918,-4.70641803741,0.888762414455,4.01348257065,-2.14026284218,-4.70641803741
0.163166105747,-2.42880702019,0.894367456436,0.992448687553,0.15597961843,-2.42880702019
-0.36334207654,-1.57298493385,1.33472764492,-0.28487059474,0.64680981636,-1.57298493385
-0.218696385622,-3.38572764397,1.24504721165,2.75846004486,-1.4447927475,-3.38572764397
0.208261042833,-2.82281517982,0.747661888599,2.73769068718,-1.65676295757,-2.82281517982
0.0113949580118,-2.52807283401,0.368225932121,1.7548084259,-1.33147716522,-2.52807283401
-0.420114278793,-2.89856243134,0.0675040334463,1.24259793758,-0.875466346741,-2.89856243134
-0.239924252033,-2.52074241638,0.0385041050613,1.73800969124,-0.514444947243,-2.52074241638
-0.296449631453,-3.04822444916,0.195688575506,1.88797712326,0.241500765085,-3.04822444916
-0.440601617098,-3.16031837463,0.0516637302935,1.97472000122,0.407045245171,-3.16031837463
-0.726190507412,-1.0051857233,-0.466390311718,0.231005087495,-0.378832906485,-1.0051857233
-0.495152294636,0.204632982612,0.0182772651315,-0.245164364576,-0.233752399683,0.204632982612
-0.854791820049,0.58275860548,0.100646801293,0.469853430986,-0.362950414419,0.58275860548
-0.836772859097,1.45263063908,-0.0817086920142,0.96343255043,1.17551374435,1.45263063908
0.0732186660171,2.57295751572,0.485444128513,0.544989824295,2.04630208015,2.57295751572
-0.0703481659293,3.82187151909,0.216890200973,1.26703262329,1.70818829536,3.82187151909
0.2780854702,3.57080578804,-0.392635554075,-0.171249657869,3.31262564659,3.57080578804
0.491195440292,2.30875825882,0.192764207721,-1.56799304485,4.18555212021,2.30875825882
0.740672290325,3.36372256279,0.715737700462,-3.28269171715,5.09818458557,3.36372256279
0.552534222603,3.6095957756,1.08030807972,-2.23169803619,4.56337213516,3.6095957756
0.133587703109,2.50667858124,0.848065018654,-1.39267468452,3.61805820465,2.50667858124
0.261356681585,1.84908223152,1.13416516781,-1.51759660244,3.43021726608,1.84908223152
0.391065269709,2.45322799683,1.31328237057,-0.709116518497,1.51087880135,2.45322799683
0.287540882826,1.9911082983,1.11588788033,-0.209428742528,-0.539490461349,1.9911082983
0.27396389842,0.645372271538,0.789821445942,-0.115050055087,-0.555983781815,0.645372271538
0.437129974365,0.345437407494,0.801762640476,-1.35816085339,0.0145643204451,0.345437407494
0.286813527346,-0.164635062218,0.820283591747,-0.235390514135,-0.170833289623,-0.164635062218
-0.030854454264,-0.362860798836,0.527359962463,-0.248218685389,0.161477416754,-0.362860798836
-0.0187595095485,0.118195548654,0.271478265524,-0.786390960217,0.556096315384,0.118195548654
-0.19154445827,-0.212587982416,0.329721838236,0.130823194981,0.429647266865,-0.212587982416
-0.278430610895,-0.632557809353,0.614603459835,-0.743324935436,-0.107608728111,-0.632557809353
-0.269297689199,0.0598579198122,0.66017472744,-1.14374709129,-0.233141541481,0.0598579198122
-0.523538410664,-0.642637073994,1.01329147816,0.526969313622,-0.637534379959,-0.642637073994
-0.585494160652,-1.08246016502,1.30670261383,-0.892070651054,0.915285110474,-1.08246016502
-0.61165869236,0.43095856905,1.54235744476,0.168391406536,-0.433810770512,0.43095856905
-0.568709313869,-0.496334850788,1.25723206997,0.734663486481,-0.352260261774,-0.496334850788
-0.193272307515,-0.625838279724,1.46413064003,1.17143213749,-1.28627324104,-0.625838279724
0.230808526278,-0.239771470428,1.32912266254,0.858974575996,-2.16255950928,-0.239771470428
0.365608423948,0.80022662878,1.07640898228,0.410599499941,-1.81467163563,0.80022662878
1.25465762615,0.853066444397,1.11125767231,-0.703618705273,-1.42799389362,0.853066444397
0.937295913696,-0.486561059952,1.12709796429,0.273154824972,-1.53458988667,-0.486561059952
0.803708255291,-0.180517554283,0.644821882248,-0.482790917158,-1.34033477306,-0.180517554283
0.671575188637,-0.173798039556,0.57268756628,-0.195684269071,-1.32750654221,-0.173798039556
0.26741784811,-2.08855509758,0.544906139374,0.161366462708,-2.68576550484,-2.08855509758
0.503075242043,-1.39675033092,0.223470017314,0.690681219101,-1.86964952946,-1.39675033092
0.540896832943,-3.60136294365,0.129159331322,2.42340040207,-7.74953317642,-3.60136294365
-0.180930525064,-5.39333581924,0.260999321938,2.54862785339,-5.41144609451,-5.39333581924
0.898989439011,-4.81209754944,-0.602571487427,1.50527000427,-3.00036120415,-4.81209754944
0.0586719103158,-4.94557189941,-0.295742064714,1.88461732864,0.588166832924,-4.94557189941
-0.519342184067,-5.69449234009,0.469847530127,1.56757831573,-0.608823657036,-5.69449234009
-0.558095395565,-5.61294221878,0.144999623299,-2.45985627174,-1.43715691566,-5.61294221878
-0.435418069363,-3.53874921799,-0.559909403324,-1.2897439003,-0.458856254816,-3.53874921799
-1.18160223961,-2.6954498291,-0.0200053732842,-0.582972824574,2.5872232914,-2.6954498291
-0.709652483463,-0.727241933346,0.444015651941,0.546517014503,1.71826756001,-0.727241933346
-0.35643067956,2.71925973892,0.150604665279,-0.308083474636,1.75308680534,2.71925973892
-0.625975251198,1.81395745277,0.00901678297669,-0.467519283295,3.41891622543,1.81395745277
-0.359639555216,1.68384313583,0.219570860267,-1.6269415617,2.30866861343,1.68384313583
-0.153038099408,5.88384723663,0.1805793643,-3.66509342194,1.50079953671,5.88384723663
-1.38227963448,4.48191165924,0.390158653259,-1.79248595238,0.703925728798,4.48191165924
-0.331253439188,3.47001314163,0.469847530127,-1.2424018383,0.322745829821,3.47001314163
0.313967466354,4.7400021553,0.474477767944,-0.604353129864,-0.037359226495,4.7400021553
0.0147892013192,3.71955156326,0.645309209824,-0.696593761444,0.0304468162358,3.71955156326
0.40124797821,3.36402797699,0.658956289291,-0.905815124512,-1.11797976494,3.36402797699
0.53459328413,2.97490692139,0.311200857162,-1.81783688068,-0.0752328708768,2.97490692139
0.305966734886,1.88115262985,0.371394008398,-0.328242003918,0.753405809402,1.88115262985
0.585749328136,0.054970998317,0.687712490559,-0.899706482887,-0.584083676338,0.054970998317
0.664301812649,0.743416130543,0.00560502754524,-1.98124337196,0.077788874507,0.743416130543
0.508894026279,0.0268711969256,0.250032991171,-1.69474756718,1.19170165062,0.0268711969256
0.497983932495,-0.380575895309,0.65286386013,-0.203014656901,-1.53825509548,-0.380575895309
0.762734830379,0.929730057716,0.370906591415,-1.57837772369,-1.34644341469,0.929730057716
0.514955163002,-0.16524592042,0.343612581491,-0.172776833177,-1.18884015083,-0.16524592042
0.633511185646,-0.845138907433,0.696485579014,0.516279160976,-1.29390895367,-0.845138907433
0.811708927155,-0.0568173378706,0.917031288147,-0.830067813396,-1.76580238342,-0.0568173378706
0.65605866909,-0.801462054253,0.719636797905,-0.896041274071,-1.51290416718,-0.801462054253
0.676666557789,-2.18995881081,0.703796505928,0.841564953327,-1.79115331173,-2.18995881081
0.893170773983,-1.65300822258,0.738888800144,0.805523872375,-2.43225646019,-1.65300822258
0.714488148689,-1.90437936783,0.398688048124,0.497647821903,-2.03794288635,-1.90437936783
0.585991740227,-3.85059595108,0.358478069305,0.469242572784,-1.79329133034,-3.85059595108
0.502347946167,-4.20214891434,0.271721988916,1.17601370811,-2.41179251671,-4.20214891434
0.478103369474,-4.46604251862,0.168394520879,0.959156513214,-2.38735795021,-4.46604251862
0.289480417967,-4.54423332214,0.121361032128,0.447862267494,-2.59199786186,-4.54423332214
-0.0992279276252,-4.87593317032,0.057756152004,-0.00295628421009,-2.51441788673,-4.87593317032
-0.0826899409294,-4.42419815063,-0.0870113223791,0.582863509655,-2.41942834854,-4.42419815063
-0.20289888978,-4.16305351257,0.109176188707,1.54497623444,-2.20226573944,-4.16305351257
-0.527981460094,-4.18596076965,0.0774955973029,0.599662303925,-2.02144956589,-4.18596076965
-0.495645999908,-3.76965641975,0.0709157809615,1.06391990185,-2.31649756432,-3.76965641975
-0.527981460094,-2.79379916191,0.0238822903484,0.281096071005,-1.1308079958,-2.79379916191
-0.709158837795,-3.1306912899,-0.0308516584337,1.1500518322,-0.639977812767,-3.1306912899
-1.06929206848,-2.93185472488,0.278789192438,1.74839437008,-1.62438714504,-2.93185472488
-0.804437398911,-1.59161627293,0.113806426525,0.235281154513,-1.19464337826,-1.59161627293
-0.815051317215,-0.702807307243,0.114050120115,0.202294439077,-0.700453400612,-0.702807307243
-1.07546293736,-0.466097056866,0.193495303392,0.423733085394,-0.637534379959,-0.466097056866
-1.02658951283,0.151182278991,0.12769715488,0.44419708848,-0.545293688774,0.151182278991
-1.08163380623,0.36620682478,-0.026031088084,0.120743922889,-0.253910958767,0.36620682478
-1.06953883171,-0.0613988265395,-0.0891805738211,0.205959618092,0.0173132121563,-0.0613988265395
-1.01400089264,-0.0693400800228,-0.168237954378,0.800026118755,0.0774834379554,-0.0693400800228
-0.885646343231,0.218988314271,-0.11617577821,1.01474523544,0.0982528552413,0.218988314271
-1.01202607155,0.0971207022667,-0.23524390161,0.510475993156,0.371615052223,0.0971207022667
-0.933038771152,0.095288105309,-0.347081154585,0.642117440701,0.235697537661,0.095288105309
-0.983886897564,-0.0152785032988,-0.338886171579,0.510475993156,0.422011435032,-0.0152785032988
-0.995488166809,-0.198538079858,-0.331414312124,0.243222400546,0.438810229301,-0.198538079858
-0.892804503441,-0.0204708576202,-0.303454995155,-0.0148681560531,0.604354739189,-0.0204708576202
-0.833810806274,0.0250386036932,-0.301285743713,-0.0402190648019,0.722251653671,0.0250386036932
-0.915266573429,-0.291389584541,-0.196438297629,0.274071127176,0.609547019005,-0.291389584541
-0.84516531229,-0.0131404753774,-0.159801959991,-0.136124908924,0.493788093328,-0.0131404753774
-0.697804391384,0.149655118585,-0.259828805923,-0.436670601368,0.63550889492,0.149655118585
-0.901443839073,-0.287724375725,-0.219336017966,0.00773385725915,0.42170599103,-0.287724375725
-0.795551300049,-0.151501446962,-0.304901182652,-0.380165576935,0.246082246304,-0.151501446962
-0.745690464973,0.0109887020662,-0.234520807862,-0.0958077982068,-0.0168952401727,0.0109887020662
-0.836279153824,0.0855142623186,-0.242474764585,-0.518831968307,0.110470160842,0.0855142623186
-0.858000695705,0.241284891963,-0.307070404291,-0.656276643276,0.0628226771951,0.241284891963
-0.914279222488,0.318253934383,-0.297429263592,-0.320606201887,0.0640444010496,0.318253934383
-0.879969120026,0.336885333061,-0.23331566155,-0.129405394197,0.264713644981,0.336885333061
-0.722487926483,0.484409272671,-0.174745723605,0.0715692788363,0.0377772003412,0.484409272671
-0.717057585716,0.583674907684,-0.203910186887,-0.00234541855752,-0.0013181772083,0.583674907684
-0.680772721767,0.538165450096,-0.242715775967,0.309806734324,0.093976803124,0.538165450096
-0.662506878376,0.660949349403,-0.2670596838,0.607908964157,0.40215831995,0.660949349403
-0.712367713451,0.696684956551,-0.136181160808,0.799720644951,0.57167339325,0.696684956551
-0.791848778725,0.645983159542,0.0085293892771,0.869664728642,0.214317262173,0.645983159542
-0.756304442883,0.757771492004,0.0326553806663,0.632954418659,0.0466347485781,0.757771492004
-0.734089195728,0.597724795341,-0.0118104005232,0.649142384529,-0.319884389639,0.597724795341
-0.633873939514,0.335969030857,-0.0672469735146,0.655251026154,-0.564535975456,0.335969030857
-0.52427893877,0.401942431927,-0.12485280633,0.579503715038,-0.535825252533,0.401942431927
-0.558342218399,0.224180668592,-0.157632693648,0.29972743988,-0.610045433044,0.224180668592
-0.740753829479,-0.127066850662,-0.23331566155,-0.0310560856014,-0.597522616386,-0.127066850662
-0.926374197006,-0.718995273113,-0.215961620212,0.259104907513,-0.946326732635,-0.718995273113
-0.833070278168,-0.675929248333,-0.347563236952,0.439004719257,-1.22915732861,-0.675929248333
-1.06164014339,0.228456735611,-0.545929729939,0.253912568092,-0.769481182098,0.228456735611
-1.2294883728,0.391863167286,-0.568827450275,0.989699721336,-0.568201065063,0.391863167286
-1.09372878075,0.816414535046,-0.500134289265,1.03062772751,0.123909205198,0.816414535046
-0.806658923626,1.06167685986,-0.395527929068,0.696789860725,-0.222451388836,1.06167685986
-0.87676024437,0.656367838383,-0.415774315596,-0.243637189269,-0.20168197155,0.656367838383
-0.484538376331,0.659422159195,-0.515560150146,-0.995612323284,-0.2859813869,0.659422159195
-0.323354691267,1.11085152626,-0.72983455658,-1.1917001009,0.714310407639,1.11085152626
-0.420114278793,0.603222548962,-0.539180934429,-0.901539027691,1.09701752663,0.603222548962
-0.317183792591,0.524420976639,-0.58545845747,-1.48491537571,1.62541604042,0.524420976639
-0.4702219069,0.683856785297,-0.467836499214,-1.13672220707,2.26285386086,0.683856785297
-0.423569977283,0.688132822514,-0.414087116718,-0.981256961823,3.12997698784,0.688132822514
-0.318911641836,1.16399681568,-0.255008250475,-1.01118934155,3.30346274376,1.16399681568
-0.201664730906,1.94284999371,-0.208489730954,-1.09457242489,3.47022891045,1.94284999371
-0.438380122185,1.61848056316,-0.396492034197,-0.857862174511,4.51969528198,1.61848056316
-0.125392511487,2.38084030151,-0.127986177802,-0.715835988522,3.83125019073,2.38084030151
-0.360873699188,1.89917314053,-0.467113405466,-1.72193109989,6.25333118439,1.89917314053
-0.190310284495,1.48928260803,-0.0320568010211,-0.976064622402,5.95064735413,1.48928260803
0.108858212829,2.70856952667,-0.0583289153874,-2.29614448547,5.56916189194,2.70856952667
-0.0560316927731,2.54943919182,-0.280316233635,-0.949491977692,6.59816455841,2.54943919182
0.0906747728586,2.63770914078,0.43792322278,-0.447971612215,4.28512334824,2.63770914078
0.221353128552,2.5912835598,0.327528566122,-1.29982316494,3.8941693306,2.5912835598
0.144012868404,1.76050674915,0.394545197487,0.317137122154,3.49710702896,1.76050674915
0.405612021685,1.53845715523,0.524191915989,-0.0463277176023,2.44825148582,1.53845715523
0.445373147726,1.37657785416,0.870972573757,-0.379554688931,2.28637218475,1.37657785416
0.501135706902,0.637431025505,0.890711963177,-0.251578450203,1.53073191643,0.637431025505
0.599083840847,0.203716680408,0.962602496147,-0.0799253061414,0.33465769887,0.203716680408
0.646845698357,0.702793598175,0.86341792345,-0.110163129866,-0.803078770638,0.702793598175
0.560777425766,0.0888740196824,0.486906319857,-0.146204188466,-0.492759257555,0.0888740196824
0.669150710106,0.0519166737795,0.612897574902,-0.633369207382,-0.7453520298,0.0519166737795
0.634965896606,0.437983512878,0.573662400246,-0.247607827187,-1.73770260811,0.437983512878
0.528289675713,0.266024947166,0.458393782377,-0.0493820421398,-2.03091812134,0.266024947166
0.551079571247,0.195775434375,0.427444249392,-0.99469602108,-1.60361766815,0.195775434375
0.552776694298,0.0503895096481,0.315343737602,-0.625733375549,-2.08039808273,0.0503895096481
0.552534222603,-0.214726001024,0.160352528095,-0.385663360357,-2.45791292191,-0.214726001024
0.603205442429,-0.0751432999969,0.178386092186,-0.66879940033,-1.89286231995,-0.0751432999969
0.633753657341,-0.123707085848,0.258806049824,-0.829151511192,-1.87514734268,-0.123707085848
0.657028436661,-0.125234246254,0.17399956286,-0.838009059429,-2.13384890556,-0.125234246254
0.620904028416,-0.01375134103,0.167663425207,-0.859694778919,-2.25510549545,-0.01375134103
0.574111938477,-0.38027048111,0.117461882532,-1.14955031872,-2.65491700172,-0.38027048111
0.499196141958,-0.563835501671,-0.130396455526,-1.83433032036,-2.47440624237,-0.563835501671
0.507196843624,-0.55406165123,-0.438189953566,-1.18803489208,-1.37973558903,-0.55406165123
0.696789562702,-0.94593167305,-0.380584150553,-1.89633309841,-1.15188288689,-0.94593167305
0.702365815639,-1.90163040161,-0.317675679922,-1.78820991516,-1.1066788435,-1.90163040161
0.882018268108,-1.5360275507,-0.42782574892,-1.38198459148,-0.483596295118,-1.5360275507
0.709639191628,-3.03386926651,-0.0764060616493,-0.776311695576,-0.520859122276,-3.03386926651
0.670362949371,-2.75623083115,-0.139073505998,-0.159948661923,-0.928306221962,-2.75623083115
0.652664422989,-1.4385945797,0.0241259895265,-0.272347867489,-1.33544778824,-1.4385945797
0.342818528414,-0.571471273899,0.0394788868725,-0.739965200424,-0.0349157676101,-0.571471273899
0.400035768747,-0.61423188448,0.307058006525,-0.21950802207,1.48552787304,-0.61423188448
0.432281047106,-0.383630275726,0.206654921174,0.383415997028,1.53012096882,-0.383630275726
0.16753013432,-0.742819011211,0.255394309759,0.0648497566581,0.695068240166,-0.742819011211
0.054307885468,-1.09925889969,0.20957928896,0.0364445224404,0.287010222673,-1.09925889969
0.247052386403,-0.769086182117,0.207142323256,-0.128489091992,0.337406605482,-0.769086182117
0.164620772004,-0.413257181644,0.149873569608,-0.614126980305,0.769593715668,-0.413257181644
-0.0624494180083,-1.1013969183,0.188865065575,-0.465381264687,0.804107666016,-1.1013969183
-0.0177721660584,-1.28435111046,0.458637446165,0.568813621998,0.210652068257,-1.28435111046
0.11637403816,-0.289251565933,0.655300855637,-0.681932985783,0.529523730278,-0.289251565933
0.180864661932,0.0381722077727,0.640922725201,-0.350538611412,1.07349920273,0.0381722077727
0.116616487503,0.137132376432,0.739376246929,0.291175335646,0.743937373161,0.137132376432
0.262568950653,0.16553761065,0.561477541924,0.17633266747,0.688043236732,0.16553761065
0.0763704627752,0.222348079085,0.400881320238,0.46618822217,0.352067381144,0.222348079085
0.180379748344,0.153014868498,0.3611587286,0.614628493786,-0.0382755249739,0.153014868498
0.0642481669784,0.0109887020662,0.219814553857,0.517195463181,-0.279567301273,0.0109887020662
0.181107103825,0.116057522595,0.166932329535,0.745353639126,-0.366310149431,0.116057522595
0.119768284261,0.533889353275,0.170587792993,0.805218458176,-0.122269496322,0.533889353275
0.202684774995,0.151793137193,0.0285125300288,0.460079580545,0.0255598947406,0.151793137193
0.122435189784,-0.381797671318,-0.0175950862467,0.346153199673,-0.306750804186,-0.381797671318
0.140618622303,-0.347589194775,0.0209579281509,0.382805138826,-0.367837309837,-0.347589194775
0.174561053514,-0.060482531786,-0.0807445794344,-0.0206713750958,-0.541017651558,-0.060482531786
0.22208045423,-0.168911114335,0.0238822903484,0.389524638653,-0.341570109129,-0.168911114335
0.106433756649,0.157290920615,-0.024584915489,0.21023568511,-0.547431707382,0.157290920615
0.104979082942,0.317032217979,-0.0884574949741,0.314082801342,-0.567590236664,0.317032217979
0.0945539101958,0.343299388885,-0.0327798873186,0.0120099131018,-0.377000302076,0.343299388885
0.19807831943,0.753495395184,-0.111114181578,-0.188048452139,-0.0898936390877,0.753495395184
0.184501335025,1.20309221745,-0.165827661753,-0.0896991491318,0.226839989424,1.20309221745
0.257720023394,2.6392364502,-0.535083472729,-0.694761157036,1.78088116646,2.6392364502
-0.0032088633161,3.02011084557,-0.46566721797,-0.957738637924,2.72008633614,3.02011084557
0.130678340793,2.55035543442,-0.241992712021,-0.0374701693654,3.44915413857,2.55035543442
0.395671725273,3.49078249931,-0.146063327789,-0.513334214687,4.03344678879,3.49078249931
0.0863107442856,2.85853695869,0.0945543721318,-0.494091928005,4.70936918259,2.85853695869
0.214807078242,1.95751070976,0.470822304487,1.17143213749,3.80559396744,1.95751070976
0.491680294275,3.42694711685,0.332402527332,0.0394988507032,4.02092409134,3.42694711685
0.0986754894257,3.29041862488,0.434998869896,-0.621457338333,4.8889632225,3.29041862488
0.220625787973,3.00636649132,0.554410278797,-1.16024053097,4.23014545441,3.00636649132
0.132617920637,3.57355475426,0.433780401945,-1.68680632114,5.14338874817,3.57355475426
-0.0434430725873,2.29867911339,1.00768649578,-1.26836359501,4.95463132858,2.29867911339
-0.138721629977,1.6035143137,0.99745118618,-1.4354352951,2.48398709297,1.6035143137
-0.0740506947041,1.67040407658,0.606561481953,-0.815101623535,2.48093271255,1.67040407658
-0.177474826574,1.67254209518,0.918493449688,-0.339237600565,2.68404531479,1.67254209518
-0.1762406528,1.63619565964,0.868291914463,-0.885351121426,2.12663078308,1.63619565964
-0.293240755796,1.72110593319,0.666754603386,-1.07594108582,2.70878529549,1.72110593319
-0.552418172359,1.59465682507,0.926047980785,-1.11259293556,3.14280509949,1.59465682507
-0.578829586506,1.3622225523,0.889006078243,-2.75520968437,2.77323174477,1.3622225523
-0.805424690247,1.45140886307,0.656275629997,-0.666966795921,1.75308680534,1.45140886307
-0.862196922302,1.88512325287,0.988434374332,0.569119036198,1.86426436901,1.88512325287
-0.985614717007,0.771821379662,1.26600515842,-0.466908425093,1.29677045345,0.771821379662
-0.878488063812,-0.430972278118,1.18948435783,0.567286431789,-0.492453843355,-0.430972278118
-0.682747423649,-0.687230229378,0.888275027275,0.421595066786,-0.902344465256,-0.687230229378
-0.520576357841,0.0375613421202,0.888275027275,0.301560044289,-0.120436899364,0.0375613421202
-0.555380165577,-0.194567456841,0.934090077877,0.539797484875,-0.202903702855,-0.194567456841
-0.589690327644,-0.281310319901,0.858056604862,0.840343177319,-0.176331073046,-0.281310319901
-0.569696724415,-0.0305501334369,1.03376209736,1.21327638626,-0.387995868921,-0.0305501334369
-0.586728334427,-0.1001887694,1.08664429188,1.07338833809,-0.0281962472945,-0.1001887694
-0.516380190849,0.0164864882827,1.14245092869,0.921893715858,-0.22581115365,0.0164864882827
-0.513418138027,-0.327430665493,1.07494676113,1.06178188324,-0.406321823597,-0.327430665493
-0.310272425413,0.161261558533,1.16072809696,0.722751617432,0.243944227695,0.161261558533
-0.246835634112,-0.296887397766,1.16072809696,0.619515419006,-0.00101274438202,-0.296887397766
-0.308050900698,-0.897978782654,1.22701358795,-0.0625156462193,0.00356874428689,-0.897978782654
-0.164392545819,-0.870795249939,1.15853488445,-0.100083857775,-0.0905045047402,-0.870795249939
-0.167107731104,-0.822536885738,1.06885445118,0.161366462708,-0.876993536949,-0.822536885738
-0.18512673676,-0.624005734921,0.896804451942,-0.377416670322,-1.02604460716,-0.624005734921
-0.233506515622,-0.312464416027,0.785922348499,-0.320606201887,-0.617986679077,-0.312464416027
-0.285835683346,-0.467929661274,0.764477014542,-0.661774456501,-0.993057847023,-0.467929661274
-0.18858243525,-0.389433443546,0.589990079403,-0.766843259335,-1.17815005779,-0.389433443546
-0.10095577687,-0.125845119357,0.398200660944,-0.571671843529,-0.932276844978,-0.125845119357
-0.122430481017,-0.10965718329,0.263679981232,-0.417122900486,-0.473517000675,-0.10965718329
-0.0014810138382,0.0946772396564,0.311688274145,-0.0835904926062,-0.254216372967,0.0946772396564
0.0838862881064,0.34421569109,0.527116298676,0.0159805398434,-0.565146803856,0.34421569109
0.13455748558,-0.0534575805068,0.843434810638,-0.463243246078,-0.403878360987,-0.0534575805068
0.116858929396,0.122471608222,0.953585803509,0.0559922158718,-0.495202720165,0.122471608222
-0.00172784959432,0.0910120457411,1.04643416405,-0.0933643355966,-0.650057077408,0.0910120457411
0.015274092555,0.373537242413,1.36031579971,-0.2027092278,0.0225055664778,0.373537242413
-0.0441835820675,0.0433645583689,1.45365166664,0.063322596252,0.125130921602,0.0433645583689
-0.0826899409294,0.473719120026,1.19435822964,-0.428729355335,0.0976419895887,0.473719120026
-0.193272307515,0.235787108541,1.43245005608,0.413348376751,0.296784073114,0.235787108541
-0.114038072526,0.94744515419,1.34471917152,-1.04661953449,-1.43624055386,0.94744515419
-0.301880002022,-0.0672020465136,1.03424942493,-0.189270183444,-0.846450209618,-0.0672020465136
-0.405550956726,-0.911723256111,1.23749268055,0.0932549908757,-0.505282044411,-0.911723256111
-0.181917876005,0.215933993459,1.30597138405,0.345236927271,-1.58009934425,0.215933993459
-0.314715474844,-0.783136129379,1.16560208797,-0.597939014435,-0.938690900803,-0.783136129379
-0.338658511639,-1.28740537167,1.2053245306,0.0868409126997,-0.951519012451,-1.28740537167
-0.276455938816,-1.31275629997,1.19923222065,-0.423231571913,-1.76580238342,-1.31275629997
-0.43418392539,-2.22019672394,1.00256884098,-0.0402190648019,-1.91851866245,-2.22019672394
-0.349272429943,-2.12398529053,0.954316854477,0.308279573917,-1.69005513191,-2.12398529053
-0.311506599188,-2.32557082176,0.949686646461,-0.26807180047,-1.33697497845,-2.32557082176
-0.296943277121,-2.72904729843,0.889737188816,-0.383525311947,-1.43562972546,-2.72904729843
-0.207835614681,-2.71530294418,0.809804618359,0.0654606223106,-1.43379712105,-2.71530294418
-0.156000137329,-2.54609322548,0.741082131863,-0.337404996157,-1.22549211979,-2.54609322548
-0.127860859036,-2.78402519226,0.709645271301,-0.791583299637,-1.07521927357,-2.78402519226
-0.0380126871169,-2.49508595467,0.674065470695,-0.176442012191,-1.23893117905,-2.49508595467
-0.0629430934787,-2.24890732765,0.650670588017,-0.568922936916,-0.813463568687,-2.24890732765
0.0642481669784,-2.21714234352,0.669191539288,-0.929027974606,-0.54926431179,-2.21714234352
0.163166105747,-1.84023845196,0.671872198582,-0.647724568844,-0.283232480288,-1.84023845196
0.144255325198,-1.90346300602,0.638242065907,-0.705145895481,0.595802545547,-1.90346300602
0.269114971161,-1.64934313297,0.749367833138,-1.12603199482,0.869470238686,-1.64934313297
0.232505634427,-1.51006579399,0.682107448578,-0.617792129517,0.587250471115,-1.51006579399
0.193714275956,-1.56779253483,0.669678926468,-0.301974803209,0.732941865921,-1.56779253483
0.258447349072,-1.28435111046,0.732796430588,-0.0628210753202,0.898791790009,-1.28435111046
0.579930603504,0.248615279794,0.71549397707,-0.382609009743,2.09333872795,0.248615279794
0.505742132664,0.243422925472,0.863661587238,-0.312664955854,2.33188152313,0.243422925472
0.140618622303,0.0723806619644,1.18461048603,-0.0396081991494,1.63244092464,0.0723806619644
0.107888437808,0.671334028244,1.28038322926,-0.220729753375,1.03959619999,0.671334028244
0.0926143452525,1.22569417953,1.23627400398,-0.620235621929,0.698122501373,1.22569417953
-0.0567722022533,0.928508341312,1.26113116741,0.469547986984,-0.0251419208944,0.928508341312
0.00581870181486,1.30602300167,1.10565268993,-0.153840005398,-0.0785926282406,1.30602300167
-0.128601372242,1.38696265221,1.1875346899,-0.0732057839632,-0.0401081219316,1.38696265221
-0.152297601104,1.45568501949,1.2284758091,-0.258297950029,-0.33179628849,1.45568501949
-0.189816623926,1.22722136974,1.08615684509,0.431368917227,-1.06208562851,1.22722136974
-0.170316591859,0.542136073112,1.05593836308,0.0495781302452,-0.640283226967,0.542136073112
-0.148348227143,0.514341652393,0.905333817005,-0.490426748991,-0.633869171143,0.514341652393
-0.0952785611153,0.711345732212,0.821745753288,0.29697856307,-0.878826141357,0.711345732212
-0.131810232997,0.379645884037,0.839535653591,-0.373446047306,-0.520248174667,0.379645884037
-0.254734367132,-0.0730052664876,0.784947514534,-0.261352270842,-0.499784231186,-0.0730052664876
-0.341867387295,-0.507025003433,0.903140485287,0.793001115322,-0.227032884955,-0.507025003433
-0.427766174078,-1.32650077343,1.06422412395,0.194964051247,0.386581242085,-1.32650077343
-0.567228317261,-1.6316280365,1.29305553436,0.518111765385,0.520360708237,-1.6316280365
-0.524032056332,-2.09435844421,1.49483644962,0.554763674736,0.01700777933,-2.09435844421
-0.258436918259,-2.60779070854,1.28038322926,0.120743922889,-0.19190813601,-2.60779070854
0.0104251746088,-2.60687446594,1.35836613178,0.506199896336,-0.503754854202,-2.60687446594
0.315664589405,-1.69485259056,1.19923222065,-0.157505199313,-0.71297621727,-1.69485259056
0.270327210426,-1.96393871307,1.07714009285,-0.478514879942,-0.501616835594,-1.96393871307
0.352031469345,-1.94530725479,0.889493465424,-0.666050493717,-0.879131555557,-1.94530725479
0.46622350812,-0.977391242981,0.741813182831,-0.730802237988,-0.598744392395,-0.977391242981
0.401005536318,-1.38544929028,0.7578971982,-1.0713596344,-0.301558434963,-1.38544929028
0.220868229866,-1.80480825901,0.861468374729,-0.845339477062,-0.199849382043,-1.80480825901
0.335302710533,-0.621256828308,0.580973267555,-0.468435585499,-0.194962456822,-0.621256828308
0.22038333118,-1.08643078804,0.766914010048,0.346153199673,-0.0944751277566,-1.08643078804
0.0734611153603,-0.770918786526,1.06276190281,0.382805138826,-0.207179769874,-0.770918786526
0.101099945605,-0.163413330913,0.899972498417,0.579198300838,-0.545599102974,-0.163413330913
0.0358819961548,-1.0061019659,0.689662098885,0.882492899895,-0.24505341053,-1.0061019659
0.0824316069484,-1.12002837658,0.741813182831,0.302170902491,0.147122085094,-1.12002837658
0.226929366589,-0.81551194191,0.54003226757,1.40447723866,0.0845083892345,-0.81551194191
0.199532985687,-0.321627438068,0.620208442211,1.14211058617,0.868553876877,-0.321627438068
-0.193025484681,-1.3176432848,0.713056981564,2.07093119621,0.826709628105,-1.3176432848
-0.141930490732,-1.36132013798,0.744493842125,2.77189898491,1.3798481226,-1.36132013798
-0.0831836089492,-1.02778768539,0.852695286274,1.02421367168,0.848395347595,-1.02778768539
-0.354949653149,-1.37139940262,0.419645965099,-0.288230329752,1.20544612408,-1.37139940262
-0.724215805531,-1.66583645344,0.791039943695,0.237113758922,1.32853543758,-1.66583645344
-0.662506878376,-1.24067425728,0.992089867592,-0.19782230258,0.618099212646,-1.24067425728
-0.674108207226,-0.191513121128,0.867317080498,-1.87281477451,-0.139373719692,-0.191513121128
-1.01326024532,-0.155777513981,0.897535443306,-1.04570329189,-0.0752328708768,-0.155777513981
-0.624987840652,1.96239769459,1.29134964943,0.293924242258,-1.22885191441,1.96239769459
-0.547481477261,3.61173391342,1.06154346466,-0.225005805492,-1.09354519844,3.61173391342
-0.873798191547,1.81517910957,0.982829391956,-0.773257374763,-0.854086041451,1.81517910957
-0.195740669966,1.77516746521,1.02474522591,-0.489205002785,-1.51046073437,1.77516746521
-0.0140696316957,2.38908696175,0.885594367981,0.20076726377,-1.33544778824,2.38908696175
-0.0777532234788,0.787703871727,0.930434584618,0.797888040543,-1.6634824276,0.787703871727
0.158317178488,0.855204463005,0.84075409174,0.16930770874,-1.29818511009,0.855204463005
0.342576056719,1.39582014084,0.596569895744,-0.443695545197,-1.06330740452,1.39582014084
0.221110671759,1.12337422371,0.521754980087,-0.308083474636,-0.245358839631,1.12337422371
0.199290543795,0.830159008503,0.61777150631,0.369976967573,0.187744617462,0.830159008503
0.339424282312,1.58976984024,0.756434977055,0.0807322561741,0.450111240149,1.58976984024
0.139406397939,0.772737681866,0.771300554276,-0.506614685059,0.567702770233,0.772737681866
0.231293410063,0.459363818169,0.773250102997,-0.285786896944,0.25493979454,0.459363818169
0.317119270563,0.723257601261,0.698191463947,-0.57014465332,0.340460926294,0.723257601261
0.281964600086,0.848179519176,0.669678926468,-0.888100028038,0.755238413811,0.848179519176
0.188138023019,0.253502190113,0.911182522774,-0.474238812923,0.834956288338,0.253502190113
0.269599854946,-0.00275576673448,1.33131587505,-0.0628210753202,0.438810229301,-0.00275576673448
0.365123569965,0.53450024128,1.54771876335,-0.207290709019,0.69048666954,0.53450024128
0.409248709679,-0.21106082201,1.62886977196,0.57736569643,0.464466571808,-0.21106082201
0.47955802083,-0.0171111002564,1.58402955532,-0.00173455290496,-0.181217998266,-0.0171111002564
0.288753092289,-1.4407325983,1.28135800362,0.17175117135,-0.891043424606,-1.4407325983
0.498226314783,-1.75593900681,1.15634155273,0.993364930153,-1.22976815701,-1.75593900681
0.411430716515,-1.86467313766,0.913132071495,0.931362092495,-0.612794280052,-1.86467313766
0.220625787973,-2.77028083801,0.968938648701,1.46556377411,-1.20808243752,-2.77028083801
0.159529417753,-2.86099433899,0.807367622852,0.951215267181,-1.54741811752,-2.86099433899
0.327544420958,-2.11268424988,0.524679303169,0.248414769769,-1.47961199284,-2.11268424988
0.114676915109,-3.03417468071,0.479595422745,1.03887438774,-0.929833292961,-3.03417468071
0.114434473217,-3.68566226959,0.512007057667,0.861723482609,-0.73527276516,-3.68566226959
0.257962435484,-3.3237247467,0.582191765308,0.807967364788,-0.401740342379,-3.3237247467
0.10570641607,-2.89703536034,0.416477918625,1.22396659851,0.230199754238,-2.89703536034
0.0741884484887,-3.0845708847,0.337763845921,1.16196370125,0.914979696274,-3.0845708847
-0.114284902811,-3.05494403839,0.386015832424,0.347680389881,0.98461830616,-3.05494403839
-0.306569874287,-2.05007076263,0.399662822485,0.377001911402,0.898486375809,-2.05007076263
-0.380867391825,-2.2366900444,0.455956786871,-0.178274616599,1.06250369549,-2.2366900444
-0.491449773312,-1.45294988155,0.58974635601,-1.4106951952,0.540213823318,-1.45294988155
-0.904159009457,-1.19149959087,0.612653911114,-1.35144126415,1.09518492222,-1.19149959087
-0.887867808342,-1.05130600929,1.06982910633,-0.621762752533,0.260437577963,-1.05130600929
-1.08064639568,-0.349116384983,1.13977015018,-0.998361170292,-0.351649403572,-0.349116384983
-0.740013301373,0.52319920063,1.13538360596,-1.18192625046,-0.804911375046,0.52319920063
-0.585494160652,1.88756668568,0.976493299007,-1.58509731293,-0.797275543213,1.88756668568
-0.530696630478,2.6154127121,0.999400794506,-0.631231188774,-0.162281170487,2.6154127121
-0.627703070641,3.0280520916,0.994283139706,0.575533092022,-0.227338314056,3.0280520916
-0.450968742371,2.97429585457,1.09176182747,1.69005680084,-0.169306114316,2.97429585457
-0.531437158585,2.48682546616,1.03229987621,0.804607570171,-0.478098511696,2.48682546616
-0.26682934165,2.35548949242,0.952854692936,1.27130866051,-0.336377769709,2.35548949242
-0.179943189025,2.60441708565,0.987703323364,1.33880925179,-0.882491350174,2.60441708565
-0.00641772663221,2.08090543747,0.714762866497,1.32781362534,-0.66991019249,2.08090543747
0.243173256516,2.5925052166,0.588040530682,1.34491789341,-0.447860658169,2.5925052166
0.086795642972,2.36434698105,0.503721356392,1.31590175629,0.027087058872,2.36434698105
0.0361244417727,1.1203199625,0.584628760815,1.83941328526,-0.039497256279,1.1203199625
0.243415698409,1.42056024075,0.527603685856,0.924031734467,-0.0132300490513,1.42056024075
0.155407845974,1.16185879707,0.460587054491,0.592942774296,0.246387690306,1.16185879707
0.196866095066,1.41353523731,0.51834321022,0.10883205384,0.282428741455,1.41353523731
0.132133036852,2.23820328712,0.477158427238,0.226118192077,0.168807789683,2.23820328712
0.150074020028,2.70704245567,0.630931138992,0.275903701782,-0.357147186995,2.70704245567
0.370214909315,2.91259860992,0.363352000713,-0.721639215946,-0.421898901463,2.91259860992
0.594719827175,2.41382718086,0.253932118416,-0.924141049385,-0.196489617229,2.41382718086
0.704790234566,1.34695088863,0.460830748081,-0.441252082586,-0.0117028858513,1.34695088863
0.807102501392,0.794423401356,0.571469068527,-0.740270614624,0.0704584866762,0.794423401356
0.622843563557,-0.433721184731,0.740838468075,-0.247607827187,0.217066153884,-0.433721184731
0.625267982483,-1.06107985973,0.943594157696,-0.177969187498,-0.0385809540749,-1.06107985973
0.613145709038,-0.817344546318,0.833686947823,-0.532881855965,-0.489094078541,-0.817344546318
0.462344348431,-1.04153215885,0.797863483429,-0.276318460703,-0.68060028553,-1.04153215885
0.403672456741,-1.20310604572,0.766670286655,-0.497757136822,-0.840646982193,-1.20310604572
0.404399782419,-0.986554205418,0.759846746922,-0.463548660278,-1.1317242384,-0.986554205418
0.360274642706,-0.847582399845,0.71914935112,-0.356952697039,-1.65493035316,-0.847582399845
0.341848760843,-0.773056805134,0.55465400219,-0.636423528194,-1.55932998657,-0.773056805134
0.312755227089,-0.665849983692,0.443771958351,-0.148036777973,-1.7123516798,-0.665849983692
0.342091202736,-0.869878947735,0.418914854527,-0.341375619173,-1.76488614082,-0.869878947735
0.416764527559,-0.600487411022,0.340444505215,-0.16391928494,-1.7590829134,-0.600487411022
0.430099070072,-0.518631458282,0.346293240786,-0.0396081991494,-1.58651340008,-0.518631458282
0.498711258173,-0.46731877327,0.301452994347,-0.175831153989,-1.58712434769,-0.46731877327
0.657513320446,-0.190291389823,0.105764433742,-0.401545852423,-1.20075201988,-0.190291389823
0.840802431107,-0.128594011068,-0.154740348458,-0.144066154957,-0.41640111804,-0.128594011068
0.983360588551,-0.0204708576202,-0.0265131443739,-0.0481603145599,0.198740184307,-0.0204708576202
0.904080808163,0.301149666309,0.0502015538514,-0.0554906949401,0.591526508331,0.301149666309
0.819952130318,0.602611720562,0.133545875549,0.638452231884,0.917728543282,0.602611720562
0.75352191925,0.666141688824,0.258074969053,0.665941178799,1.11290001869,0.666141688824
0.669393181801,0.791063606739,0.338251203299,0.858058273792,1.02737891674,0.791063606739
0.616055071354,0.429736852646,0.414284646511,0.953353285789,0.913452506065,0.429736852646
0.627692520618,0.526864409447,0.351654559374,0.808578193188,0.912230849266,0.526864409447
0.504529953003,0.374148070812,0.473259270191,1.25512075424,0.789752364159,0.374148070812
0.528047204018,0.256251096725,0.40843591094,0.931056678295,0.904289603233,0.256251096725
0.526592493057,0.315505027771,0.435242563486,0.730692863464,0.778756737709,0.315505027771
0.500893294811,0.032979849726,0.349461257458,0.679074764252,0.76653945446,0.032979849726
0.604902565479,0.0174027867615,0.367251157761,-0.282121688128,0.910398244858,0.0174027867615
0.549624860287,-0.0772813260555,0.148655071855,-0.0307506527752,1.14099991322,-0.0772813260555
0.505742132664,0.0965098366141,0.491292834282,0.654640138149,0.981258630753,0.0965098366141
0.385488986969,-0.0143622066826,0.387721657753,-0.86946862936,1.26256203651,-0.0143622066826
0.413127839565,0.20402212441,0.397713243961,0.157701268792,1.03593099117,0.20402212441
0.380397647619,0.531140446663,0.565133035183,-0.584194540977,0.768372058868,0.531140446663
0.304512053728,0.475857138634,0.434755176306,-2.03927564621,1.4992723465,0.475857138634
0.257720023394,0.703404486179,0.753998041153,-2.48642897606,1.36121678352,0.703404486179
0.208988383412,1.10688090324,0.826863408089,-3.35477375984,1.30959868431,1.10688090324
0.196866095066,1.03785312176,0.894367456436,-3.49191308022,1.48736047745,1.03785312176
0.226444482803,1.1945400238,0.949442923069,-3.13974928856,1.24087631702,1.1945400238
0.213837295771,0.767239868641,0.843434810638,-2.48795604706,1.53286993504,0.767239868641
0.194926515222,-0.239466056228,0.990871429443,-1.60831010342,1.74850535393,-0.239466056228
0.303542286158,-0.55436706543,1.08518207073,-1.37037813663,1.32151055336,-0.55436706543
0.298450917006,0.133467182517,0.951148808002,-0.887794554234,1.33433866501,0.133467182517
0.213352411985,0.527780711651,1.02840077877,-0.137041211128,1.5490578413,0.527780711651
0.0940690115094,-0.0314664319158,1.01353526115,-0.643448472023,1.76377701759,-0.0314664319158
0.0720064342022,-0.0311609990895,1.02961921692,-0.44216838479,1.94612026215,-0.0311609990895
0.0586719103158,0.299317121506,1.08445096016,0.139986172318,1.13000428677,0.299317121506
-0.0202405229211,-0.435859203339,1.02011501789,0.0908115357161,1.0402071476,-0.435859203339
0.0666726231575,0.183863565326,1.03863596916,0.603938341141,0.303503572941,0.183863565326
0.0484891831875,0.339634180069,0.979173958302,0.566370129585,0.349623918533,0.339634180069
0.0264266040176,0.789536476135,0.895585894585,0.140291616321,0.329159915447,0.789536476135
-0.139708966017,0.646899461746,0.956266462803,0.68579429388,0.0469401776791,0.646899461746
-0.0446772500873,0.451422572136,0.822233140469,0.0172022711486,0.500507593155,0.451422572136
-0.0444304160774,0.492350518703,1.03985440731,0.271016776562,-0.221535101533,0.492350518703
0.0370942242444,0.347880899906,1.05861902237,-0.494702786207,0.0484673380852,0.347880899906
0.0123647414148,0.0378667712212,0.994283139706,-0.691095948219,0.00845566764474,0.0378667712212
0.111282676458,0.346353709698,1.23846745491,-0.699037194252,-0.546515464783,0.346353709698
0.0972208082676,0.136216074228,1.01207304001,-1.2161346674,-0.18243971467,0.136216074228
0.0775826945901,-0.35827934742,1.00183773041,-0.897262990475,0.0344174392521,-0.35827934742
0.121950298548,0.0677991658449,1.00281262398,-1.17826104164,0.290369987488,0.0677991658449
-0.00740506965667,0.0335907153785,1.16950118542,-0.509363591671,-0.675713419914,0.0335907153785
-0.180436849594,0.215323120356,0.943594157696,-0.252494722605,-0.958544015884,0.215323120356
-0.213266000152,0.205549284816,1.01158559322,-0.391772001982,-0.0960022881627,0.205549284816
-0.364082574844,-0.0708672404289,1.0045183897,-0.152618274093,-0.234363272786,-0.0708672404289
-0.354209154844,0.0198462475091,1.00013196468,0.302170902491,-0.0062050987035,0.0198462475091
-0.363588899374,-0.404705107212,1.12100541592,0.459468722343,0.559150695801,-0.404705107212
-0.244614124298,-0.375078141689,1.16633307934,0.538270354271,0.368255287409,-0.375078141689
-0.240911588073,-0.505803287029,1.09566104412,0.384943157434,0.0783997401595,-0.505803287029
-0.192531809211,-0.573609352112,0.983316779137,0.7630687356,-0.22794918716,-0.573609352112
-0.104658313096,-0.312769889832,1.08396363258,0.678769350052,0.432090729475,-0.312769889832
-0.161924183369,-0.490226209164,1.05203926563,0.848895311356,0.0286142192781,-0.490226209164
-0.10095577687,-0.751676559448,0.952854692936,1.24320876598,-0.798191905022,-0.751676559448
0.0705517604947,-0.445938527584,0.899241387844,1.04070699215,0.353289097548,-0.445938527584
0.165590554476,0.244339227676,1.04740905762,1.23954367638,0.067709594965,0.244339227676
0.210200607777,0.538470864296,0.878527104855,1.23068606853,0.115662515163,0.538470864296
0.174803510308,0.559851109982,1.0656863451,1.51229500771,-0.880353212357,0.559851109982
0.193471848965,0.781289815903,0.858543992043,1.05628407001,-0.47657135129,0.781289815903
0.224747359753,1.49447488785,0.961384057999,0.940525114536,-0.151896461844,1.49447488785
0.0637632757425,1.58641016483,0.961384057999,0.202599868178,0.349013030529,1.58641016483
0.0591568052769,1.7464568615,1.07714009285,0.0975310504436,-0.275596678257,1.7464568615
0.0324877537787,1.80387818813,1.10565268993,-0.445833563805,0.0649607032537,1.80387818813
-0.0663987919688,0.900408506393,1.18680369854,-0.574115276337,-0.191297262907,0.900408506393
-0.170316591859,-0.0308555662632,1.30645883083,-0.169111639261,-0.852864384651,-0.0308555662632
-0.127614036202,-0.189680531621,1.05642580986,-0.368559122086,-0.0581286437809,-0.189680531621
-0.158468484879,0.266330361366,1.2996352911,-0.134292319417,0.244249641895,0.266330361366
-0.271766066551,-0.167078509927,1.30036640167,-0.153840005398,-0.0544634535909,-0.167078509927
-0.27719643712,-1.00029873848,1.17729949951,-0.076260112226,-0.0385809540749,-1.00029873848
-0.239924252033,-0.926384031773,1.15829110146,-0.236306816339,-1.06452906132,-0.926384031773
-0.195740669966,-1.20707666874,0.97259414196,-0.202098354697,-1.40569734573,-1.20707666874
-0.18019002676,-1.56443285942,0.902165770531,0.217260628939,-0.99580681324,-1.56443285942
-0.148101389408,-1.15484762192,0.946274876595,-0.796470224857,-0.863554477692,-1.15484762192
-0.165626719594,-1.45630967617,0.91361951828,-0.546626329422,-1.38187360764,-1.45630967617
-0.126133009791,-2.07603240013,0.807611346245,-0.203625515103,-1.36140966415,-2.07603240013
-0.000987342558801,-1.88360989094,0.759603083134,-0.744852125645,-1.07399749756,-1.88360989094
-0.0229557137936,-1.70035028458,0.713056981564,0.0346119254827,-1.31406760216,-1.70035028458
0.0223050247878,-2.0913040638,0.643115997314,-0.0423570945859,-1.00283169746,-2.0913040638
0.0273963883519,-2.08519554138,0.648964703083,-0.579613089561,-0.617375731468,-2.08519554138
0.101342387497,-1.72050893307,0.616553068161,-0.364588499069,-0.444500923157,-1.72050893307
0.125102087855,-1.76479661465,0.654813408852,-0.221646040678,0.114746212959,-1.76479661465
0.173833712935,-1.79045295715,0.756434977055,-0.534103631973,0.495926111937,-1.79045295715
0.360517084599,-1.38575470448,0.855132222176,-0.542044878006,0.550293087959,-1.38575470448
0.36415374279,-0.837808549404,0.873165786266,-0.657803833485,0.874357104301,-0.837808549404
0.364396214485,-0.370496630669,0.950905144215,-0.417122900486,1.31082034111,-0.370496630669
0.272509217262,0.162483289838,1.18363559246,-0.624511659145,1.44612705708,0.162483289838
0.175288408995,0.073296956718,1.25040853024,-0.11596634984,0.644671797752,0.073296956718
0.0552776679397,0.30053883791,1.13392150402,-0.195989713073,0.687432408333,0.30053883791
0.0121222957969,0.564432621002,1.01914024353,0.0453020706773,0.361535787582,0.564432621002
-0.00345569918863,0.661254763603,0.944568991661,0.267046153545,-0.0104811554775,0.661254763603
0.0281237270683,0.419963002205,0.870728850365,0.442669928074,0.0817594975233,0.419963002205
0.105463974178,0.720814108849,0.856594443321,0.652196705341,-0.111884787679,0.720814108849
0.104736633599,0.749219357967,0.811754226685,0.0883680731058,0.739050507545,0.749219357967
0.0921294540167,0.428209662437,0.938720285892,0.195880353451,0.433007001877,0.428209662437
0.0640057250857,0.331692934036,0.817602932453,0.259104907513,0.283345013857,0.331692934036
0.0758855715394,0.678053557873,0.861224651337,0.209013953805,0.520360708237,0.678053557873
0.0775826945901,1.10168850422,0.831493675709,0.157701268792,0.379556298256,1.10168850422
-0.0012341781985,1.18782055378,0.887787640095,0.163199052215,0.23081061244,1.18782055378
-0.0444304160774,0.9743232131,0.880720376968,-0.0170061849058,0.622680664062,0.9743232131
-0.0441835820675,0.923010528088,0.863905310631,0.120133064687,0.548155069351,0.923010528088
0.0593992471695,0.95294290781,1.11759376526,-0.0835904926062,0.515779256821,0.95294290781
0.0361244417727,0.835656821728,1.08518207073,-0.172165960073,-0.0144517794251,0.835656821728
0.1270416677,0.672861218452,0.850258290768,-0.257687091827,-0.0688187852502,0.672861218452
0.255537986755,1.17865753174,0.949199199677,0.205654188991,-0.110663056374,1.17865753174
0.176258176565,1.03540968895,1.18826580048,0.418540745974,-0.275902092457,1.03540968895
0.213352411985,1.14536547661,1.2387111187,0.376085609198,-0.401434898376,1.14536547661
0.338939398527,1.55922663212,1.28598833084,0.0437749102712,0.211873799562,1.55922663212
0.289238005877,1.57541453838,1.4497525692,-0.251578450203,0.102223485708,1.57541453838
0.177955299616,1.17743587494,1.29695463181,-0.406127333641,-0.445111781359,1.17743587494
0.0899474322796,1.29227852821,0.880720376968,-0.79952454567,-0.418233692646,1.29227852821
0.00290935090743,1.38085401058,0.865854918957,-0.314802974463,-0.487566918135,1.38085401058
0.0632783845067,1.10688090324,0.71500658989,-0.195989713073,-0.098445750773,1.10688090324
0.0336999818683,1.46332073212,0.662367999554,-0.6138215065,-0.300336718559,1.46332073212
-0.115272246301,2.04639172554,0.735477089882,-0.587859749794,-0.0474385023117,2.04639172554
-0.0918228551745,1.81762266159,0.659931063652,0.0538541823626,-0.142733484507,1.81762266159
0.0021820133552,1.62122941017,0.54734313488,-0.573504388332,0.0625172406435,1.62122941017
-0.123170986772,1.71957874298,0.601443827152,-0.365810215473,0.457747042179,1.71957874298
-0.248069822788,1.08641695976,0.605099320412,-0.13765206933,0.807772874832,1.08641695976
-0.259424269199,0.721424996853,0.536376774311,-1.10740065575,1.19597768784,0.721424996853
-0.43319657445,0.530835032463,0.900459825993,-0.0487711764872,1.23293507099,0.530835032463
-0.388272464275,-0.0152785032988,0.855863332748,0.763679623604,0.725000619888,-0.0152785032988
-0.359639555216,-0.1121006459,0.802006304264,0.192520588636,1.12694990635,-0.1121006459
-0.463804155588,0.203105822206,1.04448473454,0.0352227911353,1.09732294083,0.203105822206
-0.386297792196,-0.31460249424,1.01889657974,0.505894482136,0.465382874012,-0.31460249424
-0.267816662788,-0.657297849655,0.910695135593,0.474434912205,0.663303256035,-0.657297849655
-0.289291381836,-0.868657231331,1.06519901752,0.785670757294,0.76623404026,-0.868657231331
-0.339152157307,-1.37720263004,1.22798848152,1.20105910301,-0.0504928305745,-1.37720263004
-0.333228141069,-1.89368915558,1.19289600849,0.660748839378,-0.125934690237,-1.89368915558
-0.228322967887,-1.98348641396,1.33375287056,0.774675190449,-0.477793067694,-1.98348641396
-0.228569805622,-1.86375677586,1.34155118465,0.663192272186,-0.956711411476,-1.86375677586
-0.245107799768,-1.66339302063,1.27185380459,0.327827244997,-0.624095320702,-1.66339302063
-0.0804684236646,-1.07146453857,1.54430687428,-0.0145627232268,-0.0587395094335,-1.07146453857
-0.164145708084,-0.730296254158,1.44634079933,0.179997846484,-0.0382755249739,-0.730296254158
-0.0863924771547,-1.00732374191,1.24017333984,0.4249548316,-0.180301696062,-1.00732374191
-0.0878734886646,-0.948375165462,1.06617367268,0.229477927089,-0.350427657366,-0.948375165462
-0.0789874047041,-1.06627225876,0.998669683933,0.400520205498,-0.812241792679,-1.06627225876
-0.0039493702352,-0.737015783787,0.838317155838,0.374863892794,-0.785363674164,-0.737015783787
-0.0113544398919,-0.483812153339,0.866829693317,0.0575193762779,-0.513834118843,-0.483812153339
0.0230323635042,-0.241298630834,0.90850186348,0.13784815371,-0.884629368782,-0.241298630834
0.0620661564171,-0.144476503134,0.701115846634,0.480849027634,-1.15127193928,-0.144476503134
-0.0251772366464,-0.0161948017776,0.766426622868,0.0984473451972,-0.628982186317,-0.0161948017776
-0.017278496176,0.297484517097,0.869022905827,0.276209145784,-0.99641764164,0.297484517097
-0.0249303989112,0.570235848427,0.878039717674,0.71908646822,-1.10118103027,0.570235848427
-0.00666456250474,0.777319192886,0.80858618021,0.378529071808,-0.631120204926,0.777319192886
0.0666726231575,0.891856372356,0.943106770515,0.401131093502,-0.793915867805,0.891856372356
0.0487316288054,1.17957389355,0.915081679821,0.598135113716,-0.851031780243,1.17957389355
0.0392762348056,1.22050189972,0.844165861607,0.356232494116,-0.579196691513,1.22050189972
0.0615812651813,1.21439313889,0.756678700447,0.512614011765,-0.508641719818,1.21439313889
0.0467920601368,1.31274247169,0.721342682838,0.437477558851,-0.245664268732,1.31274247169
0.0603690333664,1.48958802223,0.742300570011,-0.00265085138381,-0.0886719077826,1.48958802223
0.0991603806615,1.18812596798,0.655300855637,0.242000684142,0.0927550718188,1.18812596798
0.18401645124,1.08061373234,0.640679001808,0.179386988282,0.410099565983,1.08061373234
0.148134455085,0.992954611778,0.672847032547,-0.232030749321,0.626040458679,0.992954611778
0.0960085839033,0.826493799686,0.751561105251,-0.15689432621,0.952547907829,0.826493799686
0.115646705031,0.837183952332,0.796644985676,-0.433616280556,0.790363192558,0.837183952332
0.0766129121184,0.853066444397,0.785922348499,-0.386579662561,0.595497131348,0.853066444397
0.0521258711815,0.672250330448,0.735964477062,-0.32610398531,1.19047999382,0.672250330448
0.0106676202267,0.701266467571,0.934577405453,-0.121158704162,1.12481188774,0.701266467571
-0.000493671279401,0.679580748081,1.04838383198,-0.053963534534,0.953464150429,0.679580748081
0.0477618463337,0.475246310234,1.12807273865,0.309501290321,1.11992502213,0.475246310234
0.0215776860714,0.329860389233,1.18704736233,0.49031740427,0.91925573349,0.329860389233
0.0237597003579,-0.0781976208091,1.20093798637,0.00193063728511,0.795250058174,-0.0781976208091
-0.0143164675683,-0.381492197514,1.2360304594,0.295451402664,0.414986491203,-0.381492197514
-0.0498607978225,-0.492058813572,1.17827427387,-0.180107206106,0.418346256018,-0.492058813572
-0.132303908467,-0.394625842571,1.21190440655,0.10638859123,0.189577206969,-0.394625842571
-0.0821962729096,-0.643247961998,1.27916479111,0.0382771193981,0.0457184463739,-0.643247961998
-0.0456645935774,-1.21562874317,1.36908900738,-0.00906493607908,-0.193129867315,-1.21562874317
-0.118481114507,-1.13896512985,1.29305553436,0.0401097163558,-0.575226068497,-1.13896512985
-0.0328291393816,-1.16187262535,1.1546356678,0.43931016326,-0.618597507477,-1.16187262535
-0.00715823378414,-0.958149015903,1.19582045078,0.286288410425,-0.500089645386,-0.958149015903
-0.013575960882,-0.839641153812,1.09468626976,0.446029692888,-0.776811599731,-0.839641153812
0.0130920791999,-0.695782363415,0.951148808002,0.382499694824,-1.04101073742,-0.695782363415
-0.0340633168817,-0.598654806614,0.917518615723,0.547127902508,-0.891654253006,-0.598654806614
0.0196381174028,-0.149057999253,0.787871897221,0.344320625067,-0.760318279266,-0.149057999253
-0.0039493702352,-0.193040296435,0.798594534397,0.163809925318,-1.15096652508,-0.193040296435
0.100130163133,-0.390960633755,0.736695587635,0.231310531497,-0.963736414909,-0.390960633755
0.182804211974,-0.191207692027,0.642872273922,0.11585701257,-0.576142430305,-0.191207692027
0.156135171652,-0.396458387375,0.672359585762,0.187328234315,-0.522997140884,-0.396458387375
0.184743791819,-0.304217755795,0.598763167858,0.0682095214725,-0.475655049086,-0.304217755795
0.162923648953,-0.110573485494,0.64823359251,0.0480509623885,-0.301558434963,-0.110573485494
0.154438048601,-0.367747724056,0.719636797905,0.311944752932,-0.06148840487,-0.367747724056
0.0768553614616,-0.553450763226,0.922879934311,-0.202098354697,0.0099828299135,-0.553450763226
0.116616487503,-0.512522816658,1.01865279675,-0.329463750124,-0.0853121504188,-0.512522816658
0.122435189784,-0.273979961872,1.01134192944,-0.16391928494,-0.0297234095633,-0.273979961872
0.150074020028,0.0271305479109,0.947249650955,0.0201240479946,0.0952129811049,0.0271305479109
0.178682640195,0.361579269171,0.915325343609,-0.100216403604,0.179512381554,0.361579269171
0.188622921705,0.429079860449,0.909232914448,-0.0724220350385,0.166989654303,0.429079860449
0.225474700332,0.19236959517,0.883401036263,-0.138395488262,0.163324460387,0.19236959517
0.209958165884,-5.20665198565e-05,0.930921971798,-0.173306614161,0.0665858313441,-5.20665198565e-05
0.156620055437,-0.189725726843,0.933602631092,-0.211180269718,0.278861492872,-0.189725726843
0.125586986542,-0.0886275246739,0.930190861225,-0.266769021749,0.164018839598,-0.0886275246739
0.0705517604947,-0.0519756153226,0.951879858971,0.193212524056,0.0989616885781,-0.0519756153226
0.115646705031,0.044693402946,0.917762339115,0.0716473311186,0.13873976469,0.044693402946
