-0.002468356397,0.00490017328411,0.971863031387,0.0182833988219,-0.025703843683,0.00490017328411
-0.0014810138382,0.00538286846131,0.976736962795,0.0177345611155,-0.0239714477211,0.00538286846131
-0.0027151920367,0.00224083475769,0.976493299007,0.0162223633379,-0.0234475191683,0.00224083475769
-0.00345569918863,0.00272636674345,0.974056303501,0.0150861060247,-0.023576984182,0.00272636674345
-0.0029620276764,0.00321590527892,0.974543690681,0.0178461875767,-0.0230662040412,0.00321590527892
-0.00172784959432,0.00309862196445,0.975518465042,0.0139430165291,-0.0211062803864,0.00309862196445
-0.0014810138382,0.00268494710326,0.971375644207,0.0152598889545,-0.0230499636382,0.00268494710326
-0.002468356397,0.00378151237965,0.975518465042,0.0151020316407,-0.0207953322679,0.00378151237965
-0.00370253482834,0.00243408605456,0.972350418568,0.0131274508312,-0.0191912092268,0.00243408605456
-0.002468356397,0.00385949853808,0.975031077862,0.0148121844977,-0.0200681854039,0.00385949853808
-0.0019746851176,0.00342551246285,0.977224349976,0.013743115589,-0.0194396693259,0.00342551246285
-0.00345569918863,0.00270569138229,0.976980626583,0.0108776027337,-0.0176107175648,0.00270569138229
-0.0022215207573,0.00497752614319,0.971863031387,0.013487752527,-0.0182299781591,0.00497752614319
-0.0027151920367,0.00214930251241,0.984779000282,0.0121171046048,-0.0203401912004,0.00214930251241
-0.000987342558801,0.00384412985295,0.968207597733,0.00992657616735,-0.0185115057975,0.00384412985295
-0.00444304151461,0.00223469361663,0.966745376587,0.0116574317217,-0.0185304284096,0.00223469361663
-0.0014810138382,0.00305101182312,0.981123507023,0.0100222565234,-0.0122474804521,0.00305101182312
-0.0014810138382,0.00294427294284,0.981854617596,0.010889403522,-0.0162680428475,0.00294427294284
-0.0014810138382,0.00193009898067,0.982098340988,0.0129338894039,-0.0163365062326,0.00193009898067
-0.000987342558801,0.00243103690445,0.966014266014,0.0110517647117,-0.0158475115895,0.00243103690445
-0.0019746851176,0.00233486667275,0.974299967289,0.0089118834585,-0.0135730206966,0.00233486667275
-0.002468356397,0.00108612701297,0.970157146454,0.00770385190845,-0.0119597967714,0.00108612701297
-0.002468356397,0.00342708453536,0.978686571121,0.00982928089797,-0.0148442694917,0.00342708453536
-0.000740506919101,0.00332799740136,0.976980626583,0.00953699089587,-0.0104456041008,0.00332799740136
-0.0019746851176,0.00081467628479,0.972350418568,0.00925444252789,-0.0119143798947,0.00081467628479
-0.0012341781985,0.00346498005092,0.974787354469,0.00833024270833,-0.012723505497,0.00346498005092
-0.0029620276764,0.00366997718811,0.970157146454,0.00950361415744,-0.0122893247753,0.00366997718811
-0.00172784959432,0.00145565345883,0.976005911827,0.00771563500166,-0.0106886066496,0.00145565345883
-0.0019746851176,-0.000404754653573,0.975031077862,0.00683263130486,-0.0118338409811,-0.000404754653573
-0.0029620276764,0.0016805510968,0.973812639713,0.00778590328991,-0.0085121197626,0.0016805510968
-0.0014810138382,0.000418290495872,0.97259414196,0.00906321592629,-0.00911416020244,0.000418290495872
-0.0027151920367,0.00189575087279,0.972350418568,0.00818576663733,-0.0070287687704,0.00189575087279
-0.0014810138382,0.000931667163968,0.969913482666,0.00493012182415,-0.00641848705709,0.000931667163968
-0.0039493702352,0.00120091438293,0.971375644207,0.00352927111089,-0.00739060901105,0.00120091438293
-0.0014810138382,0.00356832705438,0.977224349976,0.0036362297833,-0.00771963596344,0.00356832705438
-0.0032088633161,0.0013725310564,0.974299967289,0.0089002288878,-0.00867362320423,0.0013725310564
-0.0014810138382,0.00191728863865,0.975274801254,0.00505550019443,-0.0105320429429,0.00191728863865
-0.0012341781985,0.000987816601992,0.972106695175,0.00426620803773,-0.00754896458238,0.000987816601992
-0.0029620276764,0.0018507419154,0.975274801254,0.00351331941783,-0.00788785330951,0.0018507419154
-0.0019746851176,0.000883109867573,0.969669759274,0.0043021608144,-0.00732464529574,0.000883109867573
-0.0022215207573,0.00175961945206,0.97308152914,0.0059757027775,-0.00951318442822,0.00175961945206
-0.00172784959432,0.00171106401831,0.972350418568,0.00461570359766,-0.00588776078075,0.00171106401831
-0.0022215207573,0.00259530544281,0.970400869846,0.00478234514594,-0.00420011393726,0.00259530544281
-0.0019746851176,-0.000489145517349,0.974543690681,0.00612444058061,-0.00675271917135,-0.000489145517349
-0.00172784959432,0.00102865695953,0.970400869846,0.00385354086757,-0.00623744167387,0.00102865695953
-0.0029620276764,0.00307122990489,0.973568916321,0.00553698837757,-0.00692034419626,0.00307122990489
-0.0029620276764,0.000601798295975,0.971375644207,0.00327557325363,-0.00639443006366,0.000601798295975
-0.0027151920367,0.000566598027945,0.97259414196,0.00256074778736,-0.00529049430043,0.000566598027945
-0.00419620610774,-0.000673674046993,0.974543690681,0.00459263287485,-0.00630021188408,-0.000673674046993
-0.0022215207573,-0.000376155599952,0.974787354469,0.00386923924088,-0.0049092117697,-0.000376155599952
-0.00172784959432,0.00173343066126,0.971131920815,0.00313462875783,-0.00413488969207,0.00173343066126
-0.0032088633161,0.000184250995517,0.97308152914,0.00275508500636,-0.00427213404328,0.000184250995517
-0.002468356397,0.00229534506798,0.972837805748,0.00299383699894,-0.0044451802969,0.00229534506798
-0.0032088633161,0.0001419801265,0.976980626583,0.00587685406208,-0.0042616892606,0.0001419801265
-0.0027151920367,0.000732799991965,0.977468073368,0.00333409570158,-0.00653213169426,0.000732799991965
-0.0022215207573,0.00131402071565,0.973812639713,0.00236749276519,-0.00330636929721,0.00131402071565
-0.0012341781985,0.000349137932062,0.974543690681,0.00287908688188,-0.00372105836868,0.000349137932062
-0.00172784959432,0.00125354062766,0.973812639713,0.00368906930089,-0.00125520117581,0.00125354062766
-0.002468356397,0.000601066276431,0.974787354469,0.00391688011587,-0.00625284109265,0.000601066276431
-0.0014810138382,0.000856094993651,0.975518465042,0.0026103630662,-0.0039726132527,0.000856094993651
-0.002468356397,-8.34297388792e-05,0.974299967289,0.000416215509176,-0.00293930526823,-8.34297388792e-05
-0.0019746851176,-9.07424837351e-05,0.975762188435,0.000972660258412,-0.00437816046178,-9.07424837351e-05
-0.0019746851176,0.00079299043864,0.974543690681,0.00391799770296,-0.00212508998811,0.00079299043864
-0.002468356397,0.000796840526164,0.975274801254,-0.000686801970005,-0.004136165604,0.000796840526164
-0.00172784959432,0.00109581556171,0.976005911827,0.00228861346841,-0.00248671323061,0.00109581556171
-0.0039493702352,0.000488976016641,0.975762188435,0.00346400029957,-0.00208334065974,0.000488976016641
-0.0022215207573,0.0019842684269,0.971375644207,0.00307347811759,-0.00138301961124,0.0019842684269
-0.0022215207573,0.00165820680559,0.974543690681,0.00244109518826,-0.000125630758703,0.00165820680559
-0.0027151920367,0.00312966946512,0.972837805748,0.00207962095737,-0.00336417090148,0.00312966946512
-0.00345569918863,-0.00113341212273,0.976736962795,0.000804061070085,-0.000554393045604,-0.00113341212273
-0.002468356397,0.000665784813464,0.975031077862,0.000792402774096,-0.00229228846729,0.000665784813464
-0.00172784959432,-0.000272445380688,0.974787354469,0.00135649554431,-0.00306631065905,-0.000272445380688
-0.000987342558801,0.000612298958004,0.977468073368,0.00130623392761,-0.00149289425462,0.000612298958004
-0.00345569918863,0.000596937723458,0.975274801254,0.0018279645592,-0.00169801153243,0.000596937723458
-0.0014810138382,0.00150317326188,0.976493299007,0.00178217701614,-0.00281737558544,0.00150317326188
-0.0032088633161,0.000872661359608,0.975762188435,0.0023385155946,-0.000295840203762,0.000872661359608
-0.0014810138382,0.000568511895835,0.976493299007,0.00225047767162,-0.00382900610566,0.000568511895835
-0.0022215207573,-0.000931745395064,0.976736962795,7.84192234278e-05,0.000146992504597,-0.000931745395064
-0.0029620276764,-1.49328261614e-05,0.974299967289,0.00126186199486,-0.000458505004644,-1.49328261614e-05
-0.0027151920367,-0.0009506624192,0.975518465042,0.000924549996853,-0.00342098064721,-0.0009506624192
-0.0022215207573,-0.000358754768968,0.975762188435,0.000608576461673,0.000556557439268,-0.000358754768968
-0.0019746851176,0.0014600455761,0.977955460548,-0.000368122011423,-0.00213440321386,0.0014600455761
-0.0022215207573,-0.000360131263733,0.975518465042,-0.00129207968712,-0.00109675340354,-0.000360131263733
-0.0022215207573,-0.0012591201812,0.973568916321,0.00232934392989,0.000141000375152,-0.0012591201812
-0.0029620276764,-3.10968607664e-05,0.97259414196,0.00074515864253,-0.000769644975662,-3.10968607664e-05
-0.0022215207573,0.00145629420877,0.976736962795,0.00279718264937,-0.000718757510185,0.00145629420877
-0.0019746851176,-0.000399086624384,0.975031077862,0.0033247359097,-0.00251173600554,-0.000399086624384
-0.0027151920367,0.0014008693397,0.97259414196,-9.44193452597e-05,0.00118566770107,0.0014008693397
-0.0022215207573,-0.00134347006679,0.974787354469,0.00231112353504,-0.000905476510525,-0.00134347006679
-0.0022215207573,0.00137372128665,0.974299967289,0.00225427933037,-0.00115036033094,0.00137372128665
-0.0012341781985,0.00134812295437,0.975274801254,0.000988036394119,-0.000511419028044,0.00134812295437
-0.0019746851176,0.00160853564739,0.976980626583,0.00033431686461,-0.00260151363909,0.00160853564739
-0.0029620276764,0.00128995254636,0.975031077862,0.00118369609118,-0.00282519496977,0.00128995254636
-0.0027151920367,0.00036624725908,0.976736962795,0.00149501301348,-0.000358916819096,0.00036624725908
-0.0012341781985,-0.00056704506278,0.974543690681,0.00177576392889,-0.000372188165784,-0.00056704506278
-0.00370253482834,2.21729278564e-05,0.970888257027,0.00234745815396,-6.45313411951e-05,2.21729278564e-05
-0.0014810138382,0.000296496786177,0.976249575615,-0.000968465581536,-0.000347539782524,0.000296496786177
-0.0019746851176,0.000892260111868,0.973568916321,-1.51004642248e-05,-0.00124190188944,0.000892260111868
-0.0014810138382,-0.000929182395339,0.975518465042,0.000250373035669,-0.00243198685348,-0.000929182395339
-0.0022215207573,0.0014991350472,0.974299967289,-0.000984404236078,-0.00058950856328,0.0014991350472
-0.0022215207573,-0.000627690926194,0.977468073368,0.00142051838338,-0.00176096148789,-0.000627690926194
-0.0027151920367,0.00207573547959,0.96845126152,-0.00100398808718,7.93412327766e-05,0.00207573547959
-0.00370253482834,-0.000355469062924,0.975518465042,0.00166655890644,-0.000493619590998,-0.000355469062924
-0.0019746851176,-0.000643922016025,0.976493299007,0.00162110477686,0.00103442557156,-0.000643922016025
-0.00370253482834,0.000238061882555,0.972837805748,0.000365873798728,-0.00165227614343,0.000238061882555
-0.000987342558801,-0.000960975885391,0.973568916321,-0.000241871923208,-0.00280344858766,-0.000960975885391
-0.0027151920367,0.000862755812705,0.977468073368,0.00156798586249,-0.00242989510298,0.000862755812705
-0.0022215207573,-0.000372245907784,0.975762188435,-0.000826107338071,-0.00115780159831,-0.000372245907784
-0.002468356397,-0.00154084712267,0.974056303501,-0.000233305618167,-0.000538801774383,-0.00154084712267
-0.0014810138382,-3.84617596865e-05,0.975518465042,0.00037506967783,-0.00199205614626,-3.84617596865e-05
-0.00172784959432,0.000263118185103,0.972106695175,-0.00053833052516,-0.000724462792277,0.000263118185103
-0.00172784959432,-0.000916566699743,0.975518465042,-0.000560764223337,-0.000394968315959,-0.000916566699743
-0.00370253482834,-0.000295512378216,0.97308152914,0.00215052813292,-0.00216341018677,-0.000295512378216
-0.0014810138382,4.54299151897e-06,0.976736962795,0.00091802701354,-2.95843929052e-05,4.54299151897e-06
-0.0029620276764,-0.000280765816569,0.976005911827,-1.85165554285e-05,-1.34576112032e-05,-0.000280765816569
-0.0019746851176,0.000929788686335,0.975762188435,-7.80448317528e-06,0.000582542270422,0.000929788686335
-0.0029620276764,0.00177950784564,0.974543690681,0.0020995978266,0.000578267499804,0.00177950784564
-0.0027151920367,0.000493763945997,0.972837805748,0.000548306852579,-0.00177779048681,0.000493763945997
-0.0022215207573,0.00138325244188,0.976493299007,0.00142588280141,4.79314476252e-05,0.00138325244188
-0.00172784959432,-0.000439412891865,0.975518465042,-0.000733833760023,-0.00295161269605,-0.000439412891865
-0.0022215207573,0.00106663443148,0.974543690681,0.000456495210528,0.000134620815516,0.00106663443148
-0.002468356397,-0.000455271452665,0.975762188435,0.00164247862995,-0.000775810331106,-0.000455271452665
-0.0014810138382,0.0145647739992,0.975762188435,-0.000183781608939,-0.00373275578022,0.0145647739992
-0.00172784959432,0.000772775150836,0.974787354469,-0.00199459306896,0.00112074427307,0.000772775150836
-0.0012341781985,-0.00164023507386,0.978686571121,0.00106983445585,-0.00189941748977,-0.00164023507386
-0.00172784959432,0.000781500712037,0.970644593239,-0.000146832317114,-0.00128093361855,0.000781500712037
-0.0029620276764,-0.000746043398976,0.973325252533,-0.000462425872684,0.000853762030602,-0.000746043398976
-0.000740506919101,-0.00194760970771,0.976736962795,-0.000742265954614,0.000535098835826,-0.00194760970771
-0.00370253482834,0.000799811445177,0.977468073368,0.000783970579505,0.00201875995845,0.000799811445177
-0.0012341781985,0.00139394029975,0.976493299007,-0.00129378400743,0.00108085758984,0.00139394029975
-0.0022215207573,-0.00194067321718,0.971863031387,0.00201730243862,-0.000121036544442,-0.00194067321718
-0.000987342558801,0.000791375525296,0.973325252533,-0.000427097082138,-0.000432442873716,0.000791375525296
-0.00493671279401,-0.0010317498818,0.974056303501,0.000207925215364,-0.00103881396353,-0.0010317498818
-0.0012341781985,-0.00102764274925,0.976493299007,-0.00104562565684,0.00197861623019,-0.00102764274925
-0.00345569918863,-0.000102587044239,0.974056303501,0.00016013905406,-0.000764789059758,-0.000102587044239
-0.0022215207573,0.000496383756399,0.976005911827,0.000119473785162,0.000721821561456,0.000496383756399
-0.0012341781985,-0.000416011549532,0.974787354469,0.00103657878935,0.0025147004053,-0.000416011549532
-0.0022215207573,-0.000392051413655,0.972350418568,0.00191806815565,-0.00174302607775,-0.000392051413655
-0.0012341781985,-0.00157513469458,0.970157146454,7.75754451752e-05,-0.00082440674305,-0.00157513469458
-0.00370253482834,-0.000911940820515,0.976980626583,-0.00111611187458,-0.00201326794922,-0.000911940820515
-0.00172784959432,-0.000285993330181,0.976005911827,-0.000829083845019,0.00106187723577,-0.000285993330181
-0.00444304151461,0.000919688493013,0.969426035881,0.00247156061232,-0.000134337693453,0.000919688493013
-0.000987342558801,-0.00119791924953,0.977468073368,0.000357745215297,-0.000129859894514,-0.00119791924953
-0.002468356397,0.00211501959711,0.970644593239,-0.00147616304457,-0.00102642737329,0.00211501959711
-0.000987342558801,0.000873607583344,0.973568916321,-0.000841503962874,-0.000401711091399,0.000873607583344
-0.0148101393133,-0.277375519276,0.981123507023,-0.0329119265079,-0.180301517248,-0.277375519276
-0.074791200459,0.397936016321,1.07933330536,-0.162415355444,-0.0792033299804,0.397936016321
-0.558835864067,2.24000024796,0.913132071495,-0.15416868031,-0.0529361218214,2.24000024796
0.128496333957,-0.236752986908,1.64349150658,0.430734783411,-2.17141675949,-0.236752986908
-0.0871329829097,1.21893894672,1.32717299461,-0.530156254768,-4.87632846832,1.21893894672
-0.18265837431,1.55399847031,0.986728549004,-0.2723711133,-4.85036659241,1.55399847031
0.312027901411,1.720459342,1.16097176075,-1.02220821381,-2.21417737007,1.720459342
0.0817042738199,3.30779266357,1.21775317192,-1.02984392643,0.781200408936,3.30779266357
0.207291260362,0.61448776722,1.13392150402,2.22087550163,-1.77343809605,0.61448776722
0.128011450171,0.174970194697,0.629712641239,1.62131118774,-1.31009685993,0.174970194697
0.141345962882,3.30137848854,1.52749192715,-0.372858434916,1.21949613094,3.30137848854
0.317604124546,2.46602034569,0.832712113857,-2.41620254517,6.2145409584,2.46602034569
-0.348285108805,-0.863806128502,0.864149034023,-1.3364982605,2.52308273315,-0.863806128502
0.267660290003,0.94068980217,1.29500508308,1.20103597641,0.902762591839,0.94068980217
0.464283943176,1.61477959156,1.24261021614,2.87938809395,4.5450463295,1.61477959156
-0.0839241147041,0.120603196323,0.799081981182,2.76607275009,5.08474588394,0.120603196323
-0.386791467667,0.315163761377,0.359209179878,-0.365833491087,-1.33147716522,0.315163761377
0.327302008867,2.15417361259,0.802737414837,-0.695395290852,0.615045070648,2.15417361259
-0.112310223281,2.13554215431,0.782510578632,-2.48309230804,0.430563718081,2.13554215431
-0.192778632045,1.28796672821,0.695754528046,-2.49928021431,0.465688467026,1.28796672821
-0.336930662394,0.979174315929,0.704040229321,-0.386297464371,-1.230073452,0.979174315929
-0.135019108653,0.645031034946,0.697947800159,-0.250379949808,-2.19798946381,0.645031034946
-0.0552911870182,1.11936795712,0.72792249918,-0.0457400977612,-1.6897495985,1.11936795712
0.0218201316893,1.16335022449,0.7578971982,0.257554501295,-1.21571815014,1.16335022449
0.0550352223217,0.26018589735,0.977955460548,1.78532850742,-1.89866554737,0.26018589735
0.409006237984,-0.135654777288,1.09468626976,1.24410188198,-1.23404407501,-0.135654777288
0.384034335613,-0.468270897865,1.26551771164,1.18148827553,-0.448165953159,-0.468270897865
0.226686939597,-1.4199988842,1.32229912281,2.66650176048,-0.876076996326,-1.4199988842
0.162196308374,-1.55744361877,1.38346707821,2.46613788605,-0.993668615818,-1.55744361877
0.267902731895,-1.0806633234,0.990140318871,1.59534943104,0.48615244031,-1.0806633234
-0.00641772663221,-1.1286162138,0.514200389385,1.30030155182,-0.215426266193,-1.1286162138
-0.278183788061,-2.27185058594,0.87170368433,0.892243504524,-0.15159085393,-2.27185058594
-0.0167848244309,-1.56599569321,0.563183367252,0.129883661866,1.21705269814,-1.56599569321
-0.0256709065288,-0.949021816254,0.316074818373,0.0177898872644,1.31082046032,-0.949021816254
-0.0947848856449,-1.16557359695,0.398444354534,0.649729967117,0.371920645237,-1.16557359695
-0.190803959966,-1.35341465473,0.377242714167,-0.0622334629297,1.98613202572,-1.35341465473
-0.318417996168,-1.68175470829,0.482763439417,0.746246695518,1.33128452301,-1.68175470829
-0.37568384409,-1.56905007362,0.879989326,1.24013125896,-0.687319636345,-1.56905007362
-0.550690293312,-1.03362667561,0.952854692936,-0.44402423501,-0.506808996201,-1.03362667561
-0.7395195961,-1.11090111732,0.805174410343,0.691879689693,0.166059076786,-1.11090111732
-0.613633453846,-0.789891421795,0.998182296753,1.36688578129,-0.881880223751,-0.789891421795
-0.542051076889,-0.0238664336503,0.873165786266,-0.515190005302,0.279985427856,-0.0238664336503
-0.500829517841,-0.481404513121,0.751317381859,-0.106521189213,-0.16380815208,-0.481404513121
-0.385310441256,-0.480793654919,0.783729076385,0.217542827129,-0.789945006371,-0.480793654919
-0.354456007481,-0.0565477274358,0.746930897236,-0.887206971645,-0.621957063675,-0.0565477274358
-0.302620500326,1.20885968208,0.833686947823,-0.751594901085,-0.173887431622,1.20885968208
-0.170563444495,2.09461426735,1.06324934959,-0.926913201809,-0.731912791729,2.09461426735
-0.198702692986,2.65844297409,1.20751798153,-1.78273534775,0.654445827007,2.65844297409
-0.193272307515,2.87194037437,1.24967753887,-0.665157437325,1.8120354414,2.87194037437
-0.0979937538505,3.6031460762,1.46924829483,-0.120571091771,1.53714609146,3.6031460762
0.0198805648834,4.26746177673,1.58086144924,-0.2241127491,1.70391225815,4.26746177673
0.0678848549724,3.35788369179,1.42002153397,0.764878094196,2.28301262856,3.35788369179
-0.0293734427541,2.41684579849,1.33618986607,0.61368894577,1.84166240692,2.41684579849
-0.055044349283,2.22411775589,1.15292978287,0.530611276627,-0.402656495571,2.22411775589
-0.163405194879,2.00267887115,0.963089942932,0.84306883812,-1.26244938374,2.00267887115
-0.125886186957,0.804466843605,1.07153511047,0.748079299927,-0.543460905552,0.804466843605
-0.0567722022533,1.18075990677,1.03278720379,0.293595552444,-0.292089879513,1.18075990677
-0.0291266068816,2.64256048203,0.724998116493,0.894076108932,-1.53611695766,2.64256048203
-0.0644241049886,2.30414104462,0.828569293022,1.35711205006,-2.66774463654,2.30414104462
0.110070444643,1.77604806423,0.8748716712,0.497013688087,-2.16011571884,1.77604806423
0.251416414976,2.08728384972,0.491049170494,1.20256304741,-1.14088714123,2.08728384972
0.40536954999,2.48587346077,0.622158110142,1.73768103123,-2.32810354233,2.48587346077
0.387428551912,1.40250396729,0.793720662594,0.262441426516,-1.19525420666,1.40250396729
0.458465218544,0.955045163631,0.648720979691,-0.192958623171,-0.897457301617,0.955045163631
0.586961567402,1.05400526524,0.702090620995,0.0730731934309,-1.0614746809,1.05400526524
0.5697478652,0.536297023296,0.621426999569,0.493959367275,-1.16898691654,0.536297023296
0.62914711237,0.0240864865482,0.519805371761,0.566957712173,-0.793304800987,0.0240864865482
0.651209771633,-0.219954177737,0.536376774311,0.0193170513958,0.053965292871,-0.219954177737
0.607811927795,-0.195825010538,0.555628836155,-0.399125635624,0.402769356966,-0.195825010538
0.555443584919,-0.0360837392509,0.539544820786,-0.0933875888586,-0.116160683334,-0.0360837392509
0.475678890944,0.0100365867838,0.466923177242,0.0898719877005,-0.334239572287,0.0100365867838
0.403672456741,0.220479667187,0.423301428556,-0.1758543998,-0.343097120523,0.220479667187
0.319786161184,-0.158867657185,0.392351925373,0.0358104109764,-0.311942994595,-0.158867657185
0.358577519655,-0.144206896424,0.583410263062,0.100562125444,-0.615543007851,-0.144206896424
0.365608423948,0.177413657308,0.45498201251,0.0700188651681,-0.897457301617,0.177413657308
0.310815691948,-0.163143709302,0.45425093174,0.658587515354,-1.00374794006,-0.163143709302
0.360032200813,-0.463689416647,0.574149727821,0.304285675287,-1.25878417492,-0.463689416647
0.416522085667,-0.793862044811,0.613384962082,-0.060706295073,-1.9789942503,-0.793862044811
0.429371714592,-1.36746454239,0.545637249947,0.597195565701,-1.50374114513,-1.36746454239
0.658483088017,-2.31949806213,0.594620287418,-1.19416666031,-1.22549200058,-2.31949806213
0.608539223671,-3.68447637558,0.724267065525,-1.62940824032,-2.38766312599,-3.68447637558
0.475193977356,-5.30204772949,0.331671416759,0.111557707191,-2.9010951519,-5.30204772949
0.395671725273,-5.25776004791,0.647989869118,-1.3829240799,-2.89498662949,-5.25776004791
0.485861629248,-3.57452058792,-0.07254961133,-1.88536071777,-1.57154715061,-3.57452058792
0.18401645124,-3.48380708694,0.115999706089,-1.91865289211,-0.120436735451,-3.48380708694
0.138921499252,-3.06444811821,0.380898177624,-0.80565649271,-1.87178742886,-3.06444811821
0.00193956738804,-2.26054954529,0.246133819222,-1.35848939419,-1.48144447803,-2.26054954529
-0.170316591859,-2.96976399422,0.257831275463,-0.785497903824,-0.621040761471,-2.96976399422
-0.0589937195182,-2.58125376701,0.514687716961,0.815885305405,-2.17874717712,-2.58125376701
-0.173772290349,-2.16067314148,0.598275780678,-0.113240711391,-1.24167990685,-2.16067314148
-0.178709000349,-1.91418886185,0.633124411106,-0.600100338459,-1.95975196362,-1.91418886185
-0.245848298073,-0.4523884058,0.550267517567,-0.321240335703,-1.1341676712,-0.4523884058
-0.34359523654,1.45839810371,0.604855597019,-1.32764077187,0.00326348096132,1.45839810371
-0.385310441256,3.19020104408,0.767645061016,-2.11199164391,-1.38065171242,3.19020104408
-0.200183704495,4.2839550972,0.800056755543,-4.14159154892,-0.570338964462,4.2839550972
-0.291266053915,4.0142583847,0.50908267498,-4.62478637695,1.07930254936,4.0142583847
-0.374696522951,4.23478078842,0.538570046425,-4.55423116684,-3.02693343163,4.23478078842
0.0332150906324,5.82180833817,0.72889727354,-3.36060023308,-7.7736620903,5.82180833817
0.436887532473,6.44489097595,1.10662734509,-3.04631018639,-5.28835678101,6.44489097595
0.825770795345,4.66605138779,1.0427788496,-3.5087351799,0.849922716618,4.66605138779
1.14773893356,4.53715896606,0.690636873245,-4.97481203079,0.42598220706,4.53715896606
1.17101371288,4.59641265869,0.397469580173,-3.71795654297,-0.982062160969,4.59641265869
0.398096203804,3.18714666367,0.240528792143,-3.5808172226,-0.472905993462,3.18714666367
-0.129095047712,0.138623714447,0.0185209605843,-0.530461668968,0.65169698,0.138623714447
0.469132840633,-2.03544569016,-0.00313337170519,2.6466486454,1.12878262997,-2.03544569016
0.264993369579,-4.19271612167,0.246864914894,2.20224404335,-0.88829433918,-4.19271612167
0.523925602436,0.329213678837,0.542712926865,2.70101547241,2.00506901741,0.329213678837
0.403430014849,0.722000062466,0.992089867592,2.97376680374,0.326411187649,0.722000062466
0.59520471096,1.74703192711,0.899485111237,1.6817868948,0.226229295135,1.74703192711
0.330696254969,0.996583998203,0.681620121002,-0.768088281155,1.66664946079,0.996583998203
0.268630087376,-0.912064492702,0.458150088787,-2.10618853569,2.25277471542,-0.912064492702
0.367547988892,0.647474467754,0.889249801636,2.80211377144,-0.183661282063,0.647474467754
0.35251635313,0.811491787434,0.724998116493,1.38246285915,1.0655580759,0.811491787434
0.21214017272,0.273014068604,0.607536256313,1.08863675594,1.97086036205,0.273014068604
0.038064006716,0.746740102768,0.886812806129,2.91726183891,1.02890622616,0.746740102768
0.139648854733,0.518581926823,1.19630789757,1.91299939156,-0.494591683149,0.518581926823
-0.113791234791,-0.135349348187,0.901190936565,-1.65659165382,0.797693729401,-0.135349348187
0.149104237556,0.0622655674815,0.853426337242,-0.280312359333,-1.4472360611,0.0622655674815
0.0215776860714,0.154506221414,0.616553068161,0.286265164614,-4.09350442886,0.154506221414
0.613630592823,0.0775371938944,0.83344322443,1.79235351086,-4.53546524048,0.0775371938944
0.247294843197,1.44770801067,0.219814553857,-2.24302244186,0.520360946655,1.44770801067
0.038064006716,0.617236673832,0.386746883392,-1.19905364513,0.962627351284,0.617236673832
0.221595570445,1.19114458561,0.762283742428,-1.3603219986,0.0909226387739,1.19114458561
-0.000740506919101,-0.19643586874,0.582922816277,0.184250667691,-0.105470530689,-0.19643586874
0.547442913055,0.844783961773,0.705014944077,0.359874427319,0.552125930786,0.844783961773
0.351061671972,0.359146058559,1.01353526115,0.0611613169312,0.607714653015,0.359146058559
0.564656555653,0.127322718501,1.0149974823,-0.686537742615,1.70971548557,0.127322718501
0.564899027348,0.616014957428,1.03059399128,-0.447689443827,0.523415267467,0.616014957428
0.244870379567,1.13861012459,0.89656072855,-0.445245981216,-0.39318805933,1.13861012459
0.152256026864,1.56957554817,1.05593836308,0.0859013572335,-0.842479407787,1.56957554817
0.0921294540167,0.106553293765,1.22433292866,1.64146971703,0.344737142324,0.106553293765
0.141588404775,2.32979726791,1.05788803101,-0.435472130775,-0.0153679084033,2.32979726791
0.0686121881008,2.46540951729,0.888518750668,0.192191913724,-0.171443969011,2.46540951729
0.0409733578563,1.75344598293,0.970400869846,0.781066000462,-1.43562960625,1.75344598293
0.038064006716,1.61447417736,0.869510352612,0.837571024895,-1.28046989441,1.61447417736
0.0899474322796,1.90921664238,0.682838559151,1.13903307915,-0.952129721642,1.90921664238
-0.0167848244309,1.1630448103,0.584385037422,2.23064923286,-0.778338551521,1.1630448103
0.0067884856835,1.09920930862,0.65237647295,2.55715680122,-0.792693912983,1.09920930862
0.0848560705781,1.41533207893,0.688687264919,2.58770012856,-0.280788868666,1.41533207893
0.027153942734,1.38875949383,0.778855085373,2.56418180466,-0.0324721336365,1.38875949383
0.0848560705781,2.26443481445,0.832712113857,1.96461749077,0.255856245756,2.26443481445
0.00169712142088,1.34386086464,0.933358967304,1.78074705601,-0.34706774354,1.34386086464
-0.108360849321,0.667633056641,0.95553535223,1.3210709095,-0.54529350996,0.667633056641
0.0336999818683,0.795303881168,1.02425789833,0.637512683868,0.167280808091,0.795303881168
-0.129835546017,-0.0941159427166,1.23408079147,0.754493355751,-0.110968314111,-0.0941159427166
-0.152297601104,-0.855864882469,1.4675424099,0.741665184498,-0.313164710999,-0.855864882469
-0.0945380553603,-1.62280619144,1.4139291048,0.00587801449001,-0.206874161959,-1.62280619144
0.0533381029963,-1.65670919418,1.21750938892,-1.82855021954,0.387497723103,-1.65670919418
0.0128496335819,-2.59499812126,1.10882055759,-2.134288311,0.564343214035,-2.59499812126
0.0797647088766,-3.21075034142,1.01621592045,-1.9174311161,0.461412400007,-3.21075034142
0.17577329278,-3.2278547287,0.924098432064,-1.59061825275,0.42078986764,-3.2278547287
0.218686208129,-3.55527830124,0.931653022766,-0.882930934429,0.33374157548,-3.55527830124
0.144497767091,-3.91171836853,0.855132222176,-0.293751388788,0.374058663845,-3.91171836853
0.17334882915,-3.70982718468,0.737426698208,-0.183184787631,0.443391889334,-3.70982718468
0.0218201316893,-4.00365352631,0.762040019035,0.249918669462,0.276320248842,-4.00365352631
-0.0525759905577,-4.54701805115,0.834174335003,0.60880202055,0.0399153977633,-4.54701805115
0.000242445923504,-4.11086034775,0.825157523155,0.933171451092,-0.407237976789,-4.11086034775
0.027153942734,-3.19670057297,0.747418224812,0.851620972157,-0.158615797758,-3.19670057297
-0.00518354866654,-2.71106266975,0.889493465424,0.97776466608,-0.0627099648118,-2.71106266975
-0.0740506947041,-2.62829041481,0.995014250278,1.46034824848,-0.384941399097,-2.62829041481
-0.0234493874013,-2.18999457359,0.899485111237,1.28808426857,-0.065153427422,-2.18999457359
-0.008639248088,-2.2648255825,0.828081905842,1.26090073586,0.287621229887,-2.2648255825
-0.0385063625872,-2.03178048134,0.739863634109,0.673248291016,0.319997102022,-2.03178048134
0.120980508626,-1.13258683681,0.565864086151,0.211739599705,0.768983066082,-1.13258683681
-0.10144944489,-0.93069589138,0.698678910732,0.604525923729,0.623902618885,-0.93069589138
-0.175993815064,-0.190938085318,0.999644458294,0.704402446747,-0.0773707330227,-0.190938085318
-0.280898958445,0.267210841179,1.23700523376,-0.120571091771,0.473324269056,0.267210841179
-0.347297757864,0.386329561472,1.33472764492,-0.0457400977612,-0.0804250612855,0.386329561472
-0.288550883532,0.242165371776,1.2055683136,0.325360536575,-0.0483546331525,0.242165371776
-0.236715376377,0.378999203444,0.983073055744,-0.530156254768,0.0331958793104,0.378999203444
-0.142177328467,0.894264042377,0.813216388226,-1.08512723446,0.00631780736148,0.894264042377
-0.0888608321548,1.08424317837,0.749124109745,-0.320629447699,0.137348398566,1.08424317837
-0.115519076586,1.19206082821,0.978930234909,0.794505059719,0.00784497056156,1.19206082821
-0.0281392633915,1.94831204414,1.17729949951,1.47806334496,-0.482068955898,1.94831204414
-0.0696076527238,2.14745402336,1.11929965019,0.666528761387,-0.268876999617,2.14745402336
-0.0414683893323,2.03322219849,1.00695538521,-0.26778960228,-0.196794882417,2.03322219849
0.119525842369,2.31024980545,0.916300177574,-0.245187610388,-0.155561476946,2.31024980545
0.133345246315,2.2766520977,0.844896972179,0.153707399964,0.169113397598,2.2766520977
0.152256026864,2.37775039673,0.760577857494,0.257554501295,0.225618436933,2.37775039673
0.210927948356,2.70364689827,0.636292517185,0.00801604427397,0.302587449551,2.70364689827
0.232263192534,2.92142033577,0.530528068542,-0.087278932333,0.765012443066,2.92142033577
0.166802793741,2.32613229752,0.473746687174,0.245948046446,0.72744423151,2.32613229752
0.161226540804,2.36247873306,0.432561904192,0.539468824863,0.768983066082,2.36247873306
0.172136589885,2.23969483376,0.581948101521,0.653395175934,0.807467579842,2.23969483376
0.00775826955214,0.949852764606,1.22896325588,0.810387551785,0.519444644451,0.949852764606
0.0463071726263,-0.187272891402,1.82918846607,0.954857170582,-0.466491907835,-0.187272891402
0.295056670904,-0.542796432972,1.65884447098,0.0978132337332,-0.625316858292,-0.542796432972
0.258932232857,-1.60142588615,1.53626489639,-2.35084009171,-0.886461734772,-1.60142588615
0.434705525637,-2.7238907814,1.32424867153,-1.47485923767,-1.62805223465,-2.7238907814
0.712306082249,-2.20373892784,0.978199124336,1.12131798267,-1.61278057098,-2.20373892784
0.687819063663,-1.05409061909,0.709401547909,2.82960271835,-1.10240268707,-1.05409061909
0.70309317112,0.461466014385,0.66943526268,4.13227272034,-1.65829002857,0.461466014385
0.57168751955,2.24458169937,0.417209029198,3.08005738258,-1.21663451195,2.24458169937
0.40609690547,1.56132888794,0.170831486583,3.00583720207,-1.24656689167,1.56132888794
0.373609155416,-0.382444322109,0.089193046093,3.65060544014,-1.11034393311,-0.382444322109
0.269599854946,-1.19184076786,0.109176188707,3.40228891373,-0.742602944374,-1.19184076786
0.528532147408,-0.081898637116,0.0458150058985,1.64482951164,-0.407848834991,-0.081898637116
0.475193977356,0.225977450609,-0.084360010922,0.457612872124,0.0777890384197,0.225977450609
0.156620055437,-1.35830152035,0.23297418654,0.837876498699,-0.356230735779,-1.35830152035
-0.0594873912632,-2.49298381805,0.654326021671,0.527556955814,-0.617070138454,-2.49298381805
-0.0461582653224,-2.06201839447,0.739863634109,0.0990349650383,-1.10240268707,-2.06201839447
0.115161806345,-1.47161698341,0.443771958351,-0.594602525234,-1.55199944973,-1.47161698341
0.170439466834,-1.83141672611,0.115512304008,-1.54419243336,-1.08743643761,-1.83141672611
0.128496333957,-2.79811096191,0.228831335902,-1.74180734158,-1.82811057568,-2.79811096191
-0.154025450349,-3.48319625854,0.647502541542,-0.867964744568,-3.00036096573,-3.48319625854
-0.209316626191,-2.84209322929,0.906064867973,-1.48768746853,-3.15674233437,-2.84209322929
0.0494589656591,-1.53820133209,0.769594669342,-1.90246498585,-3.45056843758,-1.53820133209
0.0402460247278,-1.33905923367,0.515662550926,-1.56923794746,-4.3399887085,-1.33905923367
0.00339424284175,-1.77277362347,0.289268165827,-2.23447012901,-4.13290548325,-1.77277362347
0.191289827228,-2.28620576859,-0.0101232007146,-2.05976271629,-2.12621259689,-2.28620576859
0.181834444404,-3.09010457993,0.0645796656609,-0.570778787136,-1.14455235004,-3.09010457993
-0.0195000171661,-3.05100917816,0.290242940187,-0.135231852531,-0.845839202404,-3.05100917816
-0.164392545819,-2.08431482315,0.458881169558,-1.08543264866,0.0603793784976,-2.08431482315
-0.262633115053,-1.79629194736,0.501771807671,-0.787025094032,-0.0703457817435,-1.79629194736
-0.227088809013,-1.27766728401,0.551485955715,-0.290391623974,-0.725193321705,-1.27766728401
-0.154765963554,-0.353122800589,0.585847198963,-0.478843569756,-0.718168377876,-0.353122800589
-0.165873557329,-0.516834676266,0.56488931179,-0.497780382633,-0.0966129899025,-0.516834676266
-0.233506515622,-1.11242830753,0.690393149853,-0.0533759146929,-0.30094742775,-1.11242830753
-0.221658408642,-1.12983798981,0.804686963558,-0.0527650490403,-0.760012626648,-1.12983798981
-0.201664730906,-0.881215751171,0.871216237545,-0.319407731295,-0.918837606907,-0.881215751171
-0.210550814867,-0.977732479572,0.999157071114,0.180280044675,-0.966790497303,-0.977732479572
-0.143905177712,-0.864111542702,1.08103919029,-0.171883776784,-0.690068542957,-0.864111542702
-0.281145781279,-0.659166276455,1.05642580986,-0.495336920023,-0.802773177624,-0.659166276455
-0.302620500326,-0.515612900257,0.871947288513,-0.527712762356,-0.870884656906,-0.515612900257
-0.215734362602,-0.226062834263,0.68186378479,-0.745180785656,-1.21938335896,-0.226062834263
-0.183398887515,0.090059928596,0.489830642939,-1.13063669205,-1.33453142643,0.090059928596
-0.113050721586,0.0256136506796,0.263923704624,-1.34871566296,-0.811630725861,0.0256136506796
-0.0844177901745,-0.507977128029,0.353116750717,-0.753427505493,-0.179385215044,-0.507977128029
-0.0476392805576,-0.75721013546,0.37870490551,-0.515190005302,0.113524653018,-0.75721013546
-0.148101389408,-0.696123600006,0.448889583349,-0.284282982349,0.754933178425,-0.696123600006
-0.351493954659,-1.25201094151,0.596813619137,-0.383243143559,1.17643010616,-1.25201094151
-0.442823171616,-1.32928538322,0.718905687332,-0.636141359806,1.66267883778,-1.32928538322
-0.735817074776,-1.51285040379,0.978686571121,-0.508165061474,2.58844518661,-1.51285040379
-0.922177970409,-1.95572769642,1.36348390579,-0.910419881344,2.62723517418,-1.95572769642
-1.05127310753,-1.16129744053,1.29792940617,-1.82457959652,2.72772264481,-1.16129744053
-1.10508322716,-1.84516108036,1.00866127014,-1.86520218849,2.67152285576,-1.84516108036
-0.908601999283,-1.7086327076,0.796888709068,-1.95652651787,1.90152716637,-1.7086327076
-0.634614467621,-0.850977957249,0.534914553165,-2.31968593597,1.68069934845,-0.850977957249
-0.804931044579,-1.0088865757,0.46716684103,-2.33098697662,1.34350180626,-1.0088865757
-0.684475243092,-0.484764248133,0.387477993965,-2.60893058777,1.43360435963,-0.484764248133
-0.731374025345,-0.220259606838,0.437192171812,-2.59671330452,1.18162250519,-0.220259606838
-0.687930941582,-0.328382760286,0.414528340101,-2.28853178024,1.24973392487,-0.328382760286
-0.507247209549,-0.217510715127,0.453276127577,-2.08389186859,1.34441804886,-0.217510715127
-0.517614305019,-0.424899458885,0.516149938107,-2.02860856056,1.26744902134,-0.424899458885
-0.47318392992,-0.650614142418,0.459855973721,-2.08725166321,1.00294446945,-0.650614142418
-0.464051038027,-0.00462417956442,0.376511633396,-2.09610915184,0.496537148952,-0.00462417956442
-0.558835864067,-0.0849529653788,0.371394008398,-1.9885969162,0.488901346922,-0.0849529653788
-0.987342536449,0.206735193729,0.499334841967,-1.92812132835,-0.391355484724,0.206735193729
-1.13815915585,0.671298265457,0.543931365013,-2.31296634674,-0.175109162927,0.671298265457
-1.52149486542,0.232391536236,0.723779678345,-2.18651723862,-0.384330540895,0.232391536236
-1.54494428635,0.111440211535,0.74961155653,-2.68406701088,-0.427396535873,0.111440211535
-1.26676058769,0.848449170589,0.660662174225,-3.18436574936,-0.511390447617,0.848449170589
-1.36228585243,0.806604921818,0.651645362377,-3.84379458427,-1.44326543808,0.806604921818
-1.06213378906,1.25925600529,0.283906847239,-5.17028903961,-1.14180350304,1.25925600529
-0.780000627041,1.46756112576,0.145730704069,-4.75215148926,-0.729163944721,1.46756112576
-0.722487926483,1.60531115532,0.167663425207,-3.49957203865,-0.526662111282,1.60531115532
-0.695582866669,1.57904398441,0.314125239849,-2.94063043594,-0.564230322838,1.57904398441
-0.57216501236,1.73145484924,0.36164611578,-2.76317405701,-0.624400556087,1.73145484924
-0.455658614635,2.45716285706,0.354822635651,-2.69017577171,-0.775895118713,2.45716285706
-0.590924561024,2.50817012787,0.448645919561,-2.3737475872,-0.951518893242,2.50817012787
-0.827146291733,2.26260209084,0.534670889378,-1.97851765156,-1.19555962086,2.26260209084
-0.918228626251,1.86737239361,0.706233501434,-1.26594340801,-1.53611695766,1.86737239361
-1.10335540771,1.22901821136,0.909964025021,-1.25586414337,-2.10666489601,1.22901821136
-1.10508322716,1.07843995094,0.784947514534,-2.31205010414,-2.0999455452,1.07843995094
-0.843190550804,0.633424580097,0.711107373238,-2.87648963928,-1.97319102287,0.633424580097
-0.783209502697,0.013090913184,0.80858618021,-1.3850620985,-3.10665130615,0.013090913184
-0.762228488922,0.144732370973,0.802006304264,-0.485868513584,-2.55565094948,0.144732370973
-0.656335949898,1.25314736366,0.977224349976,-0.00511755980551,-2.27465295792,1.25314736366
-0.866393148899,0.894874930382,1.12587940693,0.354987502098,-2.44966578484,0.894874930382
-1.14877319336,-0.855559468269,1.33935785294,0.646370232105,-3.41666555405,-0.855559468269
-0.99055147171,-1.46489751339,1.26040017605,0.782287716866,-3.85129618645,-1.46489751339
-0.968089461327,-2.02689361572,1.21239185333,0.251445829868,-4.00401258469,-2.02689361572
-1.0088173151,-2.69273662567,0.856838107109,0.460056334734,-3.25875687599,-2.69273662567
-0.917981743813,-3.03756999969,0.48349454999,0.807944059372,-1.81528234482,-3.03756999969
-0.779013335705,-3.51496124268,0.280982464552,2.16039967537,-1.24167990685,-3.51496124268
-0.667690455914,-4.06229639053,0.245890125632,2.90168476105,-0.517804563046,-4.06229639053
-0.667443573475,-3.96516895294,0.162789493799,2.87999916077,0.112302929163,-3.96516895294
-0.517614305019,-3.64324307442,0.107714004815,2.63809633255,0.691403210163,-3.64324307442
-0.631652414799,-3.38148713112,0.0818821415305,2.03914308548,1.4006177187,-3.38148713112
-0.57907640934,-3.04642772675,0.0721342638135,1.54800736904,1.69902539253,-3.04642772675
-0.611165046692,-3.09468603134,0.0723779648542,1.4908914566,1.85998833179,-3.09468603134
-0.849855184555,-3.10048913956,0.0650670528412,1.10513007641,2.25888347626,-3.10048913956
-1.01103878021,-2.91142630577,0.144268527627,0.814052760601,2.65869474411,-2.91142630577
-1.20603895187,-2.81643676758,0.212503641844,1.05839884281,2.44916796684,-2.81643676758
-1.36870372295,-2.69548559189,0.396982163191,1.18240451813,1.55058515072,-2.69548559189
-1.22084903717,-1.99543404579,0.479108005762,0.344602793455,0.986451089382,-1.99543404579
-1.11076033115,-1.12495100498,0.485687822104,-0.764117658138,0.386275976896,-1.12495100498
-1.07669711113,-0.410238713026,0.45498201251,-1.21371436119,-0.341264516115,-0.410238713026
-1.120880723,-0.294785171747,0.502502918243,-1.11567056179,-0.876382470131,-0.294785171747
-0.969323635101,-0.0638781115413,0.557822048664,-0.748235106468,-0.901733338833,-0.0638781115413
-0.821469008923,0.812102675438,0.562452375889,-0.95867818594,0.0200622752309,0.812102675438
-0.93007671833,0.895791232586,0.671141088009,-0.918666541576,0.161172151566,0.895791232586
-0.842450022697,1.62730240822,0.636779844761,-1.13094210625,0.110164895654,1.62730240822
-0.821222186089,2.67188191414,0.800544142723,-1.30198442936,-0.0309449713677,2.67188191414
-0.945380568504,3.26961350441,0.767401337624,-2.34137153625,0.0496892407537,3.26961350441
-0.937481760979,3.44554281235,0.712082207203,-2.77569675446,-0.563619434834,3.44554281235
-0.77777916193,3.94859027863,0.474965155125,-2.60098934174,0.520666360855,3.94859027863
-0.848620951176,4.43392276764,-0.0684521198273,-1.04939162731,1.7414804697,4.43392276764
-0.928595721722,4.26410198212,0.235167458653,-2.32182383537,0.675215244293,4.26410198212
-0.655348658562,5.04662036896,0.151335731149,-2.95559668541,0.224702134728,5.04662036896
-0.52107000351,6.52796888351,0.920442998409,-2.19842910767,-1.42952096462,6.52796888351
-0.534646034241,8.33124256134,1.47729027271,-3.50140476227,-3.21294188499,8.33124256134
-0.252019196749,9.53831291199,1.93178498745,-1.64254176617,-3.63504981995,9.53831291199
-0.229557156563,6.77200937271,1.77216339111,-2.26195907593,-2.66133069992,6.77200937271
0.134072586894,5.50263166428,1.49995410442,-1.85481750965,-3.48844218254,5.50263166428
-0.0039493702352,2.96784615517,1.22433292866,-0.426003724337,-4.01806259155,2.96784615517
-0.143411517143,-0.809744536877,0.797376096249,-0.0121425101534,-3.88153386116,-0.809744536877
-0.369019269943,-2.66005539894,0.480326473713,1.76822435856,-3.55594277382,-2.66005539894
-0.0311012919992,-2.55651378632,0.258806049824,1.78685569763,-3.50004863739,-2.55651378632
-0.002468356397,-4.13224077225,-0.22078217566,1.96553373337,-2.20196008682,-4.13224077225
0.183531567454,-3.95783853531,-0.0518211461604,1.67018043995,-1.06666707993,-3.95783853531
0.324392616749,-3.16890621185,-0.0470005758107,1.00922429562,-0.605158269405,-3.16890621185
0.225232258439,-2.40654635429,-0.035913258791,-0.870102763176,0.396966129541,-2.40654635429
-0.105645664036,-3.22571659088,0.028268834576,0.362317889929,-0.55079126358,-3.22571659088
0.0198805648834,-2.22664642334,-0.0592930354178,1.13139724731,-0.403267353773,-2.22664642334
-0.226595118642,-2.31827616692,0.109663583338,-0.184711948037,0.117495283484,-2.31827616692
-0.187595099211,-1.59867703915,-0.102678179741,-0.416535317898,-0.382192492485,-1.59867703915
-0.350506603718,-0.78408819437,-0.0279593169689,-1.36459815502,0.124214798212,-0.78408819437
-1.03967177868,-1.71596312523,0.220058262348,-1.01487779617,-0.350122064352,-1.71596312523
-0.896260261536,-1.67595148087,0.4552257061,-1.07749140263,-0.471684247255,-1.67595148087
-0.628443539143,-0.670772731304,0.352873027325,-0.0377988517284,-0.372724086046,-0.670772731304
-0.619063854218,0.00209533888847,0.413797259331,1.46218085289,-0.612488687038,0.00209533888847
-0.48206999898,0.876548945904,0.410385519266,0.620408475399,-0.884934544563,0.876548945904
-0.409006655216,1.6001188755,0.344587355852,0.659503817558,-0.877909600735,1.6001188755
-0.312000274658,1.15449261665,0.245646417141,0.314059525728,-0.83362185955,1.15449261665
-0.347544580698,0.272403210402,0.204461663961,-0.58849388361,-0.854391276836,0.272403210402
-0.224867269397,0.349066793919,0.190814629197,-0.830091059208,-0.416706383228,0.349066793919
-0.000987342558801,0.849670886993,0.163276895881,-2.16971850395,-0.0727892443538,0.849670886993
0.146679773927,1.36188137531,0.260024547577,-1.75799536705,-0.881880223751,1.36188137531
0.363426446915,2.76564979553,0.364570498466,-3.03256559372,-1.28108072281,2.76564979553
0.807829797268,5.02585124969,0.702334284782,-4.48428726196,-1.62560868263,5.02585124969
1.06312537193,5.29982423782,1.07421576977,-4.82056856155,-3.64238023758,5.29982423782
1.49007260799,2.41867828369,0.738401472569,-4.38746500015,-4.8961815834,2.41867828369
1.64572286606,-2.77642512321,0.247352302074,1.16499483585,-5.74436759949,-2.77642512321
1.39576125145,-4.87169313431,0.0265629552305,2.75996398926,-5.23918199539,-4.87169313431
0.872077941895,-4.5369386673,-0.406374186277,3.44535493851,-5.63746643066,-4.5369386673
0.641511917114,-2.89432215691,-0.317916721106,2.66375279427,-4.5595946312,-2.89432215691
0.34500053525,-1.99818277359,-0.41914871335,0.457612872124,-3.90902280807,-1.99818277359
0.25505310297,-2.14570689201,-0.676567256451,1.38490641117,-3.02907156944,-2.14570689201
0.0681273043156,-1.70160782337,-0.512667834759,1.25876271725,-2.70195317268,-1.70160782337
-0.0412215553224,-0.99605846405,-0.834441006184,1.23157918453,-1.48816406727,-0.99605846405
-0.190557122231,-1.2993530035,-0.649813055992,1.27617239952,-0.583472549915,-1.2993530035
-0.17821533978,-1.77460622787,-0.597750902176,0.746857583523,0.359703332186,-1.77460622787
-0.112803891301,-0.712922394276,-0.466149300337,1.38032484055,1.1135109663,-0.712922394276
0.0572172366083,0.19482332468,-0.0368773713708,0.0303126256913,1.97727453709,0.19482332468
0.00945539027452,-0.663442313671,0.0601931214333,0.741054356098,1.26347839832,-0.663442313671
0.260386914015,-1.1545779705,0.414528340101,-0.606819808483,0.495315432549,-1.1545779705
0.53386592865,0.256215274334,-0.0183181725442,-1.66911447048,0.232643380761,0.256215274334
0.509863734245,0.125184684992,-0.000723085773643,-0.458379566669,-0.00162344053388,0.125184684992
0.226444482803,0.0338603295386,-0.313337177038,-0.166996851563,-0.0840902477503,0.0338603295386
0.103524401784,0.79286044836,-0.39022526145,-0.707001745701,-0.839425086975,0.79286044836
0.212867513299,0.306000798941,-0.315265387297,-0.00175780057907,-0.755125701427,0.306000798941
0.210685506463,0.261407643557,-0.329968124628,0.213266760111,-1.28841114044,0.261407643557
0.215049535036,0.405571818352,-0.416979461908,0.080709002912,-1.50251936913,0.405571818352
0.208745926619,0.508197188377,-0.573165953159,-0.743042767048,-1.29054915905,0.508197188377
-0.00419620610774,0.675879716873,-0.750321984291,-1.77937555313,-1.10392975807,0.675879716873
-0.235481217504,0.780948579311,-0.97857606411,-1.82274699211,-0.728858470917,0.780948579311
-0.317677468061,0.22872634232,-1.07643377781,-1.32611358166,-0.000401711091399,0.22872634232
-0.249057173729,-0.129240691662,-1.09451079369,-0.153252378106,0.059768512845,-0.129240691662
-0.128848209977,-0.580670058727,-0.900723814964,0.411187112331,0.851144433022,-0.580670058727
-0.0639304295182,-1.18634295464,-0.582084059715,1.05717718601,0.764707028866,-1.18634295464
0.0792798176408,-1.49574625492,-0.445420831442,1.3931530714,1.34350180626,-1.49574625492
0.0686121881008,-1.85798931122,-0.218612924218,0.827491760254,1.70177423954,-1.85798931122
-0.0508481450379,-2.45388841629,-0.0414569154382,-1.32580816746,2.29309201241,-2.45388841629
-0.0992279276252,-2.70984077454,0.164739072323,-3.24056529999,2.57103562355,-2.70984077454
-0.0367785096169,-3.04490041733,0.225663289428,-4.71122360229,2.731082201,-3.04490041733
-0.18463306129,-3.3985915184,0.373099893332,-5.86209392548,2.7781188488,-3.3985915184
-0.443563640118,-4.08123350143,0.478864312172,-5.47572135925,1.78973889351,-4.08123350143
-0.309038221836,-3.48289084435,0.693073868752,-2.81784653664,-0.745351850986,-3.48289084435
0.0383064560592,1.44343185425,0.860249876976,-3.88594436646,-0.685181617737,1.44343185425
-0.378892719746,5.65107154846,1.16511464119,-6.27076244354,-0.971372008324,5.65107154846
-0.757785439491,8.1721124649,1.18436670303,-8.7285785675,-0.353787273169,8.1721124649
-0.610177755356,9.99615573883,1.06227457523,-7.9228477478,0.303198307753,9.99615573883
-0.680279076099,10.0239505768,1.25625729561,-7.14918661118,1.8361645937,10.0239505768
-0.623506844044,10.0239505768,1.63252520561,-8.0370798111,1.99957108498,10.0239505768
-0.181917876005,9.1598815918,2.24225473404,-4.89387226105,0.966903448105,9.1598815918
0.328271776438,0.261713057756,4.59076118469,4.65364599228,-3.59106755257,0.261713057756
0.982633292675,-1.95572769642,4.8473739624,9.49353122711,-4.2703499794,-1.95572769642
0.84831827879,0.0787589251995,3.78266239166,9.6505241394,-4.21873188019,0.0787589251995
0.218928664923,-1.92304646969,3.27918481827,9.97947502136,-4.07426214218,-1.92304646969
0.23032361269,-1.08616101742,1.67224776745,7.20859003067,-2.11033010483,-1.08616101742
1.00275635719,2.4718234539,0.516149938107,5.63164138794,0.211263105273,2.4718234539
-0.0975000783801,-0.844869315624,1.22676992416,7.919942379,-0.93746894598,-0.844869315624
0.160014301538,0.446499794722,1.66981089115,3.77552747726,-1.00283157825,0.446499794722
-0.252759695053,-0.0724302232265,1.37908041477,2.51103639603,-2.05046534538,-0.0724302232265
-0.991045117378,-0.401992022991,1.23115646839,1.49974906445,-2.80854916573,-0.401992022991
-0.885152637959,-0.84914535284,0.996232748032,2.29876065254,-1.97410738468,-0.84914535284
-0.820234894753,-1.07730352879,0.968694925308,2.22515153885,-2.01289725304,-1.07730352879
-0.615361273289,-1.16160297394,0.920442998409,1.38246285915,-1.80337047577,-1.16160297394
-0.711380302906,-0.814631462097,0.606805145741,0.639345288277,-1.85590493679,-0.814631462097
-0.632392942905,-1.03484833241,0.379923373461,1.37818682194,-2.69034671783,-1.03484833241
-0.415424376726,0.451692163944,-0.229941278696,0.359263569117,-2.39377164841,0.451692163944
-0.969076752663,0.459633409977,-1.51365959644,-2.8331182003,-2.80457854271,0.459633409977
-0.909589409828,-0.810660839081,-2.50597405434,-2.29433512688,-2.62009716034,-0.810660839081
-1.3859821558,-0.386720389128,-2.93259477615,-2.51455187798,-0.464353859425,-0.386720389128
-1.12014019489,-0.00767850596458,-2.47753286362,-0.829785645008,-0.299114823341,-0.00767850596458
-1.09915912151,1.09065723419,-2.3524389267,-1.27113568783,1.0869383812,1.09065723419
-0.87552601099,0.594023764133,-1.97378313541,0.408743649721,1.26958703995,0.594023764133
-0.78024750948,0.795609295368,-1.51992630959,0.730975031853,1.1828442812,0.795609295368
-1.0737349987,0.996278524399,-1.23406636715,-1.13124763966,2.88410401344,0.996278524399
-0.943652689457,0.0133963450789,-0.446625977755,1.07550311089,1.81508970261,0.0133963450789
-0.550937175751,0.691456794739,-0.361783891916,-0.373163878918,2.65289163589,0.691456794739
-0.741741120815,-0.405962646008,-0.0482057183981,-0.540235519409,2.21520662308,-0.405962646008
-0.440354794264,-0.278902679682,0.0533696115017,-0.670960664749,1.70085799694,-0.278902679682
-0.454671263695,-0.455748170614,0.0229075029492,-0.68042910099,2.27415513992,-0.455748170614
-0.718291699886,-1.68664157391,0.294142097235,-0.230526834726,1.65321052074,-1.68664157391
-0.258930593729,-0.901068925858,0.319973945618,-1.53136432171,1.45345747471,-0.901068925858
-0.347297757864,-0.813409745693,0.287318587303,-1.30839848518,0.936665594578,-0.813409745693
-0.324835717678,-0.6701618433,0.389427542686,-0.294667690992,0.834345638752,-0.6701618433
-0.148101389408,-0.482626229525,0.590721189976,0.557794749737,-0.169305950403,-0.482626229525
0.013576971367,0.45321932435,0.460587054491,-0.544206142426,-0.342791676521,0.45321932435
0.0741884484887,0.459633409977,0.198612928391,0.0926208794117,-0.671437144279,0.459633409977
0.206806376576,0.337765783072,0.143050044775,0.888272881508,-0.914256095886,0.337765783072
0.321240842342,1.53078567982,0.12867192924,0.80947124958,-1.08896362782,1.53078567982
0.173591285944,1.28735589981,0.186671793461,1.20592284203,-1.72120916843,1.28735589981
0.111525125802,1.04178798199,0.357259571552,1.80701422691,-2.7303583622,1.04178798199
-0.0698544830084,0.751932442188,0.414528340101,1.94354259968,-3.82686161995,0.751932442188
-0.471949756145,-0.280429840088,0.514200389385,1.39193129539,-5.8143119812,-0.280429840088
-0.865652620792,-1.17290389538,0.433536678553,0.899879276752,-6.78344964981,-1.17290389538
-1.23960864544,-2.49267840385,0.540763318539,1.32534694672,-7.35796833038,-2.49267840385
-1.3654948473,-2.80513596535,0.561964929104,1.7059160471,-7.05894994736,-2.80513596535
-1.43831133842,-1.44534981251,0.842947423458,1.23066294193,-6.82010126114,-1.44534981251
-1.71575462818,-0.566009283066,0.858787715435,-0.434861272573,-7.19914340973,-0.566009283066
-2.02084350586,-0.208347737789,0.665048658848,-1.83038282394,-7.25137233734,-0.208347737789
-2.02281808853,0.333184301853,0.397713243961,-4.10616159439,-5.97344207764,0.333184301853
-2.19782471657,0.0543243177235,0.315100044012,-4.927775383,-4.9945306778,0.0543243177235
-1.93371045589,0.596772670746,0.406973749399,-4.41403770447,-3.47683572769,0.596772670746
-1.52026069164,2.31544208527,0.814191162586,-2.034106493,-1.19067263603,2.31544208527
-1.70686841011,4.35939693451,1.58573544025,0.0495548769832,-0.501616597176,4.35939693451
-1.73402047157,5.37434959412,2.24127984047,-0.321240335703,0.0814542323351,5.37434959412
-1.21912133694,6.48704099655,2.16354060173,1.32504153252,-0.473211407661,6.48704099655
-0.699532270432,5.5832657814,2.13551545143,3.46123743057,-0.139984413981,5.5832657814
-0.0979937538505,4.9782037735,1.86671793461,4.10203456879,-0.449998527765,4.9782037735
0.244627937675,3.57474064827,1.54016399384,3.76575374603,-0.658914446831,3.57474064827
0.350091904402,1.70915830135,1.08883750439,3.06936717033,-2.4179008007,1.70915830135
0.560534954071,1.61050355434,0.241016179323,0.846734046936,-2.32199501991,1.61050355434
0.404157340527,-0.0660161375999,-0.534360349178,0.763656377792,-1.65187597275,-0.0660161375999
0.29214733839,-1.00644314289,-1.01448941231,0.769459545612,0.391162902117,-1.00644314289
0.441009134054,0.936719179153,-1.06173086166,-1.88963675499,3.51634955406,0.936719179153
0.181834444404,0.182911455631,-0.770327329636,-0.710972368717,4.30955791473,0.182911455631
-0.0582532137632,-1.11426091194,-0.298875451088,1.73401582241,4.48487615585,-1.11426091194
-0.179943189025,-0.732470095158,0.166444942355,0.195246234536,5.1708779335,-0.732470095158
-0.128107696772,-0.405046343803,0.0926048085093,-1.78487336636,4.81352186203,-0.405046343803
-0.222645744681,-1.59287381172,0.0840754136443,-1.26991403103,4.49464988708,-1.59287381172
-0.269544512033,-2.53299546242,0.116730794311,-0.943101167679,4.30558729172,-2.53299546242
-0.151310250163,-2.04552483559,0.324116796255,-0.793744564056,3.64218783379,-2.04552483559
-0.2791711092,0.742464065552,1.08225774765,-0.221058428288,0.675826132298,0.742464065552
-1.36253273487,7.50871276855,2.35313677788,-3.19108510017,-1.40111577511,7.50871276855
-1.40943157673,7.42991113663,2.42917013168,-4.67915296555,-0.306445211172,7.42991113663
-0.105892494321,10.0239505768,1.97979319096,-0.619647979736,-0.309804975986,10.0239505768
-0.547234594822,10.0239505768,1.73049128056,-1.24944996834,-0.747795343399,10.0239505768
-0.424557328224,10.0239505768,1.07957708836,0.924313902855,-3.45026302338,10.0239505768
-0.456152290106,10.0239505768,0.769107282162,2.81433105469,-4.75140619278,10.0239505768
-0.819494366646,8.37003326416,0.5137129426,2.83540582657,-4.32807683945,8.37003326416
-0.427766174078,7.3749332428,0.13403326273,3.28042125702,-1.74961435795,7.3749332428
-0.270778715611,4.90337276459,0.338007539511,1.40903556347,0.833123922348,4.90337276459
-0.483304202557,0.73940974474,0.31485632062,0.35315489769,1.09976661205,0.73940974474
-0.444551020861,-0.569063663483,0.214453220367,1.36077713966,1.7414804697,-0.569063663483
-0.567228317261,-3.207695961,0.355553686619,0.849482893944,2.83920550346,-3.207695961
-0.495892822742,-4.28740024567,0.558309495449,0.756325960159,3.48061394691,-4.28740024567
-0.382595270872,-5.45109844208,0.726947724819,0.561459958553,2.8465359211,-5.45109844208
-0.152297601104,-5.28738689423,0.929947197437,0.433178246021,1.85449051857,-5.28738689423
-0.00913291890174,-5.26478481293,0.954560518265,-0.0778105258942,2.49040150642,-5.26478481293
0.236384764314,-5.11390113831,1.68077719212,0.505871236324,0.838316321373,-5.11390113831
0.44319114089,-4.52349996567,1.37932419777,-0.0597900003195,1.50660276413,-4.52349996567
0.37554872036,-5.05189800262,2.29050660133,-0.213728040457,1.46231508255,-5.05189800262
0.422340780497,-5.05495262146,2.53030443192,-1.25433695316,-0.221229493618,-5.05495262146
0.364638656378,-6.65022706985,2.22690176964,-2.00661754608,-2.59688425064,-6.65022706985
0.35906240344,-6.57295274734,1.7368273735,-1.54510879517,-4.88946199417,-6.57295274734
0.0140618635342,-7.58637809753,1.15146756172,-0.159361034632,-7.55008554459,-7.58637809753
-0.193025484681,-7.5759935379,0.53759521246,0.387668788433,-7.14050006866,-7.5759935379
-0.176981151104,-7.25040245056,0.138419821858,1.296636343,-6.19121551514,-7.25040245056
-0.391481339931,-7.88203668594,0.0204705353826,2.00768351555,-5.61578083038,-7.88203668594
0.134799927473,-4.37536478043,-0.284413725138,2.41390895844,-3.75905537605,-4.37536478043
0.213594853878,-2.5763669014,-0.116898864508,3.42580723763,-2.16347551346,-2.5763669014
-0.180930525064,-4.41537666321,-0.0896626338363,2.67016673088,-2.57244968414,-4.41537666321
-0.0972532406449,-4.41171169281,-0.172094419599,0.887051105499,-1.08224415779,-4.41171169281
-0.0812089294195,-4.2464723587,-0.109909035265,-0.0686475485563,-0.818655669689,-4.2464723587
-0.139955818653,-4.2244811058,-0.14630433917,-0.360335707664,-0.843701183796,-4.2244811058
-0.238196402788,-4.20371198654,-0.233556702733,-0.758619844913,-0.199849203229,-4.20371198654
-0.503791570663,-4.93247413635,-0.182940706611,-0.591242790222,-0.101805344224,-4.93247413635
-0.602525830269,-5.1646027565,-0.126540005207,-1.01457238197,0.354816406965,-5.1646027565
-0.870342493057,-5.71743583679,-0.103883318603,-2.23599743843,0.255550831556,-5.71743583679
-1.20653271675,-5.50790929794,0.2034868747,-2.78547072411,-0.132959470153,-5.50790929794
-1.58542537689,-5.67681360245,0.510057508945,-3.02370810509,-0.91059088707,-5.67681360245
-1.55555832386,-4.72294712067,0.75326693058,-3.12694430351,-1.4231069088,-4.72294712067
-1.474842906,-3.35369277,0.787628173828,-3.75857901573,-1.49213469028,-3.35369277
-1.38079857826,-2.28437328339,0.838317155838,-3.34196901321,-2.25449442863,-2.28437328339
-1.17814648151,-1.09349143505,0.982585668564,-2.66024327278,-2.20959568024,-1.09349143505
-1.3654948473,-1.41786086559,1.29329907894,-2.27570366859,-0.929527699947,-1.41786086559
-1.25170361996,-1.99787735939,1.05155193806,-2.82090091705,0.0979475900531,-1.99787735939
-1.00511479378,-1.88089680672,0.974299967289,-0.382937729359,-0.783225476742,-1.88089680672
-0.816532313824,-1.4911646843,1.07714009285,0.161343216896,-1.12683725357,-1.4911646843
-0.58820939064,-0.120994016528,0.994526803493,-1.48493850231,-1.46922719479,-0.120994016528
-0.594133377075,0.482235431671,0.878283441067,-2.25859928131,-2.4398920536,0.482235431671
-0.820728540421,-0.0586857534945,0.905333817005,-2.20850849152,-2.59932780266,-0.0586857534945
-0.706443607807,0.2479685992,0.764720678329,-2.69048118591,-1.80825746059,0.2479685992
-0.632146120071,1.7445884943,0.827838182449,-2.19812369347,-1.91424250603,1.7445884943
-0.933285593987,2.43792057037,0.894123733044,-2.87801671028,-1.63202285767,2.43792057037
-1.15173518658,2.58055758476,0.713788032532,-4.53987598419,-1.41211128235,2.58055758476
-1.15667188168,2.13279342651,0.401125013828,-4.45404911041,-1.99579298496,2.13279342651
-1.46299493313,0.481624543667,-0.0942421779037,-2.87251901627,-1.63110649586,0.481624543667
-1.33858978748,-0.635037064552,-0.253321051598,-3.12786054611,-0.855918467045,-0.635037064552
-1.15222883224,0.166723519564,-0.0650777220726,-3.53714036942,-1.02909886837,0.166723519564
-1.0130136013,0.586082518101,-0.13835041225,-3.67519593239,-0.898679018021,0.586082518101
-1.04460847378,0.032944034785,-0.161971211433,-3.54935765266,-1.07766258717,0.032944034785
-0.786171495914,-0.0153143210337,-0.180530413985,-3.14374303818,-1.3751540184,-0.0153143210337
-0.58253210783,0.686264455318,-0.225843787193,-2.71858096123,-1.2062497139,0.686264455318
-0.497867494822,0.872578322887,-0.227289944887,-1.51945245266,-1.43624055386,0.872578322887
-0.585000455379,0.787362635136,-0.207284584641,-0.172800064087,-1.79878902435,0.787362635136
-0.659791648388,1.19236624241,-0.212828248739,-0.322156637907,-1.52542686462,1.19236624241
-0.758279085159,1.56102347374,-0.154499337077,-0.0830028802156,-1.41119503975,1.56102347374
-0.939209640026,1.53781056404,-0.0527852624655,0.567263185978,-1.58681881428,1.53781056404
-0.97672867775,1.61111438274,0.0977224335074,0.766710698605,-1.6634824276,1.61111438274
-0.969817280769,1.90646779537,0.2212767452,0.965852737427,-2.08039784431,1.90646779537
-1.09792494774,2.13737487793,0.31485632062,0.740443468094,-1.56024610996,2.13737487793
-1.16012752056,1.96480536461,0.48373824358,0.985400378704,-1.8103954792,1.96480536461
-1.12384271622,2.41989994049,0.598275780678,1.4878371954,-1.95028364658,2.41989994049
-1.2583681345,3.15782523155,0.671628534794,0.558100223541,-0.458856076002,3.15782523155
-1.31489348412,4.37130880356,0.891686737537,-0.101634271443,-0.744130134583,4.37130880356
-1.27095675468,6.19779634476,1.30621516705,-0.391489833593,-1.17173588276,6.19779634476
-1.73007106781,6.2872877121,1.60864293575,-1.10162067413,-2.38552498817,6.2872877121
-1.48669111729,7.79948472977,1.6147352457,-0.0552085116506,-4.61518335342,7.79948472977
-1.56543159485,6.12724113464,1.40856778622,-0.472429484129,-5.06936168671,6.12724113464
-0.952045083046,4.15323019028,0.998182296753,-1.62971365452,-3.77860307693,4.15323019028
-0.351740807295,2.45777368546,0.43694844842,-0.00695015490055,-2.9014005661,2.45777368546
-0.185867249966,0.354870021343,0.239066615701,0.792977869511,-2.16347551346,0.354870021343
-0.0945380553603,-0.0424978248775,0.409898102283,-0.488922834396,-2.01411890984,-0.0424978248775
-0.0422088950872,0.0402744151652,0.0338738635182,-0.845973551273,-0.583472549915,0.0402744151652
-0.314468592405,-0.427342921495,0.399419128895,0.670499384403,-0.967706799507,-0.427342921495
-0.232766002417,0.241554513574,0.263923704624,1.43744075298,-1.00405335426,0.241554513574
-0.513418138027,-1.69946980476,-0.132806748152,3.27064728737,-0.653722047806,-1.69946980476
-0.0547975152731,-0.441392838955,0.133058473468,2.3855035305,-0.170222237706,-0.441392838955
0.217473998666,1.17068052292,-0.0142206866294,1.30702102184,0.25188562274,1.17068052292
-0.391481339931,-1.9251844883,0.161327302456,2.57059574127,0.393911808729,-1.9251844883
0.169227257371,-2.08675837517,0.226150676608,1.98721957207,0.356038153172,-2.08675837517
0.268145173788,0.24552513659,0.120386242867,0.589865207672,0.440032124519,0.24552513659
-0.0676329657435,-1.1533561945,0.113075338304,0.300315052271,0.288537532091,-1.1533561945
-0.0436899103224,-1.78285288811,0.190814629197,0.0306180585176,-0.128988832235,-1.78285288811
0.0448524951935,-1.12647819519,0.228100240231,-0.322156637907,-0.23375223577,-1.12647819519
-0.131069734693,-1.49910593033,0.236385956407,-0.113546140492,-0.555067360401,-1.49910593033
-0.0567722022533,-1.80576038361,0.172781065106,0.453336805105,-0.767342984676,-1.80576038361
-0.317183792591,-2.75199055672,0.170100405812,0.148515045643,-0.837897956371,-2.75199055672
-0.321873694658,-5.15208005905,0.106495529413,0.778927981853,-1.16807067394,-5.15208005905
-0.584013164043,-6.02347946167,0.0394788868725,0.770375847816,-1.30001759529,-6.02347946167
-0.843190550804,-6.5610408783,0.141587868333,0.537025332451,-1.62683045864,-6.5610408783
-0.886880517006,-5.33808851242,0.146949201822,-0.687454044819,-1.230073452,-5.33808851242
-1.1554377079,-4.93949890137,0.11112575978,0.00679431296885,0.692930340767,-4.93949890137
-1.40103912354,-5.3817653656,0.444259375334,2.05716347694,-1.21785616875,-5.3817653656
-1.13371622562,-4.09039640427,0.488612174988,0.733418524265,-1.20930409431,-4.09039640427
-0.91032987833,-2.87569069862,0.266116946936,-0.659659683704,0.0643500089645,-2.87569069862
-1.05941867828,-2.83995509148,0.308520197868,0.843985140324,0.331603527069,-2.83995509148
-1.05226039886,-2.1185233593,0.311688274145,0.990898191929,1.25095570087,-2.1185233593
-0.944640040398,-0.551043093204,0.184234812856,0.445395559072,1.82700169086,-0.551043093204
-0.961424827576,0.683515548706,0.171806290746,-0.308106720448,1.97727453709,0.683515548706
-0.721500635147,2.78672456741,-0.175950869918,-1.85115230083,2.58997249603,2.78672456741
-0.79777276516,4.95285272598,-0.403963893652,-4.2292509079,2.03897190094,4.95285272598
-1.10483634472,4.9116191864,-0.838297426701,-4.16908073425,2.45283317566,4.9116191864
-1.20875418186,4.20332098007,-0.0303696021438,-1.75463557243,1.14894115925,4.20332098007
-1.47459626198,4.48920583725,0.347999125719,-0.690813779831,-0.0627099648118,4.48920583725
-1.16136181355,7.41280698776,0.987703323364,2.09625887871,-3.78440642357,7.41280698776
-1.43214035034,7.61836338043,1.15902221203,3.62830901146,-4.87327384949,7.61836338043
-1.36031126976,6.42564868927,0.707208275795,3.19490003586,-3.99668192863,6.42564868927
-0.645722091198,6.695956707,0.292436242104,2.81341481209,-3.6463508606,6.695956707
-0.424063652754,6.31019544601,0.0521511286497,1.81587183475,-3.23737645149,6.31019544601
-0.460595339537,4.65658330917,-0.231387451291,1.24410188198,-2.69737172127,4.65658330917
-0.194012820721,5.70849323273,-0.371907114983,0.103005588055,-1.71510052681,5.70849323273
-0.411721855402,4.59122037888,-0.43457454443,0.463110655546,-1.28474593163,4.59122037888
-0.262386292219,3.36704659462,-0.696813642979,1.45179605484,-1.17784452438,3.36704659462
-0.122677318752,3.8215303421,-0.69416230917,0.687909066677,0.757682085037,3.8215303421
-0.177474826574,2.80138540268,-0.53484249115,-0.542373538017,0.72225189209,2.80138540268
-0.151557087898,1.77482628822,-0.620407581329,-0.0371879860759,0.583585500717,1.77482628822
-0.0599810630083,1.60531115532,-0.385886758566,0.0168735887855,0.59152674675,1.60531115532
-0.002468356397,0.603186786175,-0.405169069767,0.363845050335,-0.265822678804,0.603186786175
0.174318611622,0.148397564888,-0.591725170612,0.216321095824,0.872219324112,0.148397564888
0.305239409208,0.043328743428,-0.502544641495,-0.0820865780115,0.812354505062,0.043328743428
0.635693192482,-0.454526424408,-0.729352533817,0.607580304146,0.806551277637,-0.454526424408
1.53322803974,-0.166198045015,-0.679459571838,-0.52801823616,0.890239834785,-0.166198045015
1.82804214954,0.354870021343,-0.550991296768,0.110335975885,0.288842976093,0.354870021343
1.86489403248,1.1166189909,-0.0968934893608,0.329942017794,0.110775761306,1.1166189909
1.64135885239,2.17616486549,0.0426469482481,-0.249158233404,-0.359285056591,2.17616486549
1.06312537193,1.89791560173,0.000487393699586,0.205936387181,-0.892875790596,1.89791560173
0.883230507374,1.78001868725,-0.0289234314114,-0.612623035908,-0.722749829292,1.78001868725
0.56950545311,1.18075990677,-0.0142206866294,-0.612317621708,-1.24962115288,1.18075990677
0.353486150503,0.47246158123,-0.0833958908916,-0.474262058735,-1.31376206875,0.47246158123
0.347667425871,-0.224535673857,-0.0940011516213,-1.29770839214,-1.65431940556,-0.224535673857
0.223050251603,-0.642672896385,-0.2477773875,-1.07596433163,-2.76639938354,-0.642672896385
-0.0113544398919,-2.48687505722,-0.161007106304,-0.753427505493,-3.88978075981,-2.48687505722
-0.0118481107056,-2.9660987854,-0.100508920848,-2.10771560669,-4.92214298248,-2.9660987854
-0.473677605391,-4.8985710144,-0.465426206589,-3.85051417351,-4.56051111221,-4.8985710144
-0.911070406437,-7.03568315506,-0.701875269413,-3.36426544189,-1.53520071507,-7.03568315506
-0.575373888016,-5.3591632843,-0.176914989948,-4.14708948135,-1.36232578754,-5.3591632843
-0.406785160303,-3.09468603134,-0.302490890026,-2.87312984467,-1.43929481506,-3.09468603134
-1.0779312849,-4.9663772583,-0.0590520016849,-3.99712181091,-1.11003851891,-4.9663772583
-0.834551334381,-3.54764246941,-0.21017691493,-3.50018310547,-1.21174752712,-3.54764246941
-1.01992499828,-2.45541548729,-0.16847898066,-3.03897976875,-0.883101940155,-2.45541548729
-1.20603895187,-2.07454109192,0.0175461731851,-3.37739920616,1.08357858658,-2.07454109192
-1.24158334732,-2.26971244812,0.294629484415,-2.62817287445,-0.00742666050792,-2.26971244812
-1.45262789726,-1.44596064091,0.124041698873,-2.93482732773,0.72255730629,-1.44596064091
-1.49409615993,-1.35799610615,0.145243316889,-3.82913398743,1.78088128567,-1.35799610615
-1.48323535919,-0.926419794559,0.152554228902,-3.26225090027,1.78515732288,-0.926419794559
-1.53309619427,-1.04859280586,0.129890426993,-3.15290617943,2.4122107029,-1.04859280586
-1.4057290554,-0.879383206367,0.15109205246,-3.03317642212,2.52247190475,-0.879383206367
-1.35191881657,-0.378473699093,0.175949126482,-2.19262599945,2.6318166256,-0.378473699093
-1.19715297222,-0.613351345062,0.18131044507,-2.06800937653,2.85142278671,-0.613351345062
-0.840722203255,-0.575477719307,0.324604213238,-1.29282140732,2.40182590485,-0.575477719307
-0.65337395668,-0.414820194244,0.45425093174,-0.225334480405,1.80928659439,-0.414820194244
-0.51045614481,-0.580975532532,0.511032283306,-0.168829441071,1.98338317871,-0.580975532532
-0.346063584089,-0.405351787806,0.661149561405,0.52205914259,1.43452072144,-0.405351787806
-0.36926612258,-0.379695445299,0.868779301643,1.14422547817,0.326716631651,-0.379695445299
-0.335449635983,0.452608466148,0.828081905842,0.516866803169,-0.00467776693404,0.452608466148
-0.395677536726,2.05704593658,0.630443751812,-0.727160274982,-0.37119692564,2.05704593658
-0.800734817982,2.61048984528,0.514444053173,-2.29616761208,-1.11492538452,2.61048984528
-1.07941222191,2.36858725548,0.259049743414,-2.5707514286,-2.04374575615,2.36858725548
-1.36080491543,2.11507821083,0.30340257287,-0.582079768181,-3.46858906746,2.11507821083
-1.54494428635,1.73512005806,0.483007133007,1.28625166416,-4.29386806488,1.73512005806
-1.45065307617,2.20915150642,0.34994867444,0.900490164757,-4.00004196167,2.20915150642
-1.29564034939,2.68593192101,0.140856772661,-0.162720799446,-3.34549975395,2.68593192101
-1.24923527241,2.00481700897,0.0833443254232,-0.909198105335,-3.36779618263,2.00481700897
-1.25318467617,0.00850942358375,0.247108593583,-1.46997237206,-3.3800137043,0.00850942358375
-1.03670966625,-0.00920566823334,0.0453276112676,-1.6981304884,-3.56632757187,-0.00920566823334
-0.850595653057,0.239111050963,0.0155965983868,-1.98065567017,-2.38857936859,0.239111050963
-0.880956411362,-0.0269207581878,0.0818821415305,-2.11351895332,-1.94906187057,-0.0269207581878
-0.704962611198,-0.109998434782,0.0504452474415,-1.45378446579,-1.70257771015,-0.109998434782
-0.479848504066,0.234224125743,0.114050120115,-0.455325245857,-1.49121832848,0.234224125743
-0.214747011662,0.889377117157,0.111369460821,-0.41958963871,-0.556594491005,0.889377117157
-0.10342413187,1.67433893681,0.137932404876,-0.974255263805,0.348096907139,1.67433893681
-0.306569874287,1.55949628353,0.304864764214,-1.96691119671,0.156896099448,1.55949628353
-0.300152152777,1.2870503664,0.34994867444,-2.40245819092,0.151092872024,1.2870503664
-0.241898924112,1.74061787128,0.340688198805,-3.16695594788,0.877411663532,1.74061787128
-0.248069822788,1.13158524036,0.581704378128,-2.89817523956,1.68039393425,1.13158524036
-0.0120949465781,2.539935112,0.398444354534,-0.208230257034,1.07411026955,2.539935112
-0.310519248247,1.52345526218,0.827350795269,-0.608041584492,2.11624646187,1.52345526218
-0.915513396263,0.906481385231,1.30743360519,0.494264781475,2.54385209084,0.906481385231
-0.115272246301,0.16825067997,1.02498888969,-0.186849966645,1.77171838284,0.16825067997
-0.333968639374,0.336849480867,1.34496283531,-2.12817955017,2.17702746391,0.336849480867
-0.510949790478,0.479486525059,1.41709721088,-1.79800701141,0.750657141209,0.479486525059
-0.427025675774,0.524385154247,1.31961846352,-1.63918209076,0.947966575623,0.524385154247
-0.57216501236,0.327075660229,0.885594367981,-1.67919373512,0.684683680534,0.327075660229
-0.563032090664,0.168861553073,1.16219031811,-1.75830078125,0.592443048954,0.168861553073
-0.372721850872,0.369836211205,0.667729318142,-1.85176312923,1.17245948315,0.369836211205
-0.325082540512,0.163058325648,0.614359736443,-1.63765490055,1.24973392487,0.163058325648
-0.0775063931942,0.864637076855,0.649695813656,-1.41560530663,1.17093241215,0.864637076855
-0.166614070535,1.0191860199,0.671628534794,-1.58664762974,1.03104424477,1.0191860199
-0.693114519119,1.14135909081,0.501528084278,-1.54327619076,0.378334730864,1.14135909081
-0.574880242348,0.713753402233,0.825888633728,-0.820317208767,-0.130821436644,0.713753402233
-0.506753563881,-0.981092274189,1.16779530048,-0.895453631878,-0.311332136393,-0.981092274189
-0.207835614681,-1.23246324062,1.2794084549,-0.396987617016,-0.765815854073,-1.23246324062
-0.995734989643,-0.475601285696,1.36202168465,0.840930819511,-0.812547028065,-0.475601285696
-0.813570320606,1.34996950626,1.39053428173,0.60910743475,0.542046666145,1.34996950626
-0.454671263695,0.434282511473,1.10906434059,1.86504650116,1.82058751583,0.434282511473
-0.489228248596,-0.0941159427166,0.799081981182,1.6582685709,1.43635332584,-0.0941159427166
-0.836772859097,1.52253901958,1.05008971691,1.89192450047,-0.437475800514,1.52253901958
-0.279911637306,1.49138486385,0.795426487923,1.69217157364,-0.500089466572,1.49138486385
-0.514899134636,0.550652384758,0.990140318871,1.44904720783,-0.343707978725,0.550652384758
-0.589937210083,-0.0757899805903,1.14001381397,1.29083311558,-0.267960697412,-0.0757899805903
-0.840722203255,0.694816529751,1.08152663708,1.15369391441,-0.124101929367,0.694816529751
-0.675836026669,0.447110652924,0.86293053627,1.22944116592,-0.0984455868602,0.447110652924
-0.473677605391,0.0381363891065,0.642141222954,0.914234638214,0.566481232643,0.0381363891065
-0.51736754179,0.634646356106,0.639947891235,0.22762209177,0.390857458115,0.634646356106
-0.470715582371,1.21954977512,0.614847123623,0.0892611220479,-0.140900716186,1.21954977512
-0.297436952591,0.786140918732,0.562696039677,-0.119043931365,-0.0734001100063,0.786140918732
-0.171057105064,0.0668470561504,0.586578309536,0.25175127387,0.431174576283,0.0668470561504
-0.210057139397,-0.34884673357,0.4425534904,0.482658326626,1.1593259573,-0.34884673357
-0.443316817284,-0.546461641788,0.296091675758,0.542828559875,0.458663523197,-0.546461641788
-0.513418138027,-0.0171469151974,0.22736915946,0.682411253452,0.542657494545,-0.0171469151974
-0.746677815914,0.630675673485,0.230537220836,0.308256298304,-0.37394580245,0.630675673485
-0.695829689503,1.03354132175,0.368957042694,-0.564975559711,-0.729469358921,1.03354132175
-0.704468905926,0.638006091118,0.755703926086,-1.00204956532,-1.63874232769,0.638006091118
-0.612646102905,-0.344570696354,0.96284621954,-0.40034738183,-1.20166826248,-0.344570696354
-0.585000455379,-1.15091276169,0.954804241657,-0.144394829869,-0.20717959106,-1.15091276169
-0.716070175171,-1.83966338634,0.966014266014,0.0776546820998,1.89908373356,-1.83966338634
-0.875032365322,-1.49757885933,0.834418058395,0.191581040621,1.47605955601,-1.49757885933
-0.857507050037,-0.660387992859,0.449133276939,0.0636047795415,0.977288126945,-0.660387992859
-0.805177927017,0.067457921803,0.544418752193,-0.434861272573,-0.180912390351,0.067457921803
-0.691139817238,-0.0363891720772,0.692342758179,-0.644388020039,-0.20259809494,-0.0363891720772
-0.685709476471,-0.423372298479,0.847821354866,-0.355143338442,0.143457055092,-0.423372298479
-0.704962611198,-0.625568687916,0.857325553894,0.302758514881,0.595497369766,-0.625568687916
-0.685462594032,-0.82257270813,0.670897424221,0.1622595191,0.989199995995,-0.82257270813
-0.907121002674,-0.40871155262,0.448889583349,0.258165359497,0.668190300465,-0.40871155262
-0.892804503441,0.460244268179,0.443040847778,0.0859013572335,-0.181523248553,0.460244268179
-0.752108216286,0.367698192596,0.614359736443,0.132021680474,-0.782920062542,0.367698192596
-0.589443564415,0.132820501924,0.653838634491,-0.016113134101,0.201489254832,0.132820501924
-0.578335940838,-0.302115559578,0.695998251438,-0.0619280263782,0.357565313578,-0.302115559578
-0.761734783649,-0.109082140028,0.666023492813,-0.208230257034,-0.103027075529,-0.109082140028
-0.687930941582,-0.0556314252317,0.700872123241,-0.338955432177,0.0661825984716,-0.0556314252317
-0.680279076099,-0.0675433054566,0.710619986057,-0.237551793456,0.32213512063,-0.0675433054566
-0.648684084415,-0.345181554556,0.594864010811,-0.264124423265,0.262881219387,-0.345181554556
-0.731374025345,-0.377251982689,0.612166464329,-0.314826250076,-0.0926423668861,-0.377251982689
-0.706443607807,-0.0180632136762,0.574393451214,-0.338649988174,-0.221229493618,-0.0180632136762
-0.679785370827,-0.0770117118955,0.637754678726,-0.258932054043,-0.353787273169,-0.0770117118955
-0.709405660629,-0.0892290174961,0.667729318142,-0.323683798313,-0.456718057394,-0.0892290174961
-0.750133514404,-0.19154894352,0.715981304646,-0.374996453524,-0.679683864117,-0.19154894352
-0.776544928551,-0.382444322109,0.814678609371,-0.563142955303,-1.11614716053,-0.382444322109
-0.762968957424,-0.558068037033,1.03303086758,-0.710056066513,-1.07033216953,-0.558068037033
-0.771114528179,-0.4282592237,0.902653157711,-0.978531301022,-1.47044897079,-0.4282592237
-0.664975225925,-0.227284565568,1.05959391594,-1.42812812328,-2.69676089287,-0.227284565568
-0.404810458422,-0.395577937365,1.38687872887,-1.19722104073,-1.80734109879,-0.395577937365
-0.409994006157,-0.808217406273,1.4675424099,-0.97975307703,-1.85132348537,-0.808217406273
-0.425297826529,-0.7190310359,1.44073581696,-0.208535686135,-1.26825261116,-0.7190310359
-0.546247303486,-0.567841887474,1.00086295605,0.569401204586,0.0939769670367,-0.567841887474
-0.418139576912,-0.945662081242,0.519805371761,0.409659951925,0.312666714191,-0.945662081242
-0.54402577877,-0.480182766914,0.458393782377,0.153401970863,-2.5339653492,-0.480182766914
-0.607215702534,0.876854419708,0.820039927959,0.381254702806,-2.34429168701,0.876854419708
-0.411721855402,1.31820452213,0.830518841743,0.0590232908726,-1.24503970146,1.31820452213
-0.202405229211,0.85822302103,0.881938874722,0.00801604427397,-0.891043245792,0.85822302103
-0.228816643357,0.152979046106,0.805905520916,0.340021312237,-1.2297680378,0.152979046106
-0.0656582787633,-0.0382217653096,0.897535443306,0.803668022156,-1.77618706226,-0.0382217653096
-0.0651646107435,0.747045516968,0.817115545273,1.08252811432,-1.05933666229,0.747045516968
-0.0520823225379,0.933664858341,0.684057056904,0.161037787795,0.173084020615,0.933664858341
-0.00592405535281,0.0204212963581,0.582922816277,0.370869994164,-1.48083364964,0.0204212963581
0.231778293848,-0.586167871952,0.653107583523,-0.137980744243,-1.22518658638,-0.586167871952
0.102797068655,-0.0394434966147,0.768376171589,-0.240606114268,-0.486345022917,-0.0394434966147
0.0972208082676,-0.325022995472,0.718174636364,-0.135842725635,-1.04345417023,-0.325022995472
0.358577519655,-0.510115146637,0.892905235291,-0.171578347683,-0.821709990501,-0.510115146637
0.199048101902,-0.310973107815,0.690880537033,-0.542678952217,-0.231919631362,-0.310973107815
0.265478283167,-0.545850753784,0.897779166698,-0.302914381027,-0.0480492040515,-0.545850753784
0.291177541018,-0.472241520882,0.934577405453,-0.334373921156,0.502951264381,-0.472241520882
0.0884927585721,-0.0867855548859,0.98551005125,-0.684094309807,0.871303021908,-0.0867855548859
0.216019302607,-0.037610899657,0.913132071495,0.0238985400647,-0.489704757929,-0.037610899657
0.194926515222,-0.130462422967,1.02913177013,-0.318796873093,-0.440530121326,-0.130462422967
0.260871827602,0.0100365867838,1.08103919029,0.449671626091,0.64558827877,0.0100365867838
0.213109955192,-0.00798393879086,1.00378727913,0.646064817905,1.11625993252,-0.00798393879086
-0.113297559321,0.462993174791,0.729628384113,0.95730060339,-0.413041204214,0.462993174791
0.117586269975,0.562564253807,0.965526878834,-0.261070102453,0.462328702211,0.562564253807
0.288025736809,-0.176582753658,1.23554301262,-0.000841503962874,2.04630231857,-0.176582753658
0.347667425871,-1.6612906456,1.04911482334,0.698599219322,2.35234594345,-1.6612906456
-0.279417932034,-0.809744536877,0.236385956407,0.474411666393,-1.25267553329,-0.809744536877
-0.0703481659293,0.541183948517,0.888275027275,-1.18989062309,-0.0639316961169,0.541183948517
0.149831578135,0.0552406162024,1.01548469067,-1.44095623493,0.854504227638,0.0552406162024
0.00969783682376,-0.250802874565,1.0223082304,-0.196929246187,-0.790861308575,-0.250802874565
-0.0730633512139,-0.514696657658,1.02840077877,-1.29159975052,-1.47564136982,-0.514696657658
0.0914021059871,-0.242861628532,1.01451003551,-0.603460073471,-0.687930524349,-0.242861628532
0.0790373682976,-0.288981944323,1.0123167038,0.0871230885386,-0.237112000585,-0.288981944323
0.210685506463,-0.167725205421,1.02815699577,-0.513662874699,0.383832514286,-0.167725205421
0.229596287012,-0.709562659264,0.954804241657,0.202576622367,1.21735811234,-0.709562659264
-0.0861456468701,-0.345486998558,0.848308742046,0.484796345234,0.686210870743,-0.345486998558
-0.0844177901745,-0.203766256571,0.791283667088,-0.0952201858163,-0.873633563519,-0.203766256571
0.0266690514982,-0.227284565568,0.944081604481,-0.250074505806,-0.765815854073,-0.227284565568
-0.020981028676,-0.110303863883,0.568788409233,-0.179519593716,-1.52389967442,-0.110303863883
0.110312893987,0.122741222382,0.918493449688,-0.198456406593,-0.220313191414,0.122741222382
0.0795222595334,-0.148788377643,1.05350148678,0.793283343315,-0.0608773678541,-0.148788377643
