-0.000493671279401,0.0456387363374,0.930921971798,0.0373335108161,-0.0568513944745,0.0456387363374
0.031760416925,0.0722113773227,0.918493449688,0.0593246594071,-0.00187352113426,0.0722113773227
0.0191532280296,0.0486930608749,0.925073266029,0.119800314307,-0.0968630686402,0.0486930608749
0.0370942242444,0.0369356051087,0.934090077877,0.0725010633469,0.0144959352911,0.0369356051087
0.0215776860714,0.0355051457882,0.947249650955,0.0524880066514,0.021888686344,0.0355051457882
0.00121222960297,0.0614420324564,0.950661420822,-0.00752962939441,-0.0233432222158,0.0614420324564
-0.00172784959432,0.0847075730562,0.934577405453,-0.0123610347509,-0.0724754184484,0.0847075730562
0.0230323635042,0.051619566977,0.90898925066,0.0120118241757,-0.00425129663199,0.051619566977
0.0210927948356,0.0173203498125,0.926779091358,0.0299322400242,0.0756816938519,0.0173203498125
0.00484891841188,0.0185230486095,0.952367305756,0.189031839371,0.0901639014482,0.0185230486095
0.0176985505968,-0.0153799736872,0.97259414196,0.241566240788,0.0822226554155,-0.0153799736872
-0.000493671279401,0.0167102403939,0.978686571121,0.142912045121,0.0285886786878,0.0167102403939
0.00921294465661,0.0584929510951,0.978199124336,-0.00208104401827,-0.00642168335617,0.0584929510951
0.00290935090743,0.0849581956863,0.988921821117,-0.0333033725619,-0.0517345294356,0.0849581956863
0.00509136402979,0.0661873966455,0.985997438431,0.0277807749808,-0.124628305435,0.0661873966455
0.0172136612236,0.0470570512116,0.968938648701,0.0621485859156,-0.139951065183,0.0470570512116
0.000242445923504,0.061384268105,0.949930310249,0.0282832421362,-0.183086946607,0.061384268105
-0.0012341781985,0.0543593168259,0.922148883343,0.00812468677759,-0.237759381533,0.0543593168259
0.0193956736475,0.0342265591025,0.905333817005,-0.0118316169828,-0.15568561852,0.0342265591025
0.00703093176708,0.00601591682062,0.90850186348,-0.00715231522918,-0.0640884935856,0.00601591682062
-0.0128354532644,0.0134591525421,0.916300177574,0.0936207324266,-0.0578036829829,0.0134591525421
-0.0101202614605,0.0331040397286,0.906552255154,0.16396510601,-0.0351721420884,0.0331040397286
0.00630359398201,0.0133285103366,0.915081679821,0.105954319239,0.0347881242633,0.0133285103366
0.000969783694018,0.0163828358054,0.944081604481,0.0641100481153,0.0815193131566,0.0163828358054
-0.00518354866654,0.0355707332492,0.966989099979,0.0858760029078,0.0388396754861,0.0355707332492
-0.0039493702352,0.0289191752672,0.975031077862,0.110648781061,-0.0564586594701,0.0289191752672
0.0203654561192,0.0181311946362,0.963089942932,0.0943279862404,-0.0632426217198,0.0181311946362
0.043397821486,-0.00777145987377,0.95504796505,0.114566922188,-0.00162999634631,-0.00777145987377
0.0334575362504,-0.00741498125717,0.964795827866,0.150212198496,0.00192399031948,-0.00741498125717
0.0247294828296,0.00785664934665,0.977224349976,0.144409000874,-0.0203725919127,0.00785664934665
0.0240021459758,0.0336955860257,0.98551005125,0.0415189526975,-0.0539554320276,0.0336955860257
0.00436402671039,0.08468323946,0.982829391956,-0.0384171567857,-0.114359378815,0.08468323946
0.0281237270683,0.058003269136,0.972106695175,-0.0492117330432,-0.0996409952641,0.058003269136
0.0150316469371,0.047903843224,0.970888257027,0.00251543521881,-0.090646982193,0.047903843224
0.00654603959993,0.0542184077203,0.959921836853,0.0272479243577,-0.116726905107,0.0542184077203
0.0133345257491,0.0322432518005,0.947737038136,0.0258047357202,-0.0995373129845,0.0322432518005
0.0206079017371,0.0309641491622,0.943106770515,0.0583409480751,-0.057569347322,0.0309641491622
0.0269114971161,0.0125954803079,0.935795903206,-0.00990162417293,-0.0212447866797,0.0125954803079
0.0363668911159,-0.0186340399086,0.940669834614,-0.0501977987587,0.026882853359,-0.0186340399086
0.0305481851101,-0.0412798337638,0.962358891964,0.0260454639792,0.0547524690628,-0.0412798337638
0.0351546555758,-0.0756824538112,0.971131920815,0.0761323273182,0.0779507756233,-0.0756824538112
0.0206079017371,-0.0590458139777,0.984291553497,0.06430567801,0.0252404659986,-0.0590458139777
0.0288510657847,-0.0600706599653,0.98453527689,-0.00566243752837,0.0118875466287,-0.0600706599653
0.0283661708236,-0.040936242789,0.985266327858,-0.0113636031747,-0.00375832989812,-0.040936242789
0.0305481851101,-0.0321703031659,0.964552164078,0.0369015410542,-0.013712015003,-0.0321703031659
0.0300632938743,-0.0272092856467,0.953829467297,-0.0083639100194,-0.00352174974978,-0.0272092856467
0.0336999818683,-0.0308744758368,0.946762263775,-0.0789188444614,0.0212182924151,-0.0308744758368
0.031760416925,-0.0244349651039,0.953098356724,-0.0944224447012,0.0328813791275,-0.0244349651039
0.0237597003579,-0.0164385773242,0.966014266014,0.0273353978992,0.00569722428918,-0.0164385773242
0.0358819961548,-0.0431119129062,0.966989099979,0.0305956751108,0.0186447929591,-0.0431119129062
0.0375791192055,-0.0577523186803,0.972106695175,0.00689193606377,-0.000956077128649,-0.0577523186803
0.0392762348056,-0.0149740539491,0.971863031387,0.0694045871496,-0.013375274837,-0.0149740539491
0.0315179675817,-0.000446686521173,0.988434374332,0.0706443861127,-0.0672710165381,-0.000446686521173
0.0470345057547,0.00200087856501,0.981610894203,0.0963160023093,-0.0834379196167,0.00200087856501
0.0550352223217,0.00141434185207,0.964795827866,0.103878602386,-0.0509146004915,0.00141434185207
0.0370942242444,0.0479369610548,0.960896670818,0.0796103030443,-0.0674762502313,0.0479369610548
0.0218201316893,0.0592898987234,0.956510126591,0.0450872182846,-0.0983913466334,0.0592898987234
0.018183445558,0.0712410360575,0.963089942932,0.00758130848408,-0.0999418869615,0.0712410360575
0.0218201316893,0.0747311711311,0.961384057999,0.0153408050537,-0.0598253235221,0.0747311711311
0.0140618635342,0.0731815844774,0.956753849983,-0.00758697837591,-0.0684326142073,0.0731815844774
0.015274092555,0.061988260597,0.934577405453,-0.0564645789564,-0.0674412027001,0.061988260597
0.0358819961548,0.0402638837695,0.927266538143,-0.0628294348717,0.0104568656534,0.0402638837695
0.0356395505369,0.0277123581618,0.940426111221,-0.0298321954906,0.0507294870913,0.0277123581618
0.0312755219638,0.0413065105677,0.955779075623,-0.0796666666865,0.0457757115364,0.0413065105677
0.0351546555758,0.016493761912,0.967963933945,-0.08320402354,0.0339615531266,0.016493761912
0.0448524951935,-0.00916000362486,0.966014266014,-0.00454587489367,0.0429438650608,-0.00916000362486
0.0557625629008,-0.0377111844718,0.959921836853,-0.00207271426916,0.0666165202856,-0.0377111844718
0.0465496145189,-0.0260598417372,0.977955460548,-0.0130188129842,-0.0387857072055,-0.0260598417372
0.0385489016771,-0.0344399549067,0.974299967289,-0.0336941555142,-0.0130450464785,-0.0344399549067
0.0516409799457,-0.0371757410467,0.960896670818,-0.0142831206322,-0.00117867998779,-0.0371757410467
0.0552776679397,-0.0451096445322,0.963821053505,0.0256280526519,0.050302632153,-0.0451096445322
0.0320028625429,-0.0378549881279,0.981854617596,0.0567342638969,0.0234538484365,-0.0378549881279
0.0295784026384,-0.0153577914461,0.985266327858,0.0697320401669,-0.000203629955649,-0.0153577914461
0.02909350954,-0.00833016354591,0.979417681694,0.00683062523603,-0.0364851132035,-0.00833016354591
0.0431553721428,-0.00392402615398,0.975518465042,-0.0268110223114,-0.0214552562684,-0.00392402615398
0.0397611297667,-0.0158001594245,0.968207597733,0.00263880938292,-0.0181636158377,-0.0158001594245
0.0404884703457,-0.0274242907763,0.962358891964,-0.0132993981242,-0.0340090543032,-0.0274242907763
0.0467920601368,-0.036359526217,0.952123582363,-0.0309724882245,-0.0276543274522,-0.036359526217
0.0492165237665,-0.050091933459,0.95553535223,-0.00795016437769,0.0242350231856,-0.050091933459
0.0436402633786,-0.053585447371,0.968938648701,-0.0198914669454,0.016134262085,-0.053585447371
0.038791347295,-0.0485162883997,0.976249575615,0.0680930316448,0.0189906321466,-0.0485162883997
0.0429129265249,-0.0468285344541,0.971375644207,0.0859611406922,0.0153647568077,-0.0468285344541
0.042428035289,-0.0218266826123,0.970157146454,-0.00749348104,-0.00230227783322,-0.0218266826123
0.0431553721428,0.00566225219518,0.961871504784,-0.0762158259749,-0.0044403038919,0.00566225219518
0.0523683167994,0.0191459748894,0.95139247179,-0.0354592353106,0.00661436282098,0.0191459748894
0.0603690333664,0.0204206518829,0.961384057999,-0.0243346616626,-0.0417927838862,0.0204206518829
0.0470345057547,0.0274619925767,0.970400869846,-0.0823595151305,0.0100429225713,0.0274619925767
0.0356395505369,0.0253555532545,0.976249575615,-0.105311438441,-0.025250190869,0.0253555532545
0.0351546555758,0.0159884914756,0.960896670818,-0.0552826710045,-0.0135220978409,0.0159884914756
0.0419431440532,-0.00413705827668,0.947980761528,-0.0303043816239,0.022901436314,-0.00413705827668
0.0392762348056,-0.0022730762139,0.946762263775,-0.0457653403282,0.0473102554679,-0.0022730762139
0.0336999818683,0.00703121349216,0.950661420822,-0.0774495080113,0.0379306226969,0.00703121349216
0.0446100495756,-0.00701186480001,0.95139247179,-0.0519519262016,0.0311221759766,-0.00701186480001
0.0577021315694,-0.0264969654381,0.953098356724,-0.0111359842122,0.0697924867272,-0.0264969654381
0.0475194007158,-0.0562518946826,0.967963933945,-0.0142725072801,0.064814016223,-0.0562518946826
0.0446100495756,-0.0932518467307,0.98453527689,0.0832907259464,0.0936829447746,-0.0932518467307
0.0484891831875,-0.105774581432,0.999400794506,0.21462674439,0.123004473746,-0.105774581432
0.0460647270083,-0.0511441789567,1.01889657974,0.128136962652,0.0188354086131,-0.0511441789567
0.0349122136831,0.0183726288378,1.03205609322,-0.00823536515236,-0.011193966493,0.0183726288378
0.0584294646978,0.0480072051287,1.03814864159,-0.0828691422939,-0.0698284134269,0.0480072051287
0.0446100495756,0.0246618762612,1.04302251339,-0.092197239399,-0.147854998708,0.0246618762612
0.0230323635042,0.0277162026614,1.0198713541,-0.0582942143083,-0.226962044835,0.0277162026614
-0.0029620276764,0.00847394578159,0.989896595478,-0.0735658481717,-0.2663628757,0.00847394578159
0.0615812651813,0.00328159169294,0.943837881088,-0.156338095665,-0.183590605855,0.00328159169294
0.00581870181486,-0.0790618509054,0.955291628838,-0.147140011191,-0.0788066387177,-0.0790618509054
0.000242445923504,-0.0396942310035,0.994039416313,-0.087225407362,0.103189602494,-0.0396942310035
-0.0320886336267,-0.00484112557024,1.02401411533,-0.18278850615,-0.0617982186377,-0.00484112557024
-0.039493702352,-0.00667372113094,1.01962757111,-0.329090744257,-0.231618762016,-0.00667372113094
-0.0002468356397,-0.0616515912116,0.999157071114,-0.417971640825,-0.215125396848,-0.0616515912116
0.00460647232831,-0.112353406847,0.971863031387,-0.20447422564,-0.217263415456,-0.112353406847
0.0286086183041,-0.231777563691,0.948468089104,-0.0853555053473,-0.168394207954,-0.231777563691
0.025214375928,-0.243078574538,0.981367230415,-0.0490090176463,-0.0892871618271,-0.243078574538
-0.0165379885584,-0.216200500727,1.00500583649,-0.0148005653173,-0.2035189569,-0.216200500727
-0.019746851176,-0.136482596397,1.00183773041,-0.0734436288476,-0.187636449933,-0.136482596397
0.00630359398201,-0.0760069265962,0.970400869846,-0.0777196884155,-0.183665826917,-0.0760069265962
0.0336999818683,0.0516276136041,0.930190861225,0.0136988162994,-0.15112529695,0.0516276136041
0.090432330966,0.171968072653,0.90387159586,0.129763200879,-0.0744617134333,0.171968072653
0.103766858578,0.307885587215,0.918493449688,0.0772287994623,-0.0671313405037,0.307885587215
0.0754006803036,0.472819209099,0.91410690546,-0.101449280977,-0.110502764583,0.472819209099
0.0834013968706,0.505805909634,0.907770752907,-0.210183307528,-0.12424723804,0.505805909634
0.0962510332465,0.44166508317,0.917031288147,-0.130770817399,0.0186952315271,0.44166508317
0.0487316288054,0.33537453413,0.980879843235,-0.135963171721,0.0730622410774,0.33537453413
-0.0399873740971,0.186628833413,1.0147536993,-0.395275443792,0.191264674067,0.186628833413
-0.112063385546,0.120960816741,1.06324934959,-0.289901196957,0.212339520454,0.120960816741
-0.0742975324392,0.246493622661,0.785678625107,0.0448529459536,0.22089163959,0.246493622661
0.247052386403,0.361947149038,0.615334570408,-0.5415776968,0.613983392715,0.361947149038
0.306936532259,0.348202675581,0.650426924229,-0.760878324509,1.03548038006,0.348202675581
0.308876097202,0.174716964364,0.798107206821,-0.633512914181,1.14635241032,0.174716964364
0.262568950653,-0.192413046956,0.978686571121,-0.379392951727,1.24225831032,-0.192413046956
0.172136589885,-0.491737008095,1.15317356586,0.0503507293761,0.968285262585,-0.491737008095
0.0894625410438,-0.551907241344,1.11028277874,0.246133044362,0.434694468975,-0.551907241344
0.148134455085,-0.65453261137,0.975031077862,-0.192468211055,0.296638935804,-0.65453261137
0.0693395361304,-0.74158090353,0.956510126591,-0.368397384882,0.314354002476,-0.74158090353
0.0770978033543,-0.794420778751,0.974787354469,0.227807089686,0.383381783962,-0.794420778751
0.0409733578563,-0.793504476547,1.01645958424,0.250714540482,0.446300894022,-0.793504476547
-0.0296202786267,-0.685075879097,1.08396363258,0.0570702441037,0.171411544085,-0.685075879097
-0.0372721850872,-0.576036453247,1.00914871693,-0.0599104464054,-0.118444010615,-0.576036453247
0.0230323635042,-0.530526936054,0.883157432079,-0.179945468903,-0.0384206660092,-0.530526936054
0.038791347295,-0.490209847689,0.859275102615,-0.148180469871,0.0822252184153,-0.490209847689
-0.0111076040193,-0.454168796539,0.890224575996,-0.0611321777105,0.0602340698242,-0.454168796539
-0.0283861011267,-0.387279063463,0.901922047138,-0.142988115549,0.0596232041717,-0.387279063463
-0.0533165000379,-0.321000188589,0.940913498402,-0.0559398233891,0.0923044979572,-0.321000188589
-0.0809620916843,-0.21715310216,0.930190861225,0.0014815106988,0.0538199841976,-0.21715310216
-0.0698544830084,-0.0867848843336,0.90947663784,-0.111195251346,0.0627561360598,-0.0867848843336
-0.0585000477731,0.0269964113832,0.902409434319,-0.083606377244,0.0893164947629,0.0269964113832
-0.0496139638126,0.130562901497,0.893636345863,-0.161201491952,0.0912931635976,0.130562901497
-0.0560316927731,0.180042982101,0.91410690546,-0.226564079523,0.074188940227,0.180042982101
-0.0821962729096,0.179126694798,0.947005927563,-0.244890034199,0.0207382291555,0.179126694798
-0.0928102061152,0.140336751938,0.960652947426,-0.152649372816,-0.0217169057578,0.140336751938
-0.081949442625,0.109750010073,0.961384057999,-0.01164586097,-0.059189632535,0.109750010073
-0.0876266509295,0.050231218338,0.941888332367,-0.00863575190306,-0.0883293002844,0.050231218338
-0.0866393148899,0.0089805405587,0.941157221794,0.0383826941252,-0.0661029517651,0.0089805405587
-0.0967595726252,0.0108489170671,0.932140409946,0.112781316042,-0.0832979977131,0.0108489170671
-0.0960190668702,0.0432275049388,0.913863182068,0.0772560834885,-0.0878473892808,0.0432275049388
-0.0970064103603,0.0678016915917,0.907770752907,-0.00564269535244,-0.0856511741877,0.0678016915917
-0.104164645076,0.0584153681993,0.900703549385,0.014072407037,-0.0598146095872,0.0584153681993
-0.117740608752,0.0623531788588,0.902165770531,0.092319637537,-0.0498592108488,0.0623531788588
-0.107620336115,0.0355166010559,0.894367456436,0.0471223965287,-0.0154066868126,0.0355166010559
-0.10144944489,-0.00782013870776,0.901190936565,0.0859609395266,0.0579155348241,-0.00782013870776
-0.108114019036,-0.00345118995756,0.905821204185,0.11882635206,0.0651177838445,-0.00345118995756
-0.0994747653604,0.0286091268063,0.907527089119,0.0845178663731,0.0569716468453,0.0286091268063
-0.0878734886646,0.0364677011967,0.909232914448,-0.00408638641238,0.0665396153927,0.0364677011967
-0.0752848684788,0.0129013471305,0.92190515995,-0.0658597871661,0.0854613408446,0.0129013471305
-0.0871329829097,0.00291222613305,0.949686646461,-0.0226573590189,0.0649406015873,0.00291222613305
-0.0863924771547,-0.0232932157815,0.974299967289,-0.0326321870089,-0.03120752424,-0.0232932157815
-0.115025408566,0.0012345733121,0.998182296753,-0.0761780887842,-0.0511983931065,0.0012345733121
-0.108854517341,-0.0285942479968,1.02669477463,-0.180363848805,-0.0418380536139,-0.0285942479968
-0.152050748467,-0.124194659293,1.09078717232,-0.275964260101,-0.0894855409861,-0.124194659293
-0.206601440907,0.0465421751142,1.1263667345,-0.287265270948,-0.198524981737,0.0465421751142
-0.218449547887,-0.136717393994,1.10662734509,-0.168451979756,-0.156375288963,-0.136717393994
-0.281886309385,0.0306596811861,1.03936707973,-0.0233714841306,-0.329250156879,0.0306596811861
-0.29941162467,0.0737256780267,0.98502266407,0.253655910492,-0.365596622229,0.0737256780267
-0.261398971081,0.174823880196,0.974787354469,0.461960941553,-0.201579317451,0.174823880196
-0.320886343718,0.264621049166,0.96284621954,0.183100968599,-0.280380934477,0.264621049166
-0.319158494473,0.235299542546,0.935795903206,-0.1186664626,-0.175922974944,0.235299542546
-0.219190061092,0.208421468735,0.911913573742,0.0829190686345,0.0864436477423,0.208421468735
-0.322367340326,0.23132891953,0.924342155457,0.191042214632,-0.159124180675,0.23132891953
-0.233506515622,0.215751856565,0.893392682076,-0.0954535827041,-0.199441283941,0.215751856565
-0.178462177515,0.151611000299,0.866585969925,-0.397831887007,-0.157597020268,0.151611000299
-0.227088809013,0.152832731605,0.848308742046,-0.333385586739,-0.366818368435,0.152832731605
-0.128848209977,0.10365807265,0.744737565517,-0.5172560215,-0.268774479628,0.10365807265
-0.192531809211,0.182459697127,0.741569459438,-0.872474193573,-0.570847392082,0.182459697127
-0.127860859036,0.350447624922,0.670166373253,-0.714565515518,-0.243118137121,0.350447624922
-0.0096265906468,0.219417050481,0.722561120987,-0.241144940257,0.547035992146,0.219417050481
-0.111322872341,0.58349275589,0.845871806145,-0.000769469887018,0.806959152222,0.58349275589
-0.0552911870182,0.687645256519,0.954316854477,-0.553602457047,1.07054758072,0.687645256519
0.0560050085187,0.599680662155,1.14781224728,-0.757631540298,1.49357175827,0.599680662155
-0.0288797691464,0.450629532337,1.51628184319,-0.0496386885643,1.48868477345,0.450629532337
-0.118974782526,0.455821871758,1.6330126524,-0.526724457741,1.03481197357,0.455821871758
-0.168095082045,0.185208588839,1.34447550774,-1.93171453476,0.125539019704,0.185208588839
-0.120949462056,-0.600364089012,0.952610969543,-2.4759953022,-0.646289229393,-0.600364089012
0.0334575362504,-0.954055070877,0.643359661102,-2.10306215286,-0.825883626938,-0.954055070877
0.171409264207,-1.2005392313,0.492267638445,-1.83916842937,-0.622160077095,-1.2005392313
0.172621488571,-1.67823588848,0.524923026562,-2.13513255119,-0.662477195263,-1.67823588848
0.130920797586,-2.44945311546,0.640679001808,-1.88651049137,-0.941031694412,-2.44945311546
0.331666022539,-2.6253824234,0.650670588017,-2.04197573662,-0.262971282005,-2.6253824234
0.204866796732,-2.53619599342,0.648477315903,-2.87336325645,-0.664004325867,-2.53619599342
0.507924199104,-2.26283383369,0.556847333908,-2.56487631798,-0.761437356472,-2.26283383369
1.04033541679,-2.36423754692,0.415990531445,-2.96590924263,0.00642030127347,-2.36423754692
1.04275989532,-2.25122737885,0.310226082802,-3.34983825684,-0.307258993387,-2.25122737885
1.03524410725,-1.54506731033,0.11112575978,-2.40421867371,-0.933701336384,-1.54506731033
1.35503029823,-0.471166133881,-0.223433494568,-1.38346290588,0.61331486702,-0.471166133881
0.613388180733,-0.356018036604,-0.0308516584337,-2.84068202972,0.392792582512,-0.356018036604
0.40124797821,0.470788091421,-0.0879754349589,-1.78785574436,0.631335437298,0.470788091421
0.477618455887,1.21848714352,-0.189448460937,-1.29519283772,1.05405414104,1.21848714352
0.100615054369,1.68824243546,-0.1335298419,-1.07467055321,1.10872662067,1.68824243546
-0.186360925436,2.10668540001,-0.16847898066,-0.383781969547,1.29442965984,2.10668540001
-0.297683775425,2.42983293533,-0.290921479464,-0.289097845554,1.35124015808,2.42983293533
-0.4800953269,2.75939488411,-0.161489158869,0.341009646654,1.14415681362,2.75939488411
-0.54649412632,2.56911039352,-0.0865292623639,0.44668930769,0.867129385471,2.56911039352
-0.545259952545,2.51138353348,0.0443528294563,-0.110725216568,0.339341849089,2.51138353348
-0.483551025391,2.04468250275,0.114537522197,-0.0627722889185,-0.198830410838,2.04468250275
-0.355690151453,1.36784362793,0.0516637302935,0.0780321508646,-0.407440900803,1.36784362793
-0.205120414495,1.10486614704,-0.190171554685,0.35933560133,-0.773349225521,1.10486614704
0.0790373682976,0.57830041647,-0.286100924015,0.46562615037,-0.496016353369,0.57830041647
-0.000740506919101,0.615257740021,-0.0151848010719,0.652245521545,-0.637126266956,0.615257740021
-0.036531675607,0.886176466942,-0.0470005758107,0.709361433983,-0.635904550552,0.886176466942
-0.00987342558801,1.06027305126,-0.0409748591483,0.68034529686,-0.270607084036,1.06027305126
-0.323354691267,1.23192620277,0.154503807425,0.768920779228,-0.408357203007,1.23192620277
-0.537608027458,1.24047827721,0.272209376097,0.925302267075,-0.802976191044,1.24047827721
-0.388272464275,1.00804400444,0.222007825971,0.566724300385,-0.648732721806,1.00804400444
-0.40234208107,0.731627583504,0.235411152244,0.706917881966,-0.634988248348,0.731627583504
-0.717057585716,0.574329793453,0.467654258013,0.899951338768,-1.36161243916,0.574329793453
-0.894532382488,0.0926624983549,0.606074035168,0.236857116222,-1.86221647263,0.0926624983549
-0.99647551775,0.0486802011728,0.641653835773,0.846195220947,-2.53233575821,0.0486802011728
-1.2731782198,-0.0854047164321,0.825401246548,1.86542391777,-3.40495657921,-0.0854047164321
-1.18604528904,-0.57531863451,0.875115334988,2.40665054321,-3.69389605522,-0.57531863451
-0.748405635357,-1.25765514374,0.797376096249,1.89291286469,-3.37258076668,-1.25765514374
-0.482563704252,-1.90150713921,0.787628173828,2.27561998367,-3.0384376049,-1.90150713921
-0.184879899025,-2.12538909912,0.642872273922,2.39229512215,-2.67985963821,-2.12538909912
0.1510438025,-2.43754124641,0.668704152107,2.29058599472,-2.37167811394,-2.43754124641
0.392277479172,-2.57040452957,0.578292608261,1.23042941093,-2.30539917946,-2.57040452957
0.562959432602,-2.4586160183,0.329478144646,0.998606085777,-2.69635295868,-2.4586160183
1.06118583679,-3.2564060688,0.106739223003,0.627505421638,-1.77455735207,-3.2564060688
1.23380732536,-3.17485570908,0.0753023326397,0.83183991909,-1.131316185,-3.17485570908
1.09027934074,-2.91737580299,0.0679914206266,1.43659651279,-0.667364060879,-2.91737580299
1.08203613758,-3.01236534119,0.209091901779,0.838559389114,0.366525381804,-3.01236534119
0.542593955994,-2.57315325737,0.456687897444,1.3663469553,0.116986915469,-2.57315325737
0.53483569622,-2.72464799881,0.427687972784,-0.338272511959,-0.119112506509,-2.72464799881
0.605629861355,-2.27566194534,0.168150827289,-0.0368105173111,0.131647676229,-2.27566194534
0.928567886353,-1.92136025429,-0.177879095078,-0.287265270948,1.21501719952,-1.92136025429
0.699941337109,-1.60401570797,-0.192340821028,-0.512063682079,1.91781759262,-1.60401570797
0.503560185432,-2.15074014664,-0.227772027254,-1.61834061146,2.97492003441,-2.15074014664
0.0950388014317,-1.69136953354,-0.136663213372,-0.878582835197,4.25804233551,-1.69136953354
-0.819494366646,-2.35110378265,0.0643359646201,-1.61559176445,3.71131801605,-2.35110378265
-0.797032356262,-1.85538685322,-0.0255490299314,-2.60946941376,3.9162633419,-1.85538685322
-1.02313375473,-0.9348128438,0.176680222154,-1.78449594975,4.93213224411,-0.9348128438
-1.38573527336,-1.0530153513,0.657494068146,-2.49187779427,3.12824702263,-1.0530153513
-1.10212123394,-0.434208780527,0.973325252533,-2.41551971436,2.44682693481,-0.434208780527
-0.660779058933,0.1998693645,1.24553465843,-1.41736590862,1.82954764366,0.1998693645
-0.466025710106,0.414283037186,1.33155953884,-1.01602745056,1.50395643711,0.414283037186
-0.462570011616,0.416115641594,1.41807186604,-1.0016721487,1.25350165367,0.416115641594
-0.640291690826,0.215446427464,1.31450080872,-0.901795744896,0.986858963966,0.215446427464
-0.787899374962,0.310435950756,1.18119859695,-1.17271447182,0.910195410252,0.310435950756
-0.88243740797,0.444215446711,1.20727419853,-1.07405972481,0.789244115353,0.444215446711
-0.789627194405,0.340673774481,1.24334132671,-1.10948991776,0.234883904457,0.340673774481
-0.644981563091,0.285085052252,1.20995485783,-0.903933763504,-0.125526592135,0.285085052252
-0.617089152336,0.258206963539,1.25016486645,-0.764351010323,-0.914459109306,0.258206963539
-0.852076649666,0.155887067318,1.23554301262,-1.52823793888,-2.36679124832,0.155887067318
-0.922671675682,0.266759097576,1.09541726112,-1.34681105614,-3.22719478607,0.266759097576
-1.13791239262,0.145807787776,1.09224927425,-0.923481464386,-3.94557237625,0.145807787776
-1.52964043617,-0.334332317114,1.16438353062,-1.00075590611,-4.96327400208,-0.334332317114
-1.31933653355,-0.758272767067,1.15000545979,-0.440897881985,-5.2403011322,-0.758272767067
-0.891570389271,-1.09485960007,1.24090433121,-1.18798601627,-5.58421850204,-1.09485960007
-0.815298140049,-2.43082165718,1.05447626114,-3.05662274361,-6.6159696579,-2.43082165718
-0.170316591859,-2.39600253105,0.700628459454,-2.00837802887,-5.81634712219,-2.39600253105
-0.0367785096169,-3.14217424393,0.351898252964,-3.05998253822,-5.48525810242,-3.14217424393
-0.111076042056,-3.74082231522,0.0465460978448,-2.21546149254,-5.15997266769,-3.74082231522
-0.0143164675683,-2.52092432976,-0.100749947131,0.0893331468105,-4.04544878006,-2.52092432976
-0.107620336115,-2.89569020271,-0.25838264823,-0.79917037487,-3.9782538414,-2.89569020271
-0.145879864693,-2.66417217255,-0.492903470993,0.290918678045,-3.34509181976,-2.66417217255
-0.0686203092337,-1.8532487154,-0.654874682426,1.54930114746,-2.60686135292,-1.8532487154
0.018183445558,-1.88165402412,-0.877344071865,1.07404792309,-2.06196951866,-1.88165402412
0.314209878445,-1.02430462837,-0.894698143005,1.69438159466,-1.59923899174,-1.02430462837
0.500165939331,-0.2347612679,-1.04003834724,2.73254704475,-1.59343576431,-0.2347612679
0.65436154604,-0.0756308734417,-1.25214362144,1.80464279652,-1.00395083427,-0.0756308734417
0.657755792141,0.559363543987,-1.293841362,2.70994520187,-0.541525840759,0.559363543987
0.743096768856,0.329678207636,-1.25913333893,3.04500460625,-0.0158762782812,0.329678207636
0.81146645546,-0.0536397248507,-1.04389488697,2.40756678581,0.30788230896,-0.0536397248507
0.885170042515,-0.11625341326,-0.931093454361,2.43566656113,0.382407873869,-0.11625341326
0.881775796413,-0.603112995625,-0.941216647625,1.37917518616,0.215947091579,-0.603112995625
1.00687789917,-1.17427206039,-0.833717882633,-0.751828312874,0.8741543293,-1.17427206039
0.625025570393,-0.0881536081433,-0.0221746303141,-0.0923992544413,0.716856539249,-0.0881536081433
0.515924870968,0.103963509202,0.288780748844,-0.702348232269,0.0919414311647,0.103963509202
0.7038205266,0.741401433945,0.435729980469,0.57100045681,-0.0619966052473,0.741401433945
0.988452017307,0.0419606864452,-0.119550175965,-0.01115417853,0.340258151293,0.0419606864452
1.23695898056,0.387710422277,-0.328763008118,0.33520641923,0.852774083614,0.387710422277
0.912081539631,0.340673774481,0.0679914206266,0.114684060216,0.0726991817355,0.340673774481
0.920809566975,0.0920516327024,-0.0344670899212,-0.0914829596877,-0.0158762782812,0.0920516327024
1.12446415424,-0.14038258791,-0.387814998627,0.609179496765,0.172575652599,-0.14038258791
1.00421106815,-0.31661722064,-0.450723469257,0.649191141129,0.567194581032,-0.31661722064
0.664544284344,-0.373733133078,-0.228736132383,0.621091365814,0.806348323822,-0.373733133078
0.611933469772,0.0379900634289,-0.3523837924,0.463793545961,0.709831595421,0.0379900634289
0.566838562489,0.86082559824,-0.716095924377,1.08107292652,0.817954778671,0.86082559824
0.438342213631,1.31927990913,-0.956883490086,1.09695541859,1.23181593418,1.31927990913
0.513985335827,1.21787619591,-1.07161307335,-0.14035217464,1.80877816677,1.21787619591
0.653149306774,1.90235078335,-1.03497672081,-0.290930449963,2.66918182373,1.90235078335
0.669878065586,1.85531413555,-0.770568370819,-0.0584962368011,3.44436979294,1.85531413555
0.510591089725,0.840667009354,-0.413605064154,-1.78663396835,3.89274501801,0.840667009354
0.631814002991,0.437495917082,0.0974787399173,-2.00562930107,3.70429301262,0.437495917082
0.861410319805,-0.545997083187,0.341662973166,-1.91033422947,3.42818188667,-0.545997083187
0.850985169411,-3.84008789062,0.57683044672,-3.51232838631,2.71896743774,-3.84008789062
0.906990170479,-5.7444601059,0.522242367268,-5.08866643906,2.09680104256,-5.7444601059
0.793525516987,-5.86235713959,0.668216764927,-4.94786167145,1.94561195374,-5.86235713959
0.535078167915,-5.90572881699,0.816140711308,-4.58409166336,1.77090454102,-5.90572881699
0.32778686285,-5.95459794998,0.834174335003,-3.76889181137,1.61238503456,-5.95459794998
0.000727337726858,-5.57555580139,0.867073357105,-2.10336756706,1.18050324917,-5.57555580139
-0.136746957898,-5.70658683777,0.86756080389,-1.28816795349,0.866823971272,-5.70658683777
-0.271519213915,-5.18032598495,0.784947514534,-0.879193663597,0.419976085424,-5.18032598495
-0.250538170338,-3.83947706223,0.588527858257,0.349561750889,-0.0760465115309,-3.83947706223
-0.204626753926,-3.59726881981,0.404780447483,0.685537576675,-0.553132295609,-3.59726881981
-0.128601372242,-3.00320243835,0.29073035717,0.71241569519,-1.06228852272,-3.00320243835
0.0206079017371,-1.68831515312,0.241016179323,0.872156977654,-1.22905468941,-1.68831515312
0.0853409618139,-1.14372873306,0.0102352676913,0.819622516632,-1.48042571545,-1.14372873306
0.122435189784,-1.26223659515,-0.13835041225,0.5932970047,-1.39918065071,-1.26223659515
0.190320044756,-0.671835303307,-0.321773141623,0.682483315468,-1.07450580597,-0.671835303307
0.288268178701,-0.0557777509093,-0.416015326977,0.847722411156,-0.624908983707,-0.0557777509093
0.453616291285,0.406952649355,-0.474585294724,0.421643853188,-0.227541089058,0.406952649355
0.589870929718,1.22276318073,-0.325629621744,0.431112259626,-0.0451978109777,1.22276318073
0.603932797909,1.63876235485,-0.191376700997,0.413702607155,-0.176228404045,1.63876235485
0.6555737257,1.36937081814,-0.100990973413,0.170883670449,-0.253502845764,1.36937081814
0.614357948303,1.54102396965,-0.0749598890543,0.841002821922,-0.491740316153,1.54102396965
0.682727694511,0.821119308472,-0.339368253946,0.93018913269,-0.532362878323,0.821119308472
0.794495224953,-0.0377572253346,-0.472898095846,0.147670790553,0.134701997042,-0.0377572253346
0.574354410172,-0.182532280684,-0.227772027254,-0.135159820318,0.0445993803442,-0.182532280684
0.573142111301,-0.0203475672752,-0.261998087168,0.0887222886086,-0.00274267792702,-0.0203475672752
0.614600419998,0.204145416617,-0.190171554685,0.0374096110463,0.0293277483433,0.204145416617
0.648057937622,0.47781303525,-0.254285156727,0.353226929903,-0.053749922663,0.47781303525
0.694122672081,0.197120472789,-0.369014769793,0.0199999473989,-0.0421434827149,0.197120472789
0.668665826321,-0.157701805234,-0.384199559689,-0.346950292587,0.1265938133,-0.157701805234
0.683455049992,-0.387997984886,-0.44614392519,-0.576330184937,0.256097257137,-0.387997984886
0.75133985281,-0.152814880013,-0.563524842262,-0.76783645153,0.562751591206,-0.152814880013
0.914021074772,0.445833057165,-0.657526016235,-0.410174846649,1.13940834999,0.445833057165
0.776069402695,1.35327339172,-0.563765823841,-0.437969207764,1.54960441589,1.35327339172
0.526592493057,2.03163933754,-0.473380148411,-0.971865415573,1.76340723038,2.03163933754
0.25578045845,2.7491004467,-0.166791781783,-1.19727480412,1.46469414234,2.7491004467
-0.0343101546168,3.80284309387,0.234680071473,-1.68413436413,0.320543527603,3.80284309387
-0.407525658607,5.63513326645,0.428906440735,-1.02317810059,-0.354157149792,5.63513326645
-0.571424543858,6.51416826248,0.660662174225,0.312478750944,-0.861175298691,6.51416826248
-0.95574760437,7.54347610474,0.844896972179,1.02047145367,-2.98454284668,7.54347610474
-0.285095185041,6.66291379929,0.896804451942,2.4987654686,-1.76220154762,6.66291379929
-0.814310789108,7.20688915253,1.13050961494,2.56932044029,-3.58716130257,7.20688915253
-0.222645744681,5.93018102646,1.00549328327,3.39368319511,-1.949431777,5.93018102646
-1.07348823547,6.33579540253,1.19825732708,2.9569144249,-3.76675581932,6.33579540253
-0.541063725948,5.11406517029,0.916300177574,3.16002702713,-2.04472661018,5.11406517029
-1.32797574997,4.89690256119,1.13928282261,1.71991217136,-3.57922005653,4.89690256119
-1.31439983845,4.45433044434,0.680401623249,1.73335123062,-3.86541056633,4.45433044434
-1.38499486446,3.23290586472,0.532721281052,0.205882757902,-3.34220433235,3.23290586472
-1.28897583485,2.94488286972,0.127453446388,0.441371321678,-4.08959817886,2.94488286972
-1.12532377243,2.57225489616,0.067260324955,0.730310559273,-3.75667643547,2.57225489616
-1.30872261524,2.32088398933,0.016083991155,0.158846139908,-4.0224032402,2.32088398933
-1.0172097683,1.902135849,-0.170407220721,-0.0415176749229,-3.06762051582,1.902135849
-1.03399443626,2.10463762283,-0.195233166218,0.497876346111,-2.62993550301,2.10463762283
-0.97080463171,1.65381908417,0.2034868747,0.092567242682,-1.58016371727,1.65381908417
-0.83010828495,1.64129638672,0.457175314426,1.20678544044,-1.41034317017,1.64129638672
-0.76963353157,1.68619501591,0.754485428333,1.17746388912,-1.33551216125,1.68619501591
-0.499348521233,2.34928917885,0.794939160347,0.150904864073,-0.877363204956,2.34928917885
-0.480589032173,-0.934111535549,0.0789577737451,4.80111646652,0.490669488907,-0.934111535549
-0.720019578934,-0.833013355732,0.613872349262,0.104784555733,-0.403637230396,-0.833013355732
-0.329772442579,-0.555985987186,0.432805627584,0.18358618021,-0.173341020942,-0.555985987186
-0.260905265808,-0.434118330479,0.340200811625,-0.129482269287,0.611315429211,-0.434118330479
-0.695582866669,-0.446335613728,0.368469625711,-0.0448774322867,0.503803133965,-0.446335613728
-0.714589238167,-0.706564247608,-0.0416979454458,0.185418754816,1.00715601444,-0.706564247608
-0.992279291153,-0.376391559839,-0.322014212608,0.00551895052195,2.14855790138,-0.376391559839
-1.3316783905,0.0582390613854,-0.249223560095,-0.392765194178,3.13327264786,0.0582390613854
-1.7088432312,0.99225205183,0.0835880190134,0.0858477279544,3.57859349251,0.99225205183
-1.87422311306,1.43451845646,0.731821656227,0.065689176321,3.699239254,1.43451845646
-1.80831801891,2.84195208549,1.3503241539,-0.512189328671,3.61005306244,2.84195208549
-1.8604003191,4.60918474197,1.79897022247,-2.4269464016,2.59754371643,4.60918474197
-1.64244437218,4.4457783699,1.96980166435,-1.96971392632,0.703861474991,4.4457783699
-1.20307695866,3.54200363159,1.82553315163,-0.230885893106,-1.38957381248,3.54200363159
-0.583766281605,3.50015926361,1.39102160931,-0.266926944256,-1.65468931198,3.50015926361
-0.351247131824,3.72190332413,0.995501637459,-1.88541448116,-2.38284063339,3.72190332413
-0.462323188782,2.63822841644,0.705258667469,-1.71559393406,-3.92313718796,2.63822841644
-0.622766315937,0.720111548901,0.3662763834,-0.707666218281,-4.68946790695,0.720111548901
-0.891817212105,0.970566272736,0.394545197487,-0.43919095397,-4.31073141098,0.970566272736
-1.32328593731,0.36458799243,0.372612476349,-2.00422763824,-4.09417963028,0.36458799243
-1.03917813301,-1.61705887318,0.2034868747,-0.581522524357,-3.01386427879,-1.61705887318
-1.12310218811,-1.84766042233,0.236629635096,-0.337787300348,-1.95431864262,-1.84766042233
-1.01770341396,-0.753600895405,0.0809073597193,-1.16153919697,-1.11193549633,-0.753600895405
-0.489721924067,-0.156480073929,0.15182313323,-2.43916368484,-0.0499462410808,-0.156480073929
-0.304842025042,0.605574309826,0.562208652496,-2.45138096809,0.146752372384,0.605574309826
-0.229310318828,0.823042333126,0.809560894966,-2.51430010796,-0.264054536819,0.823042333126
-0.081949442625,1.45314991474,0.744737565517,-2.75406479836,0.256402671337,1.45314991474
-0.35001295805,1.81569838524,0.754972875118,-2.68289899826,0.820536732674,1.81569838524
-0.650165081024,0.529826998711,0.768863558769,-2.28797459602,1.05969047546,0.529826998711
-0.933779239655,-0.444808453321,0.965526878834,-1.05249965191,0.986997544765,-0.444808453321
-0.740506947041,0.0820628032088,0.810048282146,-0.667349100113,1.46041798592,0.0820628032088
-0.651646077633,0.65077829361,0.781048417091,-0.85488474369,1.79669940472,0.65077829361
-0.629924595356,0.39116063714,0.849770903587,-0.465458154678,1.56945753098,0.39116063714
-0.759266495705,0.899095058441,0.944081604481,-0.085499972105,1.49584817886,0.899095058441
-0.968336224556,1.20055711269,0.965039551258,0.325001478195,1.11924982071,1.20055711269
-0.971298277378,0.966290235519,0.865123808384,0.567209541798,0.393541932106,0.966290235519
-0.854791820049,0.768369853497,0.906308531761,0.662809967995,-0.134551078081,0.768369853497
-0.917734920979,1.23751449585,0.976980626583,0.803308963776,-0.443954348564,1.23751449585
-0.776298105717,1.14619004726,1.00890493393,1.33231818676,-1.05268156528,1.14619004726
-0.693114519119,0.54204428196,0.898754000664,1.73671102524,-1.74265384674,0.54204428196
-0.542051076889,0.363060832024,0.712082207203,1.62797701359,-2.13177490234,0.363060832024
-0.60795623064,1.43696200848,0.720611572266,0.975573003292,-2.13513469696,1.43696200848
-0.592652380466,0.683765053749,0.656275629997,0.253224819899,-2.55143928528,0.683765053749
-0.309778749943,-0.274071633816,0.602418661118,0.092567242682,-2.7023229599,-0.274071633816
-0.245354637504,-0.659222185612,0.52248609066,-0.225388109684,-2.64948320389,-0.659222185612
-0.224620446563,-0.76978880167,0.434755176306,-0.640776455402,-2.37887001038,-0.76978880167
-0.230544492602,-0.134183496237,0.415746837854,-1.35090732574,-2.10550761223,-0.134183496237
-0.0335696488619,-0.184579864144,0.267822831869,-2.09677362442,-1.67301523685,-0.184579864144
0.302087605,-0.825682997704,0.223226308823,-2.16916131973,-0.73106098175,-0.825682997704
0.319301247597,-0.788114786148,0.420133382082,-1.95994007587,0.458904504776,-0.788114786148
0.149346679449,-2.18119287491,0.402343481779,-1.45170009136,1.22523486614,-2.18119287491
-0.054303843528,-2.69462513924,0.594864010811,-0.753481090069,1.77287566662,-2.69462513924
-0.331993937492,-1.15585553646,0.995745360851,-0.750426769257,2.13298082352,-1.15585553646
-0.390987694263,0.177968651056,1.53407168388,-1.07907235622,3.16870284081,0.177968651056
-0.965621054173,0.411624610424,2.34241390228,0.668613195419,3.03614497185,0.411624610424
-0.916500806808,-1.68578112125,3.0315887928,1.31429767609,2.16382956505,-1.68578112125
-0.995981872082,-2.20623826981,2.49326229095,1.77091944218,2.54317688942,-2.20623826981
-1.49138092995,-3.4340775013,1.76412141323,2.66339373589,1.39383375645,-3.4340775013
-0.78715890646,-4.00309848785,0.838560819626,2.68049788475,0.702028870583,-4.00309848785
-0.193272307515,-3.2175257206,0.0394788868725,2.12613773346,0.771056652069,-3.2175257206
-0.0449240915477,-2.39255237579,-0.257177501917,1.64111053944,0.560919046402,-2.39255237579
0.0991603806615,-2.07978916168,-0.490975230932,1.07270050049,0.105518966913,-2.07978916168
0.366335779428,-1.84735500813,-0.658731162548,0.776736319065,1.00257456303,-1.84735500813
0.333120673895,-1.332701087,-0.284413725138,0.658533930779,2.02730107307,-1.332701087
-0.0866393148899,-1.79634773731,0.0945543721318,0.701599895954,1.73683452606,-1.79634773731
-0.248563498259,-2.38980340958,0.0389914959669,0.806057870388,1.07587838173,-2.38980340958
-0.229557156563,-1.98846495152,0.0377730131149,0.518951177597,0.48150652647,-1.98846495152
0.0089704990387,-1.26978194714,0.0579998530447,0.0803499445319,0.204479128122,-1.26978194714
0.141588404775,-0.941441953182,0.0406973734498,-0.171937406063,0.395679950714,-0.941441953182
0.162196308374,-1.80887055397,0.243696838617,0.438011556864,0.56824940443,-1.80887055397
-0.0735570192337,-0.290870428085,0.524923026562,0.984735906124,1.82082855701,-0.290870428085
-1.08558320999,0.965068519115,2.07580971718,0.36012622714,1.88374769688,0.965068519115
-1.17789971828,2.39418768883,1.92374300957,2.31703305244,3.15618014336,2.39418768883
-2.61176800728,-0.353789538145,2.79349708557,2.44531488419,0.3675801754,-0.353789538145
-2.6929769516,-2.07734584808,2.11114573479,2.15820813179,-2.85503935814,-2.07734584808
-1.66564691067,-2.07612395287,0.925073266029,2.53053045273,-1.12354195118,-2.07612395287
-1.38450109959,-1.01291310787,0.652620196342,1.66340720654,-0.04261585325,-1.01291310787
-1.05620968342,-0.8733304739,0.40331825614,1.14356088638,-0.165094330907,-0.8733304739
-0.524772584438,-1.45487415791,0.0253444723785,1.51557779312,-0.42165774107,-1.45487415791
-0.127367183566,-1.17357063293,-0.277664929628,2.44592571259,0.0349640287459,-1.17357063293
-0.247329324484,0.49561855197,-0.319362878799,1.77886068821,1.48485267162,0.49561855197
-0.33668383956,1.01149427891,-0.167514875531,1.03849208355,3.64823198318,1.01149427891
-1.19048833847,1.23537647724,0.434267789125,1.08919382095,4.87362766266,1.23537647724
-2.03293848038,0.263795226812,1.0096360445,1.83170056343,4.25420999527,0.263795226812
-2.08650183678,-2.14331912994,0.876821279526,2.03298068047,3.90571165085,-2.14331912994
-1.81621670723,-4.22026109695,0.405998975039,1.99846684933,4.26642751694,-4.22026109695
-1.62171018124,-4.96460056305,0.0285125300288,0.993288099766,5.34582614899,-4.96460056305
-1.48595058918,-4.95727014542,-0.0925549790263,-0.990191400051,6.96920061111,-4.95727014542
-1.38055181503,-4.62159967422,-0.209935903549,-1.55982327461,8.36380672455,-4.62159967422
-1.31020355225,-4.61671304703,-0.594135463238,-1.57570576668,9.49146366119,-4.61671304703
-0.93945646286,-2.61002039909,-1.24346649647,-2.13037133217,10.0250549316,-2.61002039909
-1.14408326149,0.186520770192,-0.904821336269,-1.37686920166,8.47345638275,0.186520770192
-0.484291553497,-0.996725261211,-0.453856855631,1.36072349548,4.50099945068,-0.996725261211
0.18571357429,-0.223064377904,-0.204874292016,2.29107141495,1.76126921177,-0.223064377904
0.76443195343,0.164835050702,-0.284895777702,-1.70520925522,1.09756410122,0.164835050702
0.603690326214,0.641615331173,-0.119550175965,-1.1462675333,0.392320215702,0.641615331173
-0.0032088633161,0.709421396255,-0.159560918808,-0.166134178638,-1.89384305477,0.709421396255
0.687819063663,1.17154097557,-0.475308388472,-1.19055521488,-0.570403397083,1.17154097557
0.113707140088,2.17733073235,-0.283208578825,-2.15175151825,-0.932035624981,2.17733073235
-0.907614707947,2.80010771751,-0.167514875531,-0.0430448390543,-2.46652913094,2.80010771751
-1.1082919836,2.41587352753,-0.27573671937,0.550410747528,-1.77044820786,2.41587352753
-1.60467851162,1.80836796761,-0.459159463644,-1.48682487011,-2.97079825401,1.80836796761
-0.706196784973,0.515166223049,-0.771773517132,0.687550008297,-2.96132993698,0.515166223049
-0.37913954258,-0.154952898622,-0.934226810932,1.27764582634,-2.30098462105,-0.154952898622
-0.429987698793,-0.181220114231,-0.972068309784,0.37173268199,-2.25486421585,-0.181220114231
-0.442823171616,-0.103334799409,-1.01641750336,0.863479197025,-2.73683691025,-0.103334799409
-0.310272425413,-0.197408035398,-1.20056343079,0.936783015728,-2.12902593613,-0.197408035398
-0.59536755085,-0.150676846504,-1.01858687401,0.902574598789,-2.36909604073,-0.150676846504
-0.879722237587,-0.533994793892,-1.04871535301,1.96273112297,-3.15344715118,-0.533994793892
-1.13174140453,-0.869970679283,-0.784548044205,2.66156101227,-3.56517028809,-0.869970679283
-1.19369721413,-0.722446739674,-0.588832855225,2.32405805588,-3.73346352577,-0.722446739674
-1.1018743515,-0.942663669586,-0.577263474464,1.71777415276,-3.21575522423,-0.942663669586
-1.15790605545,-2.0345852375,-0.157150641084,1.33628880978,-3.66871190071,-2.0345852375
-1.51038730145,-3.10268306732,0.0982098281384,1.91966509819,-5.19404268265,-3.10268306732
-1.2640453577,-4.274933815,0.0755460262299,2.24067497253,-5.03185796738,-4.274933815
-0.953279256821,-4.67230176926,0.324360489845,2.48471570015,-4.60852813721,-4.67230176926
-0.937728643417,-4.67230176926,0.620695888996,2.2318174839,-4.52086925507,-4.67230176926
-0.398639559746,-4.9245891571,0.563183367252,2.41660404205,-4.08623838425,-4.9245891571
0.160256758332,-5.20100545883,0.434511452913,1.61911940575,-2.47416496277,-5.20100545883
0.256992667913,-4.42398500443,0.503721356392,0.981376230717,-2.52486681938,-4.42398500443
0.239294111729,-4.05624389648,0.235411152244,1.16127598286,-2.73622608185,-4.05624389648
0.681515455246,-4.6872677803,-0.160766065121,0.989622890949,-1.56641924381,-4.6872677803
0.724428415298,-4.11335992813,-0.40926656127,0.82560557127,-0.423184931278,-4.11335992813
0.648542821407,-4.41634893417,-0.352142781019,1.06445384026,-0.0435321554542,-4.41634893417
0.863834798336,-4.10053157806,-0.396492034197,1.72113394737,1.58900511265,-4.10053157806
0.876684427261,-4.11794137955,-0.300562649965,2.03236985207,3.36265254021,-4.11794137955
0.506954431534,-3.02571415901,-0.061462290585,0.762075543404,2.90755796432,-3.02571415901
0.636662960052,-2.79114174843,-0.0327798873186,-0.45598974824,3.40144252777,-2.79114174843
0.564656555653,-2.43653464317,0.163764283061,-0.539678275585,3.92525935173,-2.43653464317
0.148376896977,-2.43378567696,0.328990757465,-1.36770617962,3.44725728035,-2.43378567696
0.101342387497,-2.54435229301,0.471553385258,-2.38876724243,3.33943963051,-2.54435229301
-0.134525433183,-2.20684933662,0.540275871754,-2.03232741356,3.14701700211,-2.20684933662
-0.275468587875,-2.12560415268,0.527847409248,-2.28919625282,3.06241226196,-2.12560415268
-0.510209262371,-1.65951395035,0.627031981945,-1.89671552181,2.7798871994,-1.65951395035
-0.820728540421,-1.78443586826,0.685275495052,-2.48650574684,2.37488341331,-1.78443586826
-0.857013344765,-1.20930624008,0.743031680584,-2.52590656281,2.01019692421,-1.20930624008
-1.08286798,-0.810716748238,0.822964251041,-1.98254203796,1.85503697395,-0.810716748238
-1.16333639622,0.0863388553262,1.06203091145,-1.169480443,1.7707375288,0.0863388553262
-1.19468450546,0.126655966043,1.20361876488,-0.816094815731,1.20446550846,0.126655966043
-0.976975500584,0.625122010708,1.2794084549,-0.332289516926,0.887426495552,0.625122010708
-0.873798191547,0.55792683363,1.40101313591,0.103257395327,0.580161273479,0.55792683363
-0.90934252739,0.456217765808,1.4448786974,-0.00608749128878,-0.00657480582595,0.456217765808
-0.821715891361,0.603436291218,1.4521894455,-0.112683475018,-0.726784944534,0.603436291218
-0.843437433243,0.719500660896,1.35495448112,-0.212865382433,-1.7328799963,0.719500660896
-0.874785542488,0.792499065399,1.2158036232,-0.102604202926,-2.54136013985,0.792499065399
-0.80690574646,0.506308674812,0.948711812496,-0.513411104679,-3.19895648956,0.506308674812
-0.547481477261,0.450414538383,0.781292080879,-0.707055330276,-2.95858097076,0.450414538383
-0.52329158783,0.78058719635,0.992089867592,0.343938291073,-2.57220864296,0.78058719635
-0.820234894753,1.43604564667,1.17705571651,1.74343049526,-3.27195501328,1.43604564667
-0.793823421001,1.09426653385,1.05861902237,0.349741518497,-4.35074329376,1.09426653385
-0.585740983486,1.74239456654,0.825401246548,0.570569336414,-4.80705928802,1.74239456654
-0.282873630524,1.97421789169,0.630687475204,1.04826581478,-4.3379149437,1.97421789169
-0.0434430725873,2.22558903694,0.637998342514,0.50490128994,-4.5092625618,2.22558903694
0.0482467375696,2.39632582664,0.442309767008,-0.0717555060983,-4.58317756653,2.39632582664
0.227899163961,2.52491307259,0.412335067987,0.170452564955,-4.27102518082,2.52491307259
0.184501335025,2.70053672791,0.28610008955,0.390974938869,-4.37609386444,2.70053672791
0.144982650876,2.59516239166,0.129646718502,0.401970505714,-4.46528053284,2.59516239166
0.169954583049,2.30897212029,0.0584872439504,0.603556036949,-4.06149864197,2.30897212029
0.223535135388,2.4839849472,0.0516637302935,1.33018016815,-3.36541724205,2.4839849472
0.174561053514,2.06676411629,-0.0604981780052,0.824689269066,-3.43139076233,2.06676411629
0.489255875349,1.82302880287,-0.235966995358,0.405635684729,-2.71454048157,1.82302880287
0.640299677849,1.79462361336,-0.235484942794,0.843626081944,-1.8999516964,1.79462361336
0.591083168983,1.83341348171,-0.156186521053,0.72756165266,-1.8290913105,1.83341348171
0.647815525532,1.29615747929,-0.183181732893,0.267885565758,-1.31626999378,1.29615747929
0.55714070797,1.08540904522,-0.048687774688,1.18876492977,-0.92195636034,1.08540904522
0.196866095066,0.737826645374,-0.0265131443739,0.756577789783,-1.30466353893,0.737826645374
0.392035067081,0.223478108644,-0.673674941063,-0.423613876104,-1.12629079819,0.223478108644
0.450706958771,-0.883104324341,-0.633905172348,0.854010760784,-0.199302792549,-0.883104324341
0.473981767893,0.324881732464,-0.456508159637,0.277354001999,-0.0664395987988,0.324881732464
0.907232582569,-0.506200432777,-0.204633280635,0.916624486446,0.273506909609,-0.506200432777
0.848803162575,-0.948772311211,0.115512304008,0.544912993908,-0.337052881718,-0.948772311211
0.793525516987,-0.8736358881,-0.0819497182965,-0.0265514776111,-0.63912576437,-0.8736358881
0.784312486649,-0.25330221653,-0.391430437565,-0.122457318008,-0.418298006058,-0.25330221653
0.743824064732,-0.0193408261985,-0.370219916105,0.438927859068,0.154082745314,-0.0193408261985
0.50937885046,0.271736472845,-0.0532673187554,0.931896090508,0.245101675391,0.271736472845
0.335545152426,0.231724798679,0.115755997598,0.454504907131,-0.078962340951,0.231724798679
0.457737892866,-0.026365775615,0.142318949103,0.308508127928,-0.108283877373,-0.026365775615
0.579930603504,-0.496731996536,0.101621583104,0.552854239941,0.127815544605,-0.496731996536
0.663089573383,-0.63387131691,0.0943106785417,0.870809555054,0.544425666332,-0.63387131691
0.601023435593,-0.207487314939,0.0475208871067,0.851872742176,0.712108194828,-0.207487314939
0.682970166206,-0.414265215397,-0.151848003268,0.0186525508761,1.4552257061,-0.414265215397
0.628419756889,-0.156174629927,-0.241992712021,0.489018797874,2.51935315132,-0.156174629927
0.35251635313,-0.897765100002,-0.189207449555,0.274299651384,2.84983110428,-0.897765100002
0.204381898046,-1.44937634468,0.00268066534773,0.284073501825,3.37242627144,-1.44937634468
-0.0259177424014,-2.12193894386,0.14012567699,-0.790743887424,2.77072405815,-2.12193894386
0.138436615467,-2.14393019676,0.244184240699,-0.452935397625,3.64242887497,-2.14393019676
0.139648854733,-2.17447328568,0.648964703083,0.571485579014,4.11981964111,-2.17447328568
0.02909350954,-2.30703115463,1.40808045864,0.315533071756,3.54224681854,-2.30703115463
0.208745926619,-2.64758849144,2.0753223896,-1.16612064838,2.55356144905,-2.64758849144
0.341606289148,-2.86169672012,2.52372455597,-1.37014961243,1.16964614391,-2.86169672012
0.56950545311,-3.35680294037,2.31414532661,-2.61417651176,-0.251837193966,-3.35680294037
0.581385314465,-3.6503238678,1.96322178841,-2.9831392765,-1.26556813717,-3.6503238678
0.58211261034,-3.76180672646,1.54235744476,-3.19327688217,-2.13085865974,-3.76180672646
0.428159505129,-3.65398907661,1.38444173336,-3.13463377953,-2.4613366127,-3.65398907661
0.168015018106,-3.42796874046,1.25479507446,-2.72657585144,-3.32357311249,-3.42796874046
0.0191532280296,-3.09871244431,0.897535443306,-2.57935738564,-4.02515220642,-3.09871244431
0.0744308903813,-2.62284851074,0.423057734966,-2.13495278358,-3.93535447121,-2.62284851074
0.153953149915,-1.88553416729,0.139394596219,-1.05463778973,-3.6186208725,-1.88553416729
0.176258176565,-1.15096867085,-0.161971211433,-0.723243296146,-3.5477604866,-1.15096867085
0.254325777292,-0.541936039925,-0.466390311718,-0.788911283016,-3.14917087555,-0.541936039925
0.321483284235,0.19110225141,-0.632459044456,-0.0803076177835,-2.53280806541,0.19110225141
0.315907001495,0.676434636116,-0.756588757038,0.0110167376697,-2.21179819107,0.676434636116
0.351304143667,0.786695837975,-0.819738268852,0.207104474306,-2.04136681557,0.786695837975
0.604902565479,0.79738599062,-0.926031827927,0.709541141987,-1.52274239063,0.79738599062
0.541866660118,0.793720781803,-0.951580882072,0.810028493404,-1.50869250298,0.793720781803
0.517137110233,0.787001252174,-1.12126493454,0.538804292679,-1.57436048985,0.787001252174
1.0536699295,-0.111581481993,-1.6862360239,1.32651495934,-0.674555957317,-0.111581481993
0.773644924164,-0.488485336304,-1.2511793375,1.42455887794,-0.279937028885,-0.488485336304
0.820194542408,-0.257272839546,-0.984601795673,-0.391543447971,-0.0123780258,-0.257272839546
0.867956340313,0.310831844807,-0.735137224197,1.15150213242,0.326652169228,0.310831844807
0.595689594746,0.235695421696,-0.563283801079,0.93953192234,-0.104313239455,0.235695421696
0.536532819271,0.0136458976194,-0.403240829706,0.428543150425,-0.120195746422,0.0136458976194
0.38136741519,-0.174500599504,-0.463256955147,0.158540695906,-0.44364887476,-0.174500599504
0.471557319164,-0.356843858957,-0.667649209499,-0.103215061128,-0.267108857632,-0.356843858957
0.52222853899,-0.398382693529,-0.75948113203,0.406857430935,0.168132647872,-0.398382693529
0.489013403654,-0.554764211178,-0.744778335094,0.698545575142,0.504413962364,-0.554764211178
0.365608423948,-0.887991249561,-0.752491235733,0.324085175991,0.353530228138,-0.887991249561
0.361001968384,-1.19922697544,-1.0337716341,-0.0687011778355,0.668431282043,-1.19922697544
0.457737892866,-1.40172886848,-1.31240069866,-0.134674623609,1.91826152802,-1.40172886848
0.365123569965,-1.03062820435,-1.29576969147,0.733670353889,2.81562280655,-1.03062820435
0.337484717369,-1.08255171776,-1.25479483604,0.507039308548,3.26124882698,-1.08255171776
0.5457457304,-0.671744942665,-1.12150597572,1.01222479343,4.3574461937,-0.671744942665
0.496529251337,-0.565759837627,-0.887226223946,1.65821480751,4.85988283157,-0.565759837627
0.33433291316,-0.263381481171,-0.538216888905,1.82528650761,5.29268121719,-0.263381481171
0.124374762177,0.527994394302,-0.199089616537,1.05315279961,5.20715999603,0.527994394302
-0.189322933555,1.56799256802,0.122092120349,0.860119462013,5.09384441376,1.56799256802
-0.505519390106,2.94671535492,0.538570046425,1.84239065647,4.79085540771,2.94671535492
-0.697063863277,3.10737299919,0.93896394968,1.53420913219,4.67418003082,3.10737299919
-0.934519767761,4.36789321899,1.49410533905,1.14294993877,3.84034919739,4.36789321899
-1.09298825264,4.64369869232,1.88255822659,1.13500869274,3.33027672768,4.64369869232
-1.09323501587,4.64980745316,2.23469996452,0.31400591135,2.5642516613,4.64980745316
-1.08064639568,4.85353088379,2.26954889297,1.51282894611,1.56854116917,4.85353088379
-0.64991825819,4.31016635895,2.07288551331,0.753523468971,1.38864135742,4.31016635895
-0.814804494381,4.67027139664,1.89035642147,0.328666657209,0.555115818977,4.67027139664
-0.880709588528,4.8819360733,1.6659116745,-0.475232005119,-0.55238288641,4.8819360733
-0.836279153824,5.40269899368,1.14269447327,-2.1392288208,-1.58169090748,5.40269899368
-0.929583072662,5.37398815155,0.580485880375,-5.19691514969,-2.63237905502,5.37398815155
-0.691633462906,4.03772068024,0.252469927073,-3.2510035038,-1.93904709816,4.03772068024
-0.492190301418,2.58813738823,0.364326775074,1.24343729019,-0.970520198345,2.58813738823
-0.412956058979,1.86578941345,0.729384660721,1.93157696724,-0.201135382056,1.86578941345
-0.54057008028,0.69873124361,1.20264387131,3.38818526268,0.108267858624,0.69873124361
-0.463557332754,-0.942358255386,1.3888283968,0.264525830746,-0.405164361,-0.942358255386
-0.444304168224,1.00416398048,0.991846144199,-0.50180464983,-0.722508847713,1.00416398048
0.000242445923504,-0.116162970662,0.461561828852,0.251086771488,0.149501264095,-0.116162970662
-0.146620377898,-0.20534928143,0.545637249947,0.210769683123,0.196843326092,-0.20534928143
-0.19500015676,-0.0773730278015,0.625569760799,0.778263509274,0.25915157795,-0.0773730278015
-0.0651646107435,-0.57919883728,0.79152739048,0.984735906124,0.487615168095,-0.57919883728
-0.169576078653,-0.61768335104,0.883157432079,0.766351640224,0.422863483429,-0.61768335104
-0.153778597713,-0.905095458031,1.11832475662,1.15425097942,0.360860645771,-0.905095458031
-0.287316679955,-0.956408143044,1.18387925625,0.0681326389313,0.244490802288,-0.956408143044
-0.38555726409,-0.847979545593,1.02328300476,-1.68810498714,0.151944726706,-0.847979545593
-0.680279076099,-0.564232647419,0.601687550545,-3.63523793221,-0.00932370126247,-0.564232647419
-0.644241034985,-0.703509926796,0.221520423889,-2.41167473793,0.82389652729,-0.703509926796
-0.843437433243,-0.64456140995,0.106008127332,-1.35854315758,1.98087525368,-0.64456140995
-1.01474130154,0.0429674312472,0.00243696849793,-2.49444699287,3.36234712601,0.0429674312472
-1.47311520576,-0.0605742298067,0.33264619112,-2.04332304001,3.5062057972,-0.0605742298067
-1.49064052105,0.848393201828,0.547586798668,0.182059019804,4.2389383316,0.848393201828
-1.46645057201,1.87983930111,0.916056454182,-1.37137138844,4.99702215195,1.87983930111
-1.77771031857,3.21885585785,1.42050898075,-2.31393623352,3.61799430847,3.21885585785
-1.60517215729,4.28451013565,1.64739060402,-1.15970659256,2.38343548775,4.28451013565
-1.16012752056,5.00288772583,1.51798772812,-1.64045751095,2.05326294899,5.00288772583
-1.36179232597,6.05082702637,1.43050050735,-3.46358466148,0.729823231697,6.05082702637
-1.44398856163,5.27227926254,1.14829945564,-4.48739528656,-1.59818422794,5.27227926254
-0.961424827576,2.70847797394,0.759603083134,-2.05034804344,-2.87977933884,2.70847797394
-0.897247612476,1.28791081905,0.642872273922,-0.434609442949,-3.68154001236,1.28791081905
-0.809620916843,0.361839085817,0.402587205172,-0.663989365101,-3.91091990471,0.361839085817
-0.73013985157,-0.516279757023,-0.0197643451393,-1.69421362877,-3.32235121727,-0.516279757023
-0.935260236263,-1.11737108231,-0.348286300898,-2.24399232864,-2.48577141762,-1.11737108231
-1.00585532188,-1.62988698483,-0.267300695181,-2.15175151825,-1.35719788074,-1.62988698483
-1.11125409603,-2.57489562035,-0.122442528605,-2.34783935547,-0.702044844627,-2.57489562035
-1.0687983036,-2.78411698341,-0.107739776373,-2.1850438118,0.403621196747,-2.78411698341
-1.15445041656,-1.75328183174,0.310713499784,-1.99353766441,1.20354914665,-1.75328183174
-1.05423510075,-0.479322344065,0.533939838409,-2.47306680679,0.313518583775,-0.479322344065
-0.739766418934,0.395131260157,0.790308892727,-3.88202738762,-0.489463746548,0.395131260157
-0.999437570572,1.50721144676,0.907039642334,-4.1883764267,-0.867589354515,1.50721144676
-0.957475483418,2.26987671852,0.880964100361,-2.18870902061,-0.656840860844,2.26987671852
-0.951551437378,1.6843624115,1.03010654449,-0.546397805214,-0.374010264874,1.6843624115
-0.957228600979,1.13336193562,0.766914010048,0.391585797071,-0.755495607853,1.13336193562
-0.806412041187,0.293727606535,0.616553068161,0.199468672276,-1.03557741642,0.293727606535
-0.722241103649,0.150174289942,0.887543916702,0.0290372595191,-1.34039914608,0.150174289942
-0.682994246483,0.516387939453,0.885594367981,0.552854239941,-1.77044820786,0.516387939453
-0.567228317261,0.488288193941,0.711107373238,0.502152383327,-1.47417855263,0.488288193941
-0.680279076099,0.110468037426,0.608754694462,0.596531093121,-1.51357936859,0.110468037426
-0.590677678585,-0.20534928143,0.563183367252,0.54857814312,-1.56855726242,-0.20534928143
-0.531930863857,-0.431064009666,0.465217292309,0.336913347244,-1.47448408604,-0.431064009666
-0.528721928596,-0.397466421127,0.458881169558,0.0791282132268,-1.28542125225,-0.397466421127
-0.444304168224,-0.25818914175,0.595351397991,-0.326486289501,-0.790925741196,-0.25818914175
-0.422335773706,-0.38372194767,0.632880747318,-0.573581278324,-0.648899614811,-0.38372194767
-0.358158528805,-0.658611357212,0.569519519806,-0.630391776562,-0.430209875107,-0.658611357212
-0.373955994844,-0.78658759594,0.525654137135,-0.761116921902,0.010223986581,-0.78658759594
-0.355443328619,-0.661665678024,0.584385037422,-0.820370852947,0.323903262615,-0.661665678024
-0.342854738235,-0.474740862846,0.607536256313,-0.898256182671,0.854745209217,-0.474740862846
-0.425544649363,-0.256967395544,0.659199953079,-0.781275451183,1.04594600201,-0.256967395544
-0.498607993126,-0.596913933754,0.664073944092,-0.375050097704,1.09970211983,-0.596913933754
-0.54057008028,-0.674493849277,0.727435052395,-0.277617096901,1.09145545959,-0.674493849277
-0.728658854961,-0.317137628794,0.979417681694,-0.233634799719,0.637582600117,-0.317137628794
-0.538348555565,0.544182360172,0.905333817005,0.659755647182,0.739291667938,0.544182360172
-0.318664819002,1.63060629368,0.811510503292,1.22450053692,1.65345144272,1.63060629368
-0.318664819002,2.09303116798,0.701359570026,2.36926198006,2.16352415085,2.09303116798
-0.503051042557,0.366726011038,0.632393300533,3.82098340988,1.32847118378,0.366726011038
-0.76741206646,-2.48906898499,0.388940185308,6.43090486526,-0.206022307277,-2.48906898499
-0.721500635147,-3.54647660255,0.405755251646,7.21159076691,0.538622438908,-3.54647660255
-0.91378557682,-4.16619968414,0.6358050704,8.95897102356,4.5471200943,-4.16619968414
-2.14154624939,-3.44568395615,2.12528014183,8.66331195831,4.36477661133,-3.44568395615
-2.36394500732,-3.45148706436,2.62924528122,5.4755115509,0.288778543472,-3.45148706436
-1.1068110466,-4.45361185074,1.78654158115,4.57479095459,0.173630446196,-4.45361185074
-1.49064052105,-4.41451644897,1.21507251263,4.65756320953,-0.235954716802,-4.41451644897
-1.33686184883,-3.91635560989,0.403805673122,4.6764998436,-1.08750092983,-3.91635560989
-0.612892925739,-4.05318975449,0.0207142308354,4.4324593544,-0.188918083906,-4.05318975449
-0.216228038073,-3.73492860794,-0.12196046114,4.22507047653,0.220972493291,-3.73492860794
-0.00913291890174,-3.21935844421,-0.252838999033,3.92085981369,0.823285639286,-3.21935844421
0.125586986542,-2.59413790703,-0.234520807862,3.70950031281,1.53097295761,-2.59413790703
0.137224376202,-1.53642463684,-0.0817086920142,3.38879609108,1.90054643154,-1.53642463684
0.133587703109,-0.759098649025,0.0348486490548,3.02777481079,2.04654335976,-0.759098649025
0.105221524835,-0.310723543167,0.173512145877,2.82069158554,2.33273363113,-0.310723543167
-0.0705949962139,0.112606070936,0.190570935607,2.5201458931,2.49369668961,0.112606070936
-0.192284971476,-0.0682100430131,0.225663289428,2.4288213253,2.06792354584,-0.0682100430131
-0.281392663717,-0.712062060833,0.211528867483,2.71195745468,1.77348649502,-0.712062060833
-0.357171177864,-1.86842989922,0.346049517393,4.31761646271,2.55295062065,-1.86842989922
-1.31143772602,-1.25237226486,0.773250102997,5.69695043564,3.02912020683,-1.25237226486
-2.61818575859,-0.87821739912,1.44560968876,7.02558231354,3.60119533539,-0.87821739912
-4.64273166656,1.4678106308,1.23700523376,6.25039434433,-1.49922406673,1.4678106308
-1.93074834347,0.295865654945,0.356284797192,6.38722801208,-0.999230802059,0.295865654945
-1.59554553032,0.163002461195,0.125503882766,8.1718711853,1.50989806652,0.163002461195
-1.81794464588,0.47576546669,0.253688424826,7.15111494064,2.52210187912,0.47576546669
-1.46669733524,-0.140597566962,0.495435714722,5.48467445374,2.53767895699,-0.140597566962
-1.17469084263,-1.24229300022,0.465704649687,5.98527860641,2.95795440674,-1.24229300022
-1.46027970314,-2.78869843483,0.469116419554,6.71037578583,3.30767464638,-2.78869843483
-2.19362831116,-3.75691986084,0.603393375874,6.47213840485,1.51692306995,-3.75691986084
-1.54914045334,-5.28011274338,0.19739446044,6.6596736908,1.77531909943,-5.28011274338
-1.33883655071,-5.56660842896,-0.116657830775,5.60318231583,2.88190150261,-5.56660842896
-1.35463404655,-5.20283794403,-0.124611780047,4.33563709259,3.32722234726,-5.20283794403
-1.09496295452,-4.73094463348,-0.0838779509068,3.8041844368,4.17143774033,-4.73094463348
-0.711874008179,-4.69154405594,-0.158837839961,3.11573934555,5.41027259827,-4.69154405594
-0.770374059677,-4.3457942009,-0.0800214931369,2.72600746155,6.32626485825,-4.3457942009
-1.26355171204,-3.81617379189,0.283906847239,4.12977552414,5.64912080765,-3.81617379189
-0.791108250618,-3.48355770111,0.171562582254,7.32704401016,6.01166963577,-3.48355770111
-0.882190644741,-2.03122544289,0.0102352676913,5.38663053513,5.56482172012,-2.03122544289
-1.14235532284,-0.526053547859,0.502015531063,1.26665019989,3.26521945,-0.526053547859
-1.03745031357,0.701785564423,0.74961155653,0.489018797874,2.02974438667,0.701785564423
-0.688177764416,0.73721575737,0.521023869514,0.14296361804,1.87916612625,0.73721575737
-0.510702908039,0.870384395123,0.557334661484,0.365318596363,2.43505358696,0.870384395123
-0.91625392437,1.22804605961,0.786166071892,0.673194646835,1.70293152332,1.22804605961
-0.63609546423,0.331906706095,0.822720587254,-0.877181351185,1.29609525204,0.331906706095
-0.751861393452,0.614431858063,0.942375719547,-0.421475857496,1.49157214165,0.614431858063
-0.909095644951,0.560064852238,1.10004758835,0.603250622749,1.23531424999,0.560064852238
-0.931310892105,0.0851171314716,1.23919844627,0.42548879981,0.507162868977,0.0851171314716
-0.956241309643,-0.194353714585,1.12953484058,-0.385434806347,-0.406386137009,-0.194353714585
-0.903171658516,-0.40296420455,0.835636496544,-0.905586540699,-0.911266207695,-0.40296420455
-0.745196819305,-0.536132872105,0.643359661102,-1.23606467247,-0.880722939968,-0.536132872105
-0.903912127018,0.0469380542636,0.759115695953,-1.49049007893,-1.36941516399,0.0469380542636
-0.983146429062,0.329463243484,0.753023266792,-2.66182398796,-2.53494596481,0.329463243484
-1.03942489624,0.94949144125,0.725729227066,-2.89181494713,-3.64488816261,0.94949144125
-1.00363373756,1.19567012787,0.82052731514,-2.1404504776,-4.28996229172,1.19567012787
-0.759019613266,0.843811750412,1.03498053551,-1.4352067709,-4.79117679596,0.843811750412
-0.608696699142,1.41497075558,1.27429080009,-1.03661715984,-5.27406597137,1.41497075558
-0.458620637655,1.71246218681,1.20703053474,-1.28462851048,-6.06299829483,1.71246218681
-0.107867181301,1.9259595871,0.805174410343,-0.636805832386,-6.54374933243,1.9259595871
0.101099945605,1.70055031776,0.417452722788,1.65088438988,-6.24809074402,1.70055031776
0.236384764314,1.92962479591,0.20373056829,3.05159854889,-5.29452991486,1.92962479591
0.348152339458,2.58569407463,0.196419656277,2.9584414959,-3.83272910118,2.58569407463
0.143770441413,2.77536773682,0.37870490551,1.99632871151,-3.51966071129,2.77536773682
-0.116259589791,2.90212225914,0.565620422363,2.32039284706,-3.4463570118,2.90212225914
-0.0668924599886,2.66052508354,0.755703926086,2.56168460846,-2.79486918449,2.66052508354
-0.370500296354,2.27415275574,0.89193046093,1.73365664482,-2.54013824463,2.27415275574
-0.197962194681,1.72559583187,1.05325770378,0.550410747528,-1.20661962032,1.72559583187
-0.386297792196,0.820293426514,1.3071898222,0.35249042511,-1.58260715008,0.820293426514
-0.63955116272,0.427507102489,1.20581197739,1.69761562347,-2.39139270782,0.427507102489
-0.419867426157,0.0295283943415,0.849770903587,1.33476161957,-1.71363782883,0.0295283943415
0.0591568052769,-0.20993077755,0.866829693317,0.0131547637284,-0.34499412775,-0.20993077755
-0.0414683893323,-0.281707435846,1.16145920753,-0.533875048161,0.163551166654,-0.281707435846
0.0654603987932,-0.934417009354,1.29427397251,0.470081984997,0.447298049927,-0.934417009354
0.304754525423,-1.15890991688,1.25576984882,1.5830783844,0.702639758587,-1.15890991688
0.393004834652,-0.926781177521,1.15219867229,1.60812389851,0.456766486168,-0.926781177521
0.551322042942,-0.413348913193,0.970400869846,0.708319425583,0.603985011578,-0.413348913193
0.5939925313,0.28028857708,0.838317155838,-0.333511263132,0.88925909996,0.28028857708
0.458465218544,0.492869704962,0.749124109745,-0.910778939724,0.78083050251,0.492869704962
0.354940831661,0.0386913716793,0.671628534794,-1.13069045544,0.566722214222,0.0386913716793
0.434947997332,-0.641812562943,0.657737791538,-0.934602677822,0.877958059311,-0.641812562943
0.225474700332,-1.26794934273,0.697947800159,-0.454768002033,0.891702532768,-1.26794934273
0.0198805648834,-1.45151436329,0.750829994678,0.346687197685,0.24968315661,-1.45151436329
-0.0108607681468,-1.3821811676,0.646527767181,0.454199492931,0.082611516118,-1.3821811676
0.133830145001,-1.02879559994,0.621426999569,-0.095579251647,0.713329911232,-1.02879559994
0.0247294828296,-0.613101840019,0.786653459072,-0.323431968689,0.892924308777,-0.613101840019
-0.0557848550379,-0.460080087185,1.10906434059,-0.760811507702,1.0694643259,-0.460080087185
-0.180436849594,-0.413654327393,1.38687872887,-0.278838813305,0.637277185917,-0.413654327393
-0.159949496388,-0.281096577644,1.26381182671,0.886081218719,0.12903727591,-0.281096577644
-0.00617089122534,0.0701509267092,1.06178712845,1.03513228893,0.158053383231,0.0701509267092
-0.00715823378414,0.43483749032,0.953829467297,0.486880779266,0.127204686403,0.43483749032
0.0661877319217,0.630008876324,0.876090168953,-0.0653414204717,0.393236517906,0.630008876324
0.122677631676,0.425674498081,0.95041769743,-0.290750682354,0.683092057705,0.425674498081
-0.000740506919101,0.240276902914,1.07665264606,0.193054586649,0.549312591553,0.240276902914
-0.0195000171661,-0.0370559170842,1.13367772102,0.67838704586,0.406675517559,-0.0370559170842
0.0203654561192,-0.113719508052,1.11856853962,0.912042975426,0.207838892937,-0.113719508052
0.0310330782086,0.0887823179364,0.946518540382,0.96182847023,0.0230521578342,0.0887823179364
0.122435189784,0.519136846066,0.896317005157,0.132273495197,0.0933016613126,0.519136846066
0.102554626763,0.663301050663,0.932384133339,-0.583660542965,0.342534661293,0.663301050663
0.0349122136831,0.487066477537,1.00135040283,-0.595877885818,0.124761223793,0.487066477537
0.0361244417727,0.0035666199401,1.03156876564,-0.296553909779,0.301301300526,0.0035666199401
0.163166105747,-0.377918720245,0.980148732662,-0.0876380056143,0.794574975967,-0.377918720245
0.224989816546,-0.49001249671,0.934821069241,-0.176213473082,1.50409495831,-0.49001249671
0.111282676458,0.515777111053,1.0147536993,-0.48531126976,1.5028731823,0.515777111053
-0.174019142985,0.750960230827,1.13830804825,-0.643830776215,0.958897709846,0.750960230827
-0.262139469385,0.0444945916533,0.981123507023,-1.13832628727,1.18522322178,0.0444945916533
-0.139955818653,-0.406323939562,0.896317005157,0.233982563019,0.651632487774,-0.406323939562
-0.251031845808,-0.334852725267,0.906795978546,0.00124289095402,1.16811907291,-0.334852725267
-0.437392771244,-0.265519529581,0.939451396465,-0.28464204073,0.330928266048,-0.265519529581
-0.468494057655,-0.106389127672,0.952367305756,-0.472177654505,0.256097257137,-0.106389127672
-0.496139645576,0.817849993706,0.942863106728,0.0140710622072,0.405148386955,0.817849993706
-0.1910507828,0.752487361431,0.89144307375,0.0363676473498,0.400872290134,0.752487361431
-0.242886289954,-0.348902612925,1.08566939831,-0.296248465776,-0.811389744282,-0.348902612925
-0.257449567318,-0.932278931141,0.948224484921,-0.748899638653,0.00778052583337,-0.932278931141
-0.251278698444,-0.819879770279,0.755216538906,-2.77575039864,2.21605849266,-0.819879770279
-0.925140023232,0.289146125317,1.02620744705,-1.62426960468,0.146141499281,0.289146125317
-0.460595339537,0.0011231591925,0.762040019035,-0.0406013764441,-0.538332998753,0.0011231591925
-0.370994001627,-0.246582686901,0.808098733425,0.0220123119652,-0.337969183922,-0.246582686901
-0.264854669571,-1.3568302393,0.756191313267,-0.37902072072,-0.0563603267074,-1.3568302393
-0.360626876354,-1.61553168297,0.850258290768,0.453283190727,-0.314450919628,-1.61553168297
-0.200430557132,-1.33789336681,0.707695603371,0.234593421221,-0.37859171629,-1.33789336681
-0.255228072405,-0.782006084919,0.84124147892,0.122194208205,-0.257640421391,-0.782006084919
-0.185867249966,-0.288426965475,0.883157432079,0.450534284115,-0.0288713872433,-0.288426965475
-0.297436952591,-0.264603227377,0.798107206821,0.0940944030881,0.0893310382962,-0.264603227377
-0.182905212045,-0.322635412216,0.826132357121,0.302399456501,-0.179755106568,-0.322635412216
-0.215487524867,-0.256967395544,0.975031077862,1.01161396503,-1.3211568594,-0.256967395544
-0.069113984704,-0.0141484709457,0.906795978546,1.83658742905,-0.702350318432,-0.0141484709457
-0.0436899103224,0.00936983991414,0.83344322443,0.541858613491,0.04443243891,0.00936983991414
-0.133538082242,-0.0318635627627,0.887056529522,0.129219174385,0.100326612592,-0.0318635627627
-0.120949462056,0.0386913716793,0.912157297134,0.539415180683,0.133007898927,0.0386913716793
-0.146373540163,-0.187634199858,0.976493299007,0.346992641687,0.15530449152,-0.187634199858
-0.161677345634,0.0189017988741,0.940913498402,-0.0569127574563,0.101000070572,0.0189017988741
-0.122430481017,-0.0485988110304,0.95553535223,-0.204436719418,-0.0367500409484,-0.0485988110304
-0.140449479222,0.0536883436143,0.906064867973,0.145577967167,0.0448354892433,0.0536883436143
-0.0654114484787,0.0439144968987,0.900703549385,-0.252706170082,0.283683776855,0.0439144968987
-0.193025484681,0.0985869318247,1.00232517719,-1.00223779678,0.0778222084045,0.0985869318247
-0.16834191978,0.0665165185928,0.983804166317,-0.694667160511,0.143795654178,0.0665165185928
-0.163158372045,0.00359739083797,0.784703850746,0.531950235367,-0.245936349034,0.00359739083797
-0.262633115053,-0.424619138241,0.817602932453,0.988266527653,-0.488449901342,-0.424619138241
-0.0710886642337,-0.399573683739,0.815409660339,1.03744113445,-0.250212430954,-0.399573683739
