-0.0891076698899,-0.0375441685319,0.967232823372,9.63937491179e-05,-0.0304250549525,-0.0375441685319
-0.0844177901745,-0.0544343963265,0.966257989407,0.0625175833702,-0.0270792227238,-0.0544343963265
-0.0970064103603,-0.0211365632713,0.971131920815,0.0443640127778,-0.0521765090525,-0.0211365632713
-0.0920697003603,-0.00214913673699,0.965770602226,0.0362585447729,-0.0830817148089,-0.00214913673699
-0.0757785439491,0.0143077354878,0.950174033642,0.0551347397268,-0.0564702674747,0.0143077354878
-0.0701013281941,0.0156578756869,0.946031153202,0.0696116238832,-0.0323532931507,0.0156578756869
-0.0839241147041,0.0881743207574,0.947493374348,0.0436989739537,-0.0475466027856,0.0881743207574
-0.0841709598899,0.0913448408246,0.944325268269,-0.00659278221428,-0.0541784241796,0.0913448408246
-0.0728165134788,0.0755286738276,0.953098356724,-0.0429666526616,-0.0259588807821,0.0755286738276
-0.0942912176251,0.069114588201,0.978442847729,-0.0805348604918,-0.032678399235,0.069114588201
-0.102436795831,0.0352517440915,0.968207597733,-0.0642815753818,-0.0535085201263,0.0352517440915
-0.0868861451745,-0.00312753673643,0.954073131084,-0.0273421406746,0.0708147510886,-0.00312753673643
-0.0945380553603,-0.0259999744594,0.943106770515,0.0271158441901,0.0400774031878,-0.0259999744594
-0.0947848856449,-0.00789265707135,0.954073131084,0.0537664033473,0.0753629505634,-0.00789265707135
-0.0920697003603,0.0183298997581,0.967720210552,0.0346528477967,0.0715892761946,0.0183298997581
-0.0910823568702,0.0513166226447,1.05935025215,0.0493136160076,0.0557067766786,0.0513166226447
-0.115519076586,0.0726812928915,1.01377880573,0.0705911070108,-0.00560167524964,0.0726812928915
-0.0841709598899,0.0732213631272,1.00476205349,0.0449663028121,-0.0460336022079,0.0732213631272
-0.0794810801744,0.0630967020988,0.98965293169,0.0170336291194,-0.0983588173985,0.0630967020988
-0.0740506947041,0.0491683930159,0.966014266014,0.0570189058781,-0.121658176184,0.0491683930159
-0.0762722194195,0.0248733647168,0.95041769743,0.0983287096024,-0.0968345850706,0.0248733647168
-0.0849114656448,0.0100463274866,0.935552179813,0.116135343909,-0.0861802697182,0.0100463274866
-0.0871329829097,-0.0109612364322,0.934090077877,0.0856730267406,-0.0697964578867,-0.0109612364322
-0.0920697003603,-0.000215204898268,0.99745118618,0.0497064217925,-0.0563573390245,-0.000215204898268
-0.0915760248899,-0.0201817210764,0.936527013779,0.0397573634982,-0.0210018269718,-0.0201817210764
-0.101943127811,-0.0331663526595,0.945056378841,0.0635463222861,-0.00317718693987,-0.0331663526595
-0.0925633683801,-0.0234834309667,0.945543825626,0.0955286324024,0.0187445729971,-0.0234834309667
-0.0945380553603,-0.0377686619759,0.950661420822,0.0774608254433,0.0251957587898,-0.0377686619759
-0.0925633683801,-0.0329314395785,0.959434509277,0.0349820740521,0.0299607049674,-0.0329314395785
-0.0903418511152,-0.0272889379412,0.964795827866,0.010985776782,0.0361692681909,-0.0272889379412
-0.088367164135,-0.0261648707092,0.975762188435,-0.00728731974959,0.0170164108276,-0.0261648707092
-0.0757785439491,-0.0163191203028,0.973812639713,-0.00765511766076,0.0185866616666,-0.0163191203028
-0.0903418511152,-0.0124416137114,0.970400869846,-0.0291249789298,-0.0156537536532,-0.0124416137114
-0.0787405744195,-0.0126981791109,0.954804241657,-0.0608792677522,-0.027822798118,-0.0126981791109
-0.077259555459,-0.0349513180554,0.947249650955,-0.0488443300128,-0.0254847873002,-0.0349513180554
-0.075531706214,-0.0465579107404,0.948468089104,-0.0219634026289,-0.00375572103076,-0.0465579107404
-0.0878734886646,-0.0609244741499,0.954560518265,-0.0438572540879,-0.0119531201199,-0.0609244741499
-0.0925633683801,-0.0685336589813,0.956997513771,-0.0518990382552,-0.0178509019315,-0.0685336589813
-0.090835519135,-0.0501341484487,0.95504796505,-0.0348488800228,-0.00642495043576,-0.0501341484487
-0.0881203263998,-0.0628169327974,0.95553535223,-0.00491159036756,0.0110147707164,-0.0628169327974
-0.0962659046054,-0.0323764383793,0.96284621954,0.00266874954104,0.00830580852926,-0.0323764383793
-0.0915760248899,-0.0252963639796,0.975518465042,0.00888608396053,0.0225568916649,-0.0252963639796
-0.104411482811,0.000158714130521,0.976980626583,-0.00874165818095,-0.00930494908243,0.000158714130521
-0.0925633683801,0.0198419541121,0.960896670818,-0.0196799710393,-0.0377680212259,0.0198419541121
-0.077259555459,0.00235879514366,0.954073131084,-0.0231474563479,-0.0301297102123,0.00235879514366
-0.0757785439491,0.00177042372525,0.942375719547,-0.00271263718605,-0.0216230209917,0.00177042372525
-0.0760253742337,-0.0189183931798,0.944812715054,0.0107600241899,-0.0182551275939,-0.0189183931798
-0.077259555459,-0.0280563831329,0.946274876595,0.0362599268556,-0.00867301598191,-0.0280563831329
-0.0851582959294,-0.0201081633568,0.95553535223,0.00648812204599,-0.0146769704297,-0.0201081633568
-0.0839241147041,-0.0107612330467,0.960409283638,0.000673390924931,-0.0159317944199,-0.0107612330467
-0.0982405915856,-0.00349566526711,0.966014266014,0.00889277085662,-0.0286088939756,-0.00349566526711
-0.0984874218702,0.0111336316913,0.946762263775,-0.0101862214506,-0.0299365986139,0.0111336316913
-0.0821962729096,0.00123371370137,0.936770737171,-0.0204505492002,0.000482979230583,0.00123371370137
-0.0817025974393,0.00751401949674,0.941157221794,-0.007587864995,0.0263203792274,0.00751401949674
-0.0910823568702,0.00655445922166,0.95553535223,0.029316700995,0.0266392454505,0.00655445922166
-0.0866393148899,0.0106083173305,0.954073131084,0.0481416359544,0.0259456448257,0.0106083173305
-0.0784937366843,-0.00703140534461,0.946031153202,0.0118057765067,0.0141565175727,-0.00703140534461
-0.0804684236646,-0.00426342152059,0.95504796505,0.03086611256,0.0246695652604,-0.00426342152059
-0.0940443873405,0.0071285488084,0.959921836853,0.0244622156024,0.00395941454917,0.0071285488084
-0.0871329829097,0.00927315372974,0.960409283638,0.00162659958005,-0.0129489405081,0.00927315372974
-0.0893545001745,0.0111115891486,0.953098356724,-0.00338633731008,-0.00852764863521,0.0111115891486
-0.0970064103603,0.0231064930558,0.949199199677,0.0184162147343,-0.00755449198186,0.0231064930558
-0.0873798206449,0.0263033099473,0.944325268269,-0.0239669755101,-0.00371929025277,0.0263033099473
-0.0937975496054,0.0311221890152,0.950905144215,-0.0364746712148,-0.0012282570824,0.0311221890152
-0.0918228551745,0.0115268630907,0.939451396465,0.00754506886005,0.0778872892261,0.0115268630907
-0.0846646279097,-0.0150161841884,0.941400945187,-0.0145727470517,0.0231981351972,-0.0150161841884
-0.0896013379097,-0.0353145599365,0.952854692936,-0.0357817523181,0.0256827883422,-0.0353145599365
-0.100708946586,-0.0389271378517,0.953585803509,-0.0247650332749,0.00511298933998,-0.0389271378517
-0.0967595726252,-0.039671190083,0.941644608974,-0.0182490460575,0.00232567451894,-0.039671190083
-0.0913291871548,-0.0407815873623,0.93798917532,-0.0373747423291,0.0144746294245,-0.0407815873623
-0.099721595645,-0.0547855049372,0.944812715054,-0.0291514638811,0.0180853307247,-0.0547855049372
-0.0992279276252,-0.0241231508553,0.947493374348,-0.00564980134368,0.0327069461346,-0.0241231508553
-0.102189958096,-0.030970428139,0.95041769743,-0.0348781980574,0.026541987434,-0.030970428139
-0.0945380553603,-0.0154405087233,0.963821053505,-0.0148271024227,0.0444348528981,-0.0154405087233
-0.0977469235659,0.00415197573602,0.977468073368,-0.00407477468252,0.024304959923,0.00415197573602
-0.117740608752,0.0354592129588,0.981854617596,0.0050296485424,-0.0385964438319,0.0354592129588
-0.0913291871548,0.0395010188222,0.956510126591,-0.0118134357035,-0.0575082711875,0.0395010188222
-0.0947848856449,0.0302504505962,0.946518540382,0.0270817130804,-0.0525581873953,0.0302504505962
-0.0817025974393,0.0114412391558,0.967232823372,0.0218638330698,-0.0170264877379,0.0114412391558
-0.121936812997,0.0375846475363,0.993308365345,0.00800771638751,-0.0767358615994,0.0375846475363
-0.125145673752,0.0211680606008,1.00183773041,-0.0621456503868,-0.151662960649,0.0211680606008
-0.129095047712,-0.0359478406608,1.00329995155,-0.198063179851,-0.187093153596,-0.0359478406608
-0.111816547811,-0.130937382579,0.98453527689,-0.215472832322,-0.117149092257,-0.130937382579
-0.095772229135,-0.238755106926,0.960165560246,-0.332758933306,-0.0383474677801,-0.238755106926
-0.110335536301,-0.249445229769,0.950174033642,-0.436606049538,-0.145859748125,-0.249445229769
-0.0886140018702,-0.37284001708,0.901434659958,-0.575883328915,-0.0878275558352,-0.37284001708
-0.0597342252731,-0.4739382267,0.909964025021,-0.990966260433,0.0856581777334,-0.4739382267
-0.120702631772,-0.671858549118,1.01061081886,-1.28204357624,-0.024908432737,-0.671858549118
-0.135512769222,-0.760128617287,1.07494676113,-1.02822899818,0.113147109747,-0.760128617287
-0.110829204321,-0.830072641373,1.10394668579,-0.816258788109,0.320535868406,-0.830072641373
-0.298424303532,-0.868557214737,1.14318192005,-0.922549366951,0.0578638091683,-0.868557214737
-0.26979136467,-0.653838038445,1.1190559864,-1.19407892227,-0.0624766424298,-0.653838038445
-0.35001295805,-0.500816345215,1.06178712845,-0.888646304607,-0.399368822575,-0.500816345215
-0.260164767504,-0.125439599156,0.981610894203,-0.0978812724352,-0.325148701668,-0.125439599156
-0.170316591859,-0.0258685611188,0.957728624344,0.204802468419,-0.0972959622741,-0.0258685611188
-0.221164748073,0.0401048846543,1.02693855762,-0.144612461329,-0.168767184019,0.0401048846543
-0.275221765041,0.175106108189,1.04838383198,-0.487307846546,-0.363022327423,0.175106108189
-0.266088813543,0.240163251758,0.998913347721,-0.497387140989,-0.384708046913,0.240163251758
-0.259671092033,0.398071914911,0.947737038136,-0.109182275832,-0.348972439766,0.398071914911
-0.253993868828,0.542236089706,0.898754000664,0.0581948049366,-0.418916523457,0.542236089706
-0.237702727318,0.514136314392,0.851720511913,-0.109487712383,-0.547503650188,0.514136314392
-0.207341939211,0.474735498428,0.843922138214,-0.0688651651144,-0.579574108124,0.474735498428
-0.170563444495,0.483898490667,0.823207974434,0.299486577511,-0.524290800095,0.483898490667
-0.133291259408,0.4432759583,0.756434977055,0.531920790672,-0.53528636694,0.4432759583
-0.0982405915856,0.358365684748,0.633368134499,0.445177942514,-0.358135432005,0.358365684748
0.0334575362504,0.128069490194,0.637023568153,-0.0148035958409,0.0868799090385,0.128069490194
0.0504287518561,0.00223123840988,0.797619819641,-0.186456739902,0.547166824341,0.00223123840988
0.0164863225073,-0.0545792281628,1.05520737171,-0.0789444446564,0.874285161495,-0.0545792281628
0.0400035753846,-0.247612655163,1.09492993355,-0.184013277292,1.14367687702,-0.247612655163
0.0176985505968,-0.490431576967,1.1875346899,-0.852299809456,1.13756811619,-0.490431576967
-0.0599810630083,-0.671553134918,1.18412303925,-1.53188741207,0.817474722862,-0.671553134918
0.0356395505369,-0.761044859886,1.08713161945,-1.12108051777,0.720957994461,-0.761044859886
0.119040943682,-1.03715598583,0.915081679821,-0.522127211094,0.826332271099,-1.03715598583
0.102797068655,-1.5111874342,0.830031454563,-1.05144190788,0.610696852207,-1.5111874342
0.0586719103158,-1.87984466553,0.891199409962,-1.65375506878,0.437516570091,-1.87984466553
0.00921294465661,-2.00476646423,0.976005911827,-1.50134420395,0.474473923445,-2.00476646423
-0.0967595726252,-2.14190578461,0.994283139706,-1.24203181267,0.476001083851,-2.14190578461
-0.142424181104,-2.23994970322,0.822964251041,-1.33274531364,0.221881136298,-2.23994970322
-0.0693608149886,-1.83983290195,0.702090620995,-0.876734435558,0.372459411621,-1.83983290195
-0.0513418130577,-1.47697901726,0.648720979691,-0.36024788022,0.595730662346,-1.47697901726
-0.163158372045,-1.11748480797,0.643115997314,-0.602761387825,0.282051354647,-1.11748480797
-0.113297559321,-0.746689558029,0.601443827152,-0.771971046925,0.195308491588,-0.746689558029
0.0627934932709,-0.589391708374,0.329965531826,-0.29244184494,1.05571222305,-0.589391708374
0.01454675477,-0.423847258091,0.285125315189,0.370652377605,2.06791591644,-0.423847258091
-0.175746977329,-0.684075832367,0.527116298676,0.472972333431,2.99246025085,-0.684075832367
-0.434430748224,-0.226232364774,1.16828274727,1.06154096127,2.77987933159,-0.226232364774
-0.418386429548,-0.153539404273,1.59328997135,1.18615746498,1.2117882967,-0.153539404273
-0.291266053915,-0.345045655966,1.47631549835,-1.24478077888,-0.726487219334,-0.345045655966
0.672544956207,-0.791893601418,1.47631549835,-2.15283203125,0.102762401104,-0.791893601418
0.452404081821,0.0449918061495,2.17913722992,0.637905955315,1.08014678955,0.0449918061495
-0.831342458725,0.724273920059,2.07800292969,0.58903670311,-1.24480628967,0.724273920059
-0.647449910641,1.00374484062,1.24967753887,-2.02332854271,-2.85779619217,1.00374484062
-0.176981151104,1.5058760643,0.511032283306,-1.27898919582,-2.3865134716,1.5058760643
-0.261892616749,1.93836855888,0.468141645193,-0.3309263587,-2.12689590454,1.93836855888
-0.444304168224,1.75541448593,0.447671115398,-0.253346472979,-2.39262223244,1.75541448593
-0.167601406574,1.41149735451,0.233948975801,-0.559695363045,-1.98456406593,1.41149735451
-0.19845585525,1.72853636742,-0.026031088084,-0.324512273073,-1.78389489651,1.72853636742
-0.0740506947041,1.21174442768,0.0102352676913,-0.715466022491,-0.682199478149,1.21174442768
-0.561057448387,1.39958548546,0.528578519821,0.229542508721,-0.626610696316,1.39958548546
-1.26676058769,1.36140632629,0.333620995283,0.15715496242,-2.05634093285,1.36140632629
-0.657076478004,1.1210309267,-0.307070404291,0.166012510657,-1.56215083599,1.1210309267
-0.332981288433,1.09965062141,-0.532673180103,0.207551345229,-0.693805873394,1.09965062141
-0.537608027458,0.925554037094,-0.334065616131,0.111950933933,-0.556361198425,0.925554037094
-0.340633183718,0.224280759692,-0.476031452417,-0.148277655244,0.151020765305,0.224280759692
-0.27620908618,-0.66941511631,-0.499170213938,-0.0169416237622,1.43475413322,-0.66941511631
-0.366057276726,-0.00357198156416,-0.274772614241,-0.0673380047083,2.25148081779,-0.00357198156416
-0.0947848856449,-1.32365179062,0.602662265301,-1.20507454872,3.68976306915,-1.32365179062
-0.759019613266,-1.38840353489,1.2869631052,0.455257236958,3.38952279091,-1.38840353489
-0.663247346878,-1.85540997982,1.17900538445,0.315369069576,3.23863911629,-1.85540997982
-0.692620873451,-1.83402967453,1.12076187134,-1.07557106018,3.65738725662,-1.83402967453
-1.24158334732,-1.27661514282,1.35544192791,-1.55051875114,2.73742413521,-1.27661514282
-0.954266607761,-0.881690740585,1.14659368992,-1.51661574841,2.37121033669,-0.881690740585
-0.587221980095,-1.19292664528,0.80858618021,-1.86755788326,2.45184469223,-1.19292664528
-0.602525830269,-1.05914711952,0.782510578632,-1.06793522835,2.07432985306,-1.05914711952
-0.582778990269,-0.838319301605,0.724510729313,-1.26585555077,1.62992560863,-0.838319301605
-0.562291562557,-0.966295599937,0.624595046043,-2.09143996239,0.774408698082,-0.966295599937
-0.305335700512,-0.96324133873,0.455713123083,-2.07891726494,0.847101688385,-0.96324133873
-0.373955994844,-1.19995164871,0.498847454786,-1.15987050533,0.446068674326,-1.19995164871
-0.246095150709,-1.33586907387,0.296579062939,-0.237158551812,0.125975281,-1.33586907387
-0.111076042056,-1.36244177818,0.0299747139215,-0.144917890429,0.571601450443,-1.36244177818
-0.440848469734,-1.20606029034,0.297797560692,-0.154997169971,0.629633665085,-1.20606029034
-0.708171486855,-1.02646589279,0.439385414124,0.257642328739,-0.510240912437,-1.02646589279
-0.458620637655,-1.43421840668,0.299259722233,0.175786361098,-0.70907753706,-1.43421840668
-0.592405557632,-1.63030612469,0.386746883392,0.641876578331,-0.831556022167,-1.63030612469
-0.926867902279,-1.42810976505,0.364326775074,2.63024282455,-0.901805520058,-1.42810976505
-1.05744385719,-1.83586227894,0.30803284049,3.26279377937,-1.24450087547,-1.83586227894
-1.4049885273,-1.22469162941,0.508107960224,5.12165689468,-1.53374552727,-1.22469162941
-0.996228694916,-0.849314928055,0.404536783695,6.35316133499,-1.0099285841,-0.849314928055
-0.136993780732,0.398071914911,0.582435488701,4.16870689392,-0.24146014452,0.398071914911
0.485861629248,-0.506008625031,0.998426020145,0.824830710888,-0.791849792004,-0.506008625031
1.54316818714,-1.80776250362,1.13660216331,-1.87152850628,-1.09483885765,-1.80776250362
2.44288516045,-0.814800977707,0.606561481953,-0.734097421169,-0.762222826481,-0.814800977707
2.88607597351,-3.63913655281,0.118436671793,-0.710273683071,-0.516654968262,-3.63913655281
2.12334132195,-3.54628491402,0.0852938964963,-2.36266422272,1.14337134361,-3.54628491402
0.676424086094,-3.81812000275,0.803224861622,-2.1653547287,2.65373563766,-3.81812000275
0.0484891831875,-5.99890851974,1.46656763554,-5.47990942001,1.28936815262,-5.99890851974
0.27978259325,-6.30861759186,1.43829870224,-6.11887454987,0.720041692257,-6.30861759186
0.269599854946,-2.75704717636,0.999888181686,-2.07983350754,0.149493604898,-2.75704717636
0.396399080753,-3.3477537632,0.628494143486,-2.66626429558,-0.663568079472,-3.3477537632
0.877896666527,-4.60491418839,0.247596010566,-6.13017559052,0.0209064614028,-4.60491418839
0.362941533327,-0.883217930794,0.187402889132,-6.03640794754,-0.466258555651,-0.883217930794
0.247537270188,-0.374061763287,-1.41604292393,-7.79172897339,-0.326675862074,-0.374061763287
0.530714094639,-2.10586476326,-1.47388982773,-10.0491819382,3.71389222145,-2.10586476326
-2.07490062714,2.4243118763,-2.34665417671,-10.0559015274,-3.28479099274,2.4243118763
-0.239183738828,-0.910706877708,-2.46572256088,-10.0552902222,2.35563325882,-0.910706877708
-0.824431061745,5.72817659378,-1.80843746662,-5.00923776627,0.907882750034,5.72817659378
-0.503544747829,3.98262906075,-0.429030895233,-2.00652980804,5.29664421082,3.98262906075
-2.09686875343,1.5309214592,0.690149486065,-5.74044370651,1.04777097702,1.5309214592
-1.06410849094,1.05933356285,0.559040606022,-4.78841018677,0.461951166391,1.05933356285
-1.03868436813,1.29451668262,0.637023568153,0.367292612791,-0.156549885869,1.29451668262
-0.6464625597,2.47684621811,-0.118345037103,2.54380559921,-0.0988231301308,2.47684621811
0.2848739326,1.2395387888,-0.0154258292168,-0.398121535778,2.67358875275,1.2395387888
-1.41979861259,1.49488043785,1.11978697777,-0.852299809456,1.13695728779,1.49488043785
-0.879228591919,1.08376812935,1.19533312321,3.07861804962,0.265863418579,1.08376812935
0.894382953644,0.362641721964,0.55928426981,3.38405060768,3.65921974182,0.362641721964
0.320755958557,0.937465906143,0.639216840267,0.751221418381,4.37729167938,0.937465906143
0.115889146924,1.58223414421,1.27477824688,0.498628675938,5.99547386169,1.58223414421
-0.152791261673,2.31557798386,1.0937114954,1.17577278614,6.92826509476,2.31557798386
-0.475652307272,2.16561055183,1.16584563255,-0.0160253271461,9.95632457733,2.16561055183
-2.11167907715,2.38216209412,1.64763438702,-2.01691436768,9.15517520905,2.38216209412
-2.42491340637,2.8100733757,1.21190440655,-2.1433634758,8.19000816345,2.8100733757
-2.16943860054,3.15857195854,1.02279567719,1.1898226738,9.25810527802,3.15857195854
-3.0116417408,2.00525832176,0.992820978165,0.368819802999,8.1670999527,2.00525832176
-3.0476796627,1.93042731285,0.822720587254,-2.20994782448,7.02294921875,1.93042731285
-2.63398337364,3.03639888763,0.604368209839,2.71393156052,6.01838111877,3.03639888763
-2.23657774925,2.34031796455,0.150360956788,4.14610481262,5.69584465027,2.34031796455
-1.92778646946,1.57520925999,0.254906892776,-0.460735201836,4.50129747391,1.57520925999
-1.62911522388,2.68148612976,0.0787140801549,0.191057994962,3.81835007668,2.68148612976
-1.36870372295,2.78197360039,-0.109426982701,1.7441829443,3.43381047249,2.78197360039
-1.07669711113,1.64790213108,-0.170166179538,0.779015779495,2.95367050171,1.64790213108
-0.76395636797,1.09323656559,-0.278629034758,0.4415127635,2.55874609947,1.09323656559
-0.483797848225,1.57337665558,-0.522549986839,2.88558459282,2.25239706039,1.57337665558
-0.379633247852,0.213896051049,-0.501821517944,3.33487606049,1.41795527935,0.213896051049
-0.355937004089,-1.36213636398,-0.711034357548,0.945782005787,2.1812312603,-1.36213636398
-0.901937484741,-1.5612783432,-0.59630471468,0.357824206352,1.3556470871,-1.5612783432
-0.706690430641,-0.398190915585,-0.429512947798,2.19866657257,0.669645309448,-0.398190915585
-0.175993815064,-1.17643332481,-0.764783740044,2.31350922585,1.26493358612,-1.17643332481
-0.609684050083,-1.96658742428,-0.745742440224,0.312925606966,0.968052983284,-1.96658742428
-0.670652508736,-3.00811266899,-0.769122183323,0.766798496246,0.687054991722,-3.00811266899
-0.273493915796,-2.51636624336,-1.10150063038,3.55997991562,1.02730703354,-2.51636624336
-0.114778578281,-2.55362892151,-1.18128108978,3.15314364433,0.934455394745,-2.55362892151
0.0637632757425,-3.7115240097,-0.953991174698,-0.909415721893,1.23011422157,-3.7115240097
0.38209477067,-2.99620079994,-0.651741266251,-0.534344494343,1.80280041695,-2.99620079994
0.277115672827,-2.46780252457,-0.466631323099,0.574375927448,1.68551433086,-2.46780252457
0.207776144147,-3.19656467438,-0.476513504982,-0.474785119295,1.36603176594,-3.19656467438
0.455071002245,-3.2768933773,-0.41914871335,-0.745398402214,1.7429356575,-3.2768933773
0.351061671972,-2.63640117645,-0.315988481045,0.366070896387,1.37824904919,-2.63640117645
0.355183273554,-2.12602329254,-0.221505269408,0.861482620239,0.734091639519,-2.12602329254
0.77752405405,-2.31203174591,0.0499578528106,-0.350779473782,0.596646904945,-2.31203174591
0.856319010258,-2.07135081291,0.0926048085093,-1.16567373276,0.637269496918,-2.07135081291
0.684182405472,-1.1959810257,0.28585639596,-0.795183956623,-0.158687919378,-1.1959810257
0.758613288403,-0.868862628937,0.379923373461,-0.559389948845,-0.750921785831,-0.868862628937
0.758370816708,-1.36244177818,0.356772184372,-0.954008877277,-1.0090123415,-1.36244177818
0.628662228584,-0.912539482117,0.249058187008,-0.748147308826,-1.33277094364,-0.912539482117
0.209715723991,-0.816633582115,0.181797862053,-0.693474888802,-2.38865160942,-0.816633582115
0.355425715446,-1.26439785957,-0.168720021844,-0.881315946579,-2.14430546761,-1.26439785957
0.164378330112,-1.77049970627,-0.281280368567,-1.00562703609,-1.78878176212,-1.77049970627
-0.415424376726,-0.929949164391,-0.376968711615,-0.607037425041,-2.50105071068,-0.929949164391
-0.253993868828,-1.25920557976,-0.460123568773,0.0841565728188,-2.36085724831,-1.25920557976
-0.211538150907,-1.39329040051,-0.588591814041,0.642792880535,-1.88071703911,-1.39329040051
-0.509221971035,-1.52829170227,-0.647884845734,1.09727656841,-2.34069871902,-1.52829170227
-0.353221803904,-1.62236487865,-0.692234098911,1.21028661728,-2.23104834557,-1.62236487865
-0.427519351244,-1.69047641754,-0.780209541321,1.10888302326,-2.32206726074,-1.69047641754
-0.553899228573,-1.74789774418,-0.871318340302,1.0462692976,-2.66659522057,-1.74789774418
-0.439120620489,-1.59273791313,-0.955437302589,1.1159080267,-2.75211644173,-1.59273791313
-0.361614227295,-1.43574559689,-1.16633725166,1.09758198261,-2.81014871597,-1.43574559689
-0.30582934618,-0.605885148048,-1.18417346478,1.16050112247,-2.63391399384,-0.605885148048
-0.492437124252,-0.671553134918,-1.0957159996,0.00932558253407,-3.07770752907,-0.671553134918
-0.43418392539,-0.0191490463912,-1.36639106274,0.549025058746,-2.8907828331,-0.0191490463912
-0.630665063858,0.287810742855,-1.42809438705,0.63760048151,-2.88192534447,0.287810742855
-0.701506912708,0.479927867651,-1.46473073959,0.341941714287,-2.78998994827,0.479927867651
-0.789874076843,0.808267951012,-1.48955667019,0.792454838753,-2.46592593193,0.808267951012
-0.906627357006,1.1445492506,-1.3186674118,0.763438761234,-2.28266644478,1.1445492506
-1.08360850811,1.48724460602,-1.17935287952,0.822081804276,-2.4561522007,1.48724460602
-1.12038695812,1.95211303234,-1.09619808197,1.07681262493,-2.39903640747,1.95211303234
-1.2442984581,1.71387565136,-0.998822450638,0.232291385531,-2.35199975967,1.71387565136
-1.32822263241,2.26548695564,-1.02485358715,0.76771479845,-2.18034648895,2.26548695564
-1.34525430202,1.97349333763,-0.851312994957,0.76282787323,-2.00289011002,1.97349333763
-1.31489348412,2.00434207916,-0.758275926113,0.76802021265,-1.81016206741,2.00434207916
-1.14358961582,2.33665275574,-0.605704843998,0.820554614067,-1.3709499836,2.33665275574
-1.05843126774,1.94783699512,-0.526888489723,0.486411333084,-1.19502079487,1.94783699512
-0.812089323997,2.21875572205,-0.423969298601,0.862093448639,-0.724349141121,2.21875572205
-0.753836035728,1.50984668732,-0.409748584032,1.27626013756,-0.579574108124,1.50984668732
-1.17543137074,2.01991915703,-0.518211424351,3.24171900749,-1.24633347988,2.01991915703
-0.963152706623,1.09201478958,-0.642100155354,5.65494203568,-0.91005218029,1.09201478958
-1.05695033073,-0.253415852785,-0.857820749283,7.05443429947,-0.914328277111,-0.253415852785
-1.32970368862,-2.27996134758,-0.667890191078,7.7108092308,-1.31627750397,-2.27996134758
-1.91569137573,-4.6345410347,-0.224397614598,7.3045835495,-3.31838846207,-4.6345410347
-1.87545728683,-5.50655126572,0.11624339968,6.58956623077,-4.71452093124,-5.50655126572
-1.3852417469,-5.2628159523,0.449377000332,5.64547395706,-5.68518590927,-5.2628159523
-1.35537445545,-5.0413775444,0.766670286655,4.52697944641,-7.57886791229,-5.0413775444
-1.06509590149,-3.88226079941,0.516393601894,4.88861179352,-8.29541301727,-3.88226079941
-0.897741258144,-2.16175889969,0.242234662175,5.77192306519,-7.62193393707,-2.16175889969
-0.86170321703,0.072480738163,0.432561904192,5.22886371613,-6.80673456192,0.072480738163
-0.270038217306,0.695868730545,0.471553385258,3.5340180397,-5.80583190918,0.695868730545
0.0928567871451,1.5544397831,0.90898925066,2.72034549713,-3.20476746559,1.5544397831
-0.241898924112,2.00312042236,1.36421489716,2.54655432701,-3.02700567245,2.00312042236
-0.0029620276764,1.64301526546,1.21312296391,2.71545863152,-2.58382296562,1.64301526546
0.35081923008,0.485425651073,0.839048266411,3.01172828674,-1.94241440296,0.485425651073
0.473981767893,1.07521605492,0.500796973705,2.84312939644,-0.813230037689,1.07521605492
0.444888263941,0.778030157089,0.451570242643,1.66813015938,-1.23717045784,0.778030157089
0.30378472805,1.46555888653,0.199831411242,0.812002539635,-0.832166850567,1.46555888653
0.493619889021,1.34216415882,-0.183422759175,0.696548998356,0.0206010304391,1.34216415882
0.197593420744,0.230389401317,0.0667729377747,0.736560642719,-0.53528636694,0.230389401317
0.393732190132,-0.228981256485,0.165226459503,0.479080975056,-0.419221937656,-0.228981256485
0.664544284344,0.196486383677,0.149142473936,0.118670463562,0.113147109747,0.196486383677
0.78891903162,-0.099477827549,0.126966059208,0.15715496242,0.206609502435,-0.099477827549
0.862137675285,-0.519142270088,0.462292939425,0.0548350401223,0.997985422611,-0.519142270088
1.13416194916,-0.697209477425,0.718905687332,-0.503801226616,1.91031265259,-0.697209477425
0.851227581501,-1.10648918152,0.855132222176,-1.1519292593,2.1821475029,-1.10648918152
0.90868729353,-1.05364942551,1.00987970829,-1.13849020004,2.35349535942,-1.05364942551
0.685879468918,-1.75980961323,1.35446703434,-1.47599327564,3.49856233597,-1.75980961323
0.355425715446,-1.69139266014,1.63179409504,-2.17909908295,2.62838459015,-1.69139266014
0.244870379567,-0.859699606895,2.05875086784,-1.76920855045,1.62900924683,-0.859699606895
0.207533717155,-0.241198569536,1.82699525356,-1.20690715313,0.614362001419,-0.241198569536
0.12049561739,0.053849350661,1.44341647625,-0.0676434412599,-0.75794672966,0.053849350661
0.250446647406,-0.089093118906,1.20459353924,0.0343710593879,-0.850492835045,-0.089093118906
0.300148040056,0.0459081046283,1.0096360445,-0.140336409211,-1.01237201691,0.0459081046283
0.300148040056,0.200762450695,0.774224877357,0.11592155695,-1.40546381474,0.200762450695
0.351061671972,0.245355606079,0.526385188103,0.519092619419,-1.52580428123,0.245355606079
0.323665291071,0.501613616943,0.441091299057,0.701741337776,-1.66813588142,0.501613616943
0.35154658556,0.688843727112,0.374805778265,0.0817131102085,-1.50625658035,0.688843727112
0.34500053525,0.677237391472,0.130134105682,-0.255179077387,-1.29672980309,0.677237391472
0.295299142599,0.620732307434,-0.0137386294082,-0.0447359904647,-1.2035728693,0.620732307434
0.423795461655,0.415787011385,-0.0436261743307,0.347134083509,-0.777494430542,0.415787011385
0.535320580006,0.155863851309,0.201049894094,0.150435447693,0.0267096813768,0.155863851309
0.586476683617,-0.129715651274,0.462780326605,-0.348946869373,0.55358093977,-0.129715651274
0.719821929932,-0.0612987503409,0.769594669342,-0.582908272743,0.521815955639,-0.0612987503409
0.973905205727,0.0975262150168,1.30499660969,-0.688893377781,0.578320980072,0.0975262150168
1.0022714138,0.302166074514,1.50239109993,-0.878261625767,0.16934671998,0.302166074514
1.04494190216,0.413954406977,1.34203851223,-0.721269249916,-0.418611079454,0.413954406977
1.19404613972,0.38829806447,1.20264387131,-0.384071618319,-0.524901688099,0.38829806447
1.17683255672,0.420673936605,1.07884597778,-0.105211652815,-0.636384546757,0.420673936605
1.0745203495,0.463129073381,1.06763589382,-0.467454731464,-0.864848196507,0.463129073381
0.991603791714,0.312245339155,1.13221549988,-0.589322328568,-1.10949969292,0.312245339155
0.916930437088,0.0550710819662,0.992333590984,-0.899336457253,-0.90974676609,0.0550710819662
0.759340584278,-0.308393746614,0.929216086864,-1.1290217638,-1.06765532494,-0.308393746614
0.556655824184,-0.596722126007,0.848308742046,-1.02548015118,-1.39324653149,-0.596722126007
0.486588954926,-0.378643244505,0.695754528046,-0.768916726112,-1.52488803864,-0.378643244505
0.346212774515,-0.187747851014,0.548805296421,-1.0563287735,-1.77809166908,-0.187747851014
0.414340078831,0.166859418154,0.398931741714,-2.05173373222,-1.65316975117,0.166859418154
0.424037903547,0.483287632465,0.223470017314,-2.66901302338,-1.1797491312,0.483287632465
0.320271074772,0.620121479034,0.0913863182068,-2.90358543396,-1.08384335041,0.620121479034
0.31614947319,0.53857088089,-0.0532673187554,-2.71849322319,-1.0569652319,0.53857088089
0.441978901625,0.212368875742,-0.187038183212,-2.4087843895,-0.860266685486,0.212368875742
0.599568724632,-0.0915365740657,-0.271880239248,-2.47048187256,-0.484889954329,-0.0915365740657
0.738975167274,-0.336493551731,-0.289716362953,-2.6015124321,-0.260091543198,-0.336493551731
1.02894043922,-0.533802986145,-0.194751098752,-2.34586524963,0.000137043185532,-0.533802986145
1.13779866695,-0.725920081139,-0.213792353868,-1.83334946632,0.199889987707,-0.725920081139
1.22750365734,-0.73416686058,-0.259105712175,-1.2963988781,0.209663823247,-0.73416686058
1.43188560009,-0.79983484745,-0.318880826235,-0.627196013927,0.567019939423,-0.79983484745
1.42800652981,-0.944609880447,-0.293331772089,-0.456459164619,1.19834923744,-0.944609880447
1.2941763401,-0.946137070656,-0.328280925751,-0.807706654072,1.85502934456,-0.946137070656
0.899716794491,-1.14558458328,-0.197643443942,-1.04411160946,2.15129899979,-1.14558458328
0.720064401627,-1.12298262119,0.00657981494442,-1.30311834812,2.40969491005,-1.12298262119
0.539199709892,-0.836486697197,0.183260023594,-1.66383433342,2.3498301506,-0.836486697197
0.316876828671,-0.761350274086,0.299016028643,-2.13542222977,1.61465394497,-0.761350274086
0.326332211494,-1.2463773489,0.304621070623,-2.99216079712,1.32021689415,-1.2463773489
0.531199038029,-1.27936410904,0.271478265524,-3.28293275833,1.31899511814,-1.27936410904
0.568050801754,-1.69994485378,0.352385640144,-2.93199062347,1.25607597828,-1.69994485378
0.704305410385,-2.18558263779,0.416234195232,-2.61128640175,0.998901665211,-2.18558263779
0.984815299511,-2.10494852066,0.50128442049,-1.92131400108,1.04990899563,-2.10494852066
0.948205947876,-1.81203854084,0.703065395355,-0.982414126396,0.387425601482,-1.81203854084
1.34508991241,-1.77996814251,0.777880370617,-0.806179523468,0.137276291847,-1.77996814251
1.21562385559,-1.16940832138,0.819552481174,-1.08931553364,-0.169072628021,-1.16940832138
0.82601326704,-0.849620342255,0.781535744667,-0.905139684677,-1.20845985413,-0.849620342255
1.01027214527,-0.813884735107,0.457418978214,-0.827559769154,-1.52794229984,-0.813884735107
1.21295690536,-0.899405837059,0.141587868333,-1.02150952816,-1.11163771152,-0.899405837059
1.16277062893,-0.551518082619,0.0107226613909,-0.76097548008,-0.821782171726,-0.551518082619
1.00396859646,-0.25891366601,-0.0214515440166,-0.702332437038,-0.941817164421,-0.25891366601
1.14022314548,-0.0988669618964,0.0935795903206,-1.03647577763,-0.439685940742,-0.0988669618964
0.90941464901,0.468626856804,0.194470092654,-1.03311598301,-0.190758347511,0.468626856804
0.64442127943,0.854999065399,0.319242864847,-0.358415275812,-0.732901275158,0.854999065399
0.764916837215,1.00496649742,0.236142247915,-0.249681279063,-0.567662239075,1.00496649742
0.729762196541,1.0248196125,0.0770082101226,-0.897809267044,-0.527039706707,1.0248196125
0.674727022648,1.27252542973,-0.0200053732842,-1.05999398232,-0.430828392506,1.27252542973
0.705760061741,1.46525347233,-0.0703803449869,-0.925298213959,-0.151662960649,1.46525347233
0.734853565693,1.4594502449,-0.0874933749437,-1.35259842873,0.105205863714,1.4594502449
0.706487417221,1.66989338398,-0.128709256649,-1.77776062489,0.383149564266,1.66989338398
0.69072842598,1.51442813873,-0.184145838022,-1.77073574066,0.737756788731,1.51442813873
0.769523322582,1.50954115391,-0.235002860427,-1.8785533905,1.30341804028,1.50954115391
0.806617558002,1.18608808517,-0.227772027254,-2.46559500694,1.65527641773,1.18608808517
0.693637788296,0.748403191566,-0.192822873592,-2.91916227341,1.68490338326,0.748403191566
0.720791757107,0.454271525145,-0.135699093342,-2.73284840584,1.95001888275,0.454271525145
0.759825527668,-0.0930637419224,-0.0272362288088,-2.76583528519,2.25972747803,-0.0930637419224
0.742369413376,-0.445838421583,0.153772711754,-2.67909240723,2.44940114021,-0.445838421583
0.609751462936,-0.876192927361,0.33264619112,-2.43413543701,2.48666405678,-0.876192927361
0.620419085026,-1.15566384792,0.399419128895,-2.28111362457,2.31867599487,-1.15566384792
0.667938530445,-1.15841281414,0.485687822104,-1.75027179718,2.08899068832,-1.15841281414
0.779948532581,-1.09885334969,0.558796882629,-1.02425837517,2.08104944229,-1.09885334969
0.852924764156,-1.20056247711,0.663830220699,-0.999518334866,1.87946403027,-1.20056247711
0.799586653709,-1.560972929,0.812972664833,-1.54593729973,1.091142416,-1.560972929
0.92202180624,-1.97055804729,0.897291839123,-1.6348181963,0.506238877773,-1.97055804729
0.873532652855,-1.57257938385,0.87535905838,-0.799765408039,0.125058993697,-1.57257938385
0.827952802181,-0.867335438728,0.83709871769,-0.464705824852,-0.479392170906,-0.867335438728
0.792313277721,-0.524029135704,0.65237647295,-0.786020934582,-0.830639719963,-0.524029135704
0.802495956421,0.165026828647,0.438654333353,-1.14826405048,-0.770774900913,0.165026828647
0.743096768856,0.86446750164,0.340444505215,-1.36634290218,-0.688613533974,0.86446750164
0.47883066535,1.20991182327,0.229562431574,-1.78386938572,-0.97541475296,1.20991182327
0.453373879194,1.24625825882,-0.00409748591483,-2.46070814133,-0.887450158596,1.24625825882
0.286571055651,2.19890260696,-0.223192468286,-2.5547811985,-0.6705930233,2.19890260696
0.122677631676,2.08680891991,-0.301526755095,-3.03369951248,-0.677312552929,2.08680891991
0.0121222957969,1.52359116077,-0.507606208324,-4.32690143585,-1.01084494591,1.52359116077
0.116616487503,1.71326470375,-0.590279042721,-4.87393140793,-0.853852570057,1.71326470375
0.0448524951935,2.87604665756,-0.599438071251,-4.08713674545,-0.84468960762,2.87604665756
-0.203886255622,2.88856959343,-0.577263474464,-3.26399588585,-1.08445417881,2.88856959343
-0.243379950523,3.16773486137,-0.623781979084,-3.44267392159,-0.762528240681,3.16773486137
-0.508481442928,3.55807781219,-0.570755720139,-3.13876843452,-1.62354278564,3.55807781219
-0.52329158783,4.01531076431,-0.845287263393,-1.30617272854,-1.67241191864,4.01531076431
-0.724956333637,3.77768397331,-1.13500368595,-1.82662987709,-2.01510739326,3.77768397331
-0.982159018517,3.93437075615,-1.38784253597,-1.65680932999,-2.35322141647,3.93437075615
-1.09027302265,3.6576488018,-1.68816423416,-1.33702135086,-2.56702423096,3.6576488018
-1.00684261322,3.57548737526,-1.63706624508,-1.31564116478,-2.60062193871,3.57548737526
-1.0236274004,2.92827582359,-1.48497712612,-1.92833900452,-2.87612199783,2.92827582359
-0.955994486809,2.47776269913,-1.60211706161,-2.38129544258,-2.81381368637,2.47776269913
-0.862443745136,2.51594161987,-1.58283472061,-2.04867935181,-2.44821095467,2.51594161987
-0.822703182697,2.08803057671,-1.28636956215,-2.04104375839,-1.82085216045,2.08803057671
-0.970064103603,1.95516741276,-1.12632656097,-1.86939048767,-2.07619404793,1.95516741276
-0.814557611942,2.11521410942,-1.15549111366,-1.175142169,-1.74021804333,2.11521410942
-0.697310745716,2.09810996056,-1.03979730606,-0.936293780804,-0.983661472797,2.09810996056
-0.915760278702,1.56238102913,-0.85661560297,-1.47660410404,-0.892642557621,1.56238102913
-1.0342413187,1.55718874931,-0.767676055431,-1.45949983597,-1.15714716911,1.55718874931
-0.726190507412,1.88033640385,-0.793948173523,-0.554808437824,-0.632108509541,1.88033640385
-0.760994315147,1.93928492069,-0.709347128868,0.154406070709,-0.0664472728968,1.93928492069
-0.817025959492,2.34276127815,-0.707901000977,0.673030674458,-0.0603386163712,2.34276127815
-0.619557499886,2.38521647453,-0.728388369083,1.18554663658,0.27777531743,2.38521647453
-0.445785194635,2.34887003899,-0.862882316113,1.46654462814,0.845574498177,2.34887003899
-0.173772290349,2.58160972595,-1.07522845268,2.48791122437,1.51538836956,2.58160972595
-0.156493812799,1.96646845341,-1.15790140629,3.0981657505,1.81104707718,1.96646845341
-0.0148101393133,1.23495721817,-1.33963680267,3.31135773659,2.25545144081,1.23495721817
-0.309038221836,-0.149263337255,-1.17356812954,3.06548452377,2.44023823738,-0.149263337255
-0.832329809666,-2.55088019371,-1.08294153214,0.943033099174,1.54868042469,-2.55088019371
-1.04633629322,-3.73748588562,-1.12849593163,-0.168741643429,0.634826004505,-3.73748588562
-0.867380440235,-4.09056568146,-1.1410292387,0.775961458683,1.07831418514,-4.09056568146
-1.58320379257,-5.15316581726,-1.15814244747,1.52213335037,-0.152579262853,-5.15316581726
-2.23633098602,-7.50316429138,-1.08029019833,2.46072793007,-1.55268239975,-7.50316429138
-2.28619170189,-8.46619415283,-1.01665854454,4.78323745728,-1.036195755,-8.46619415283
-3.27871799469,-9.07461547852,-0.37648665905,4.7139043808,-3.11955189705,-9.07461547852
-2.84009099007,-9.76183891296,-0.139073505998,2.52883934975,-5.48451662064,-9.76183891296
-2.34148311615,-9.3482837677,0.0835880190134,1.77655875683,-6.53123426437,-9.3482837677
-2.19831824303,-7.78446769714,0.274646341801,1.13637197018,-8.58648967743,-7.78446769714
-1.80584955215,-5.93293523788,0.246377512813,0.337054789066,-9.7504940033,-5.93293523788
-1.18604528904,-4.07712650299,0.193251594901,-1.76035106182,-9.55318450928,-4.07712650299
-1.00955784321,-3.61867260933,0.213478446007,-2.41061711311,-9.37022972107,-3.61867260933
-0.886386811733,-2.15473389626,0.372368782759,-1.80677676201,-8.96950244904,-2.15473389626
-0.701506912708,-1.22713506222,0.244184240699,-4.795129776,-7.35376405716,-1.22713506222
-0.750627219677,-2.42168211937,-0.151124924421,-4.9939661026,-6.79482269287,-2.42168211937
-0.45393076539,-1.70635890961,-0.257418513298,-1.55387854576,-6.28444480896,-1.70635890961
0.111282676458,1.0242087841,-0.295501053333,-1.38069832325,-3.89657235146,1.0242087841
0.256507784128,2.73738026619,-0.210900008678,-4.99640989304,-1.13179624081,2.73738026619
-0.569449841976,2.74257278442,-0.101231999695,-4.99732589722,-0.680366873741,2.74257278442
-1.03991854191,2.31496691704,0.207873418927,-1.65161705017,-0.807121396065,2.31496691704
-1.37561511993,2.21417427063,0.1983692348,-0.48333722353,-0.771385788918,2.21417427063
-1.38129222393,1.42860150337,0.171806290746,-1.19255173206,-0.814757227898,1.42860150337
-1.36771631241,0.643028855324,0.149873569608,-0.535566210747,-1.26710283756,0.643028855324
-1.27539980412,-0.104975610971,0.154991194606,1.14706206322,-1.74052345753,-0.104975610971
-1.19739973545,0.254518568516,0.0679914206266,1.51938450336,-2.13850235939,0.254518568516
-1.28576683998,0.430753201246,0.0243696849793,0.0902652293444,-2.02885198593,0.430753201246
-1.56691265106,0.395017594099,-0.052062176168,-0.0755846872926,-2.20447564125,0.395017594099
-1.64812159538,-0.124523296952,-0.214515447617,1.64400100708,-2.6033706665,-0.124523296952
-1.44275438786,-0.217374816537,-0.423005193472,2.76280069351,-2.11406755447,-0.217374816537
-1.22998213768,0.439916193485,-0.284895777702,3.05082368851,-1.4671612978,0.439916193485
-1.25614666939,0.483898490667,-0.126540005207,3.84250497818,-0.487638860941,0.483898490667
-1.60023546219,0.521772146225,-0.320809036493,7.50067138672,-1.30131137371,0.521772146225
-1.42745053768,2.03855061531,-0.565453052521,5.7795586586,-1.02275681496,2.03855061531
-1.18752634525,0.00314753688872,0.377486437559,2.06213831902,0.811366081238,0.00314753688872
-2.27853989601,1.05108678341,0.78689712286,2.25517177582,-0.386235207319,1.05108678341
-1.44127333164,0.729771733284,0.435242563486,3.34923124313,0.193781331182,0.729771733284
-1.19690608978,0.665019989014,0.164982765913,4.19130897522,0.762191414833,0.665019989014
-1.17000091076,0.0309419054538,-0.0764060616493,3.88770914078,0.859013557434,0.0309419054538
-1.00783002377,-0.797696828842,0.0484956726432,3.3858833313,0.663536667824,-0.797696828842
-0.967842578888,-1.58296406269,0.0204705353826,3.22705817223,0.434767663479,-1.58296406269
-0.736557602882,-1.7518683672,-0.0915908664465,2.99126434326,0.405446141958,-1.7518683672
-0.535139679909,-1.92535412312,-0.0795394331217,2.98637747765,0.601533830166,-1.92535412312
-0.55686122179,-1.92718660831,-0.12099635601,2.7579138279,0.461034864187,-1.92718660831
-0.474664956331,-2.19260764122,-0.113765493035,2.01571249962,0.494937896729,-2.19260764122
-0.417152225971,-2.17764139175,-0.0108462860808,1.25518524647,0.51479101181,-2.17764139175
-0.570684015751,-2.03836417198,0.181797862053,0.902716040611,0.170263022184,-2.03836417198
-0.823196828365,-2.50873041153,0.481301248074,0.0581948049366,-0.546892821789,-2.50873041153
-1.09792494774,-2.75032758713,0.639704227448,-0.308018893003,-1.68432378769,-2.75032758713
-1.16185534,-3.52032327652,0.55928426981,-0.669956564903,-2.33703351021,-3.52032327652
-1.20677959919,-3.90638995171,0.34994867444,-1.37611675262,-2.7206568718,-3.90638995171
-1.2837921381,-4.88957738876,0.142318949103,-2.01111125946,-2.6033706665,-4.88957738876
-1.22627949715,-5.67606639862,0.19739446044,-1.96896147728,-2.31351518631,-5.67606639862
-1.00338685513,-7.18459796906,0.310713499784,-1.11741530895,-1.9289753437,-7.18459796906
-1.03819072247,-7.46437454224,0.143537431955,0.609500706196,-1.65561318398,-7.46437454224
-1.03621613979,-7.85532808304,0.0570250600576,0.846821844578,-1.81291091442,-7.85532808304
-0.65584230423,-7.47995138168,-0.155463442206,1.67882025242,-0.821476757526,-7.47995138168
-0.336190164089,-5.88314962387,-0.324906527996,2.40361189842,-0.192285507917,-5.88314962387
0.0923718959093,-5.60276269913,-0.4046869874,2.10825848579,0.780517399311,-5.60276269913
0.732429087162,-4.01451301575,-0.282244473696,0.279328018427,2.40114283562,-4.01451301575
0.366820693016,-4.21365499496,-0.200053736567,-1.46499764919,1.60976696014,-4.21365499496
0.613630592823,-4.76068496704,-0.202705040574,-2.00133752823,1.47323858738,-4.76068496704
0.83692330122,-3.53070783615,-0.23235155642,-2.05142831802,1.54532074928,-3.53070783615
0.731944203377,-1.09243929386,-0.0858061760664,-1.2014093399,1.97811877728,-1.09243929386
0.60684210062,-0.824269413948,0.0813947468996,-0.593292951584,2.38403868675,-0.824269413948
0.25505310297,-1.68620038033,0.0984535217285,-1.48485076427,0.79334551096,-1.68620038033
0.362941533327,-1.33373105526,-0.207284584641,-1.42345881462,0.439960032701,-1.33373105526
0.264023602009,-0.164229542017,-0.193063899875,-1.35656905174,0.60733705759,-0.164229542017
0.208018600941,-0.450419902802,-0.201017841697,-1.37275707722,0.10673302412,-0.450419902802
0.0130920791999,0.0654557943344,-0.287306070328,-1.17880725861,-0.629054188728,0.0654557943344
0.14522510767,0.811016798019,-0.405651092529,-1.26310670376,-1.27748763561,0.811016798019
0.0395186841488,0.0813382863998,-0.225843787193,-1.6842982769,-2.51754403114,0.0813382863998
0.249476835132,0.509554862976,-0.566176176071,-2.32112526894,-4.09968519211,0.509554862976
1.04033541679,1.06116616726,-0.949893653393,-2.6253361702,-4.01202583313,1.06116616726
1.5446228981,-0.00265568308532,-1.27913868427,-3.02331495285,-4.25056886673,-0.00265568308532
1.984177351,0.0752296373248,-1.49076187611,-3.19893860817,-3.53402400017,0.0752296373248
2.11437082291,0.803075551987,-1.54523432255,-3.76001834869,-2.96866822243,0.803075551987
2.14734363556,0.463739931583,-1.44568943977,-3.74627399445,-2.07191801071,0.463739931583
1.88259255886,0.590799927711,-1.33987796307,-3.95702242851,-1.52946949005,0.590799927711
1.8091313839,1.13294279575,-1.31649816036,-3.84034729004,-0.488860577345,1.13294279575
1.50680136681,1.05566835403,-1.1646502018,-3.70076441765,0.181258589029,1.05566835403
1.31914818287,1.42860150337,-0.945555150509,-3.40357851982,1.01234078407,1.42860150337
1.10337138176,2.23830342293,-0.728388369083,-3.02209329605,1.87304997444,2.23830342293
0.728549957275,2.6417798996,-0.550509274006,-2.61372971535,2.2499537468,2.6417798996
0.456768095493,2.38277316093,-0.47723659873,-2.26828551292,2.40450263023,2.38277316093
0.211897730827,2.12498784065,-0.483262330294,-1.9005446434,2.19405937195,2.12498784065
-0.033322814852,1.96707928181,-0.477477639914,-1.39444279671,1.61221051216,1.96707928181
-0.30286732316,0.740767359734,-0.277423918247,-0.788464426994,0.603977322578,0.740767359734
-0.54649412632,-0.26410600543,-0.16558663547,-0.50471752882,-0.950369298458,-0.26410600543
-0.331253439188,-0.198132559657,-0.326834768057,-0.334896981716,-2.11987090111,-0.198132559657
-0.0143164675683,-0.719200611115,-0.623058915138,-0.518156588078,-3.02486777306,-0.719200611115
0.179894864559,-0.444616675377,-1.02605867386,-0.80923384428,-3.44941902161,-0.444616675377
0.437614887953,0.566976189613,-1.22683548927,-1.27257514,-3.42131924629,0.566976189613
0.702123343945,1.59536778927,-1.37699627876,-1.66261255741,-2.92010426521,1.59536778927
0.771947801113,1.83024549484,-1.417730093,-1.91245651245,-2.4094209671,1.83024549484
0.725155711174,1.83574318886,-1.52257764339,-2.19620347023,-2.11590027809,1.83574318886
0.630844295025,3.26211357117,-2.15600085258,-2.51140975952,-1.63117861748,3.26211357117
0.538229942322,4.64999961853,-2.19649362564,-2.77560901642,-1.3471262455,4.64999961853
0.504772424698,4.50522470474,-2.12394380569,-3.24353194237,-1.2261749506,4.50522470474
0.556170940399,5.11456251144,-2.30640268326,-3.40235686302,-0.934486806393,5.11456251144
0.839832663536,5.93556547165,-1.99933207035,-3.493070364,-0.0301007870585,5.93556547165
0.672787427902,5.74314308167,-1.57295250893,-2.93718290329,0.779906511307,5.74314308167
0.548897504807,4.9050359726,-1.18658363819,-1.88954901695,1.35350906849,4.9050359726
0.468647956848,4.43833494186,-0.921211242676,-1.24783504009,1.96315252781,4.43833494186
0.223292693496,4.15916967392,-0.720675468445,-0.728294193745,2.21116375923,4.15916967392
0.12219274044,4.3998503685,-0.757552802563,-0.42041811347,2.26919579506,4.3998503685
0.126556769013,4.72208166122,-0.765024721622,0.0468937940896,2.54194712639,4.72208166122
0.121222957969,4.36014413834,-0.854446351528,0.622939705849,2.3965613842,4.36014413834
0.532168805599,2.75906610489,-1.14151144028,1.20845401287,2.94878339767,2.75906610489
1.05851876736,1.31772947311,-1.37771940231,1.82390081882,4.02940416336,1.31772947311
1.39527630806,-0.129715651274,-1.6409226656,2.60336494446,4.91821289062,-0.129715651274
1.30993521214,-0.771735072136,-1.64863550663,2.22310113907,5.25541067123,-0.771735072136
1.50243723392,-0.0136512573808,-1.38181686401,2.18980908394,5.97073364258,-0.0136512573808
1.3249669075,-0.78945016861,-0.778040289879,2.11070203781,5.94263410568,-0.78945016861
1.17513537407,-1.82639396191,-0.569791555405,1.88590359688,5.9459939003,-1.82639396191
0.779221177101,-1.95498108864,-0.442046433687,1.62262070179,5.4676861763,-1.95498108864
0.33433291316,-2.08509540558,-0.386368840933,1.82939863205,4.71296215057,-2.08509540558
0.0167287681252,-3.74603796005,-0.409989625216,1.96501064301,4.02848768234,-3.74603796005
-0.277443259954,-4.44883823395,-0.400830537081,1.88437640667,3.08134126663,-4.44883823395
-0.50576621294,-4.81657886505,-0.167273834348,1.3098577261,2.16748690605,-4.81657886505
-0.956488132477,-5.72860097885,0.0874871686101,0.616831064224,1.06059908867,-5.72860097885
-1.43065953255,-4.84009742737,0.399175435305,0.262529224157,-0.49924531579,-4.84009742737
-1.53358995914,-3.32698440552,0.378217488527,0.229847922921,-1.7350256443,-3.32698440552
-1.39215314388,-3.64799404144,0.438898026943,-0.144917890429,-2.47447824478,-3.64799404144
-1.15025413036,-3.40181541443,0.317536979914,-0.359942436218,-2.92071509361,-3.40181541443
-0.516873836517,-2.36548256874,0.207386016846,-0.532817304134,-2.9369032383,-2.36548256874
0.057944573462,-0.990730285645,0.250520348549,-1.17728018761,-2.70385813713,-0.990730285645
0.559807598591,-0.676745533943,0.391864538193,-1.55571115017,-1.90087556839,-0.676745533943
1.01924264431,-0.809914112091,0.237360730767,-1.49187576771,-1.33338177204,-0.809914112091
1.81107103825,-0.824880361557,0.159134030342,-1.2960934639,0.105511292815,-0.824880361557
1.8091313839,-0.976985692978,0.537838935852,-1.3697026968,0.953392207623,-0.976985692978
1.51116538048,-0.590308070183,0.905333817005,-1.51692116261,0.948810756207,-0.590308070183
1.530803442,0.278036892414,0.747174501419,-1.43109464645,0.800675928593,0.278036892414
2.12528085709,-0.655976057053,0.656762957573,-1.14123904705,2.08166027069,-0.655976057053
1.87944078445,-1.51821243763,0.851964235306,-0.706608474255,3.02269816399,-1.51821243763
1.24471724033,-1.86793279648,1.01256036758,0.00779841840267,2.96466588974,-1.86793279648
0.84928804636,-2.09945058823,0.825644910336,0.291545331478,3.20992827415,-2.09945058823
0.326574653387,-2.34960007668,0.821014642715,0.656231880188,3.44694399834,-2.34960007668
-0.380373716354,-2.73200154305,0.942863106728,0.771990835667,2.78171181679,-2.73200154305
-0.887374162674,-2.36548256874,0.988921821117,0.752748608589,1.66505026817,-2.36548256874
-0.996722340584,-1.69566869736,0.885594367981,1.12293291092,0.519677937031,-1.69566869736
-1.01424777508,-2.07043457031,0.716225028038,1.28053617477,-1.2032674551,-2.07043457031
-1.13964009285,-2.54752039909,0.542956531048,1.08200490475,-3.22859120369,-2.54752039909
-0.970064103603,-2.49376416206,0.55465400219,1.24082994461,-4.3907623291,-2.49376416206
-1.59208989143,-2.84440088272,0.580485880375,0.365154594183,-6.96953010559,-2.84440088272
-0.986355245113,-2.01301312447,0.515175104141,0.115310698748,-6.90844345093,-2.01301312447
-1.03029203415,-1.54478502274,0.473746687174,0.527033865452,-7.34185218811,-1.54478502274
-0.409253507853,-1.50080275536,0.580973267555,0.758551836014,-6.95883989334,-1.50080275536
-0.524525761604,-0.937890410423,0.676989853382,0.587814986706,-7.70776081085,-0.937890410423
-0.0651646107435,-1.50568962097,0.363595724106,0.745112776756,-7.04283380508,-1.50568962097
-0.471949756145,-0.73569393158,0.289755553007,1.09727656841,-7.62926435471,-0.73569393158
-0.919956505299,-0.885966777802,-0.230423331261,1.16813695431,-7.95913171768,-0.885966777802
-0.899469077587,-0.207295536995,-0.881923615932,1.74754261971,-7.27710056305,-0.207295536995
-1.75500142574,0.612180233002,-1.44785881042,2.40819334984,-7.87605428696,0.612180233002
-1.69008374214,1.1454654932,-1.5719884634,2.15285181999,-6.96708679199,1.1454654932
-1.91939401627,1.65370535851,-1.50787484646,2.0132689476,-6.02024555206,1.65370535851
-2.17634987831,1.81344664097,-1.42761230469,2.35932421684,-5.95579910278,1.81344664097
-1.73945081234,1.84765505791,-1.60211706161,2.87428355217,-4.78293800354,1.84765505791
-1.49730503559,2.43225312233,-1.40640187263,3.52668762207,-3.46163630486,2.43225312233
-1.58320379257,2.56603264809,-0.998581469059,2.85381960869,-3.12504959106,2.56603264809
-1.53531765938,3.22882151604,-0.80431240797,3.46712827682,-2.86482095718,3.22882151604
-1.53136837482,3.48996639252,-0.422764122486,2.65925908089,-2.71179938316,3.48996639252
-1.84559011459,3.91696119308,-0.478200703859,2.2276828289,-2.93140530586,3.91696119308
-2.02874207497,4.11854696274,-0.221023216844,2.04350686073,-3.11649751663,4.11854696274
-2.04034328461,4.18360424042,-0.211864128709,1.88895797729,-3.24783349037,4.18360424042
-2.01714086533,4.50033760071,-0.255731314421,2.55999350548,-3.10641813278,4.50033760071
-2.09736251831,4.5913567543,-0.289957374334,2.6409330368,-2.49341487885,4.5913567543
-2.23312211037,4.60632276535,-0.301526755095,3.43444705009,-2.09940695763,4.60632276535
-2.30667924881,4.82165288925,-0.205356359482,4.60669755936,-2.26647853851,4.82165288925
-1.82214081287,4.13656759262,-0.391912460327,4.24384355545,-2.03679323196,4.13656759262
-1.34895682335,3.91543388367,-0.389020144939,3.28295254707,-0.908830463886,3.91543388367
-1.42498219013,2.80915689468,-0.177156001329,1.14553499222,-0.977858245373,2.80915689468
-1.22973525524,2.32443547249,-0.2284950912,0.852930486202,-1.67363369465,2.32443547249
-0.771608233452,1.95516741276,-0.239823445678,1.25396347046,-1.40424215794,1.95516741276
-0.760253787041,1.6509565115,-0.243197858334,1.08689188957,-1.5911668539,1.6509565115
-0.754823386669,1.46311545372,-0.254767209291,0.475721180439,-1.90728962421,1.46311545372
-0.576361238956,1.32689249516,-0.429753959179,0.437847554684,-1.77289927006,1.32689249516
-0.53958272934,1.38858985901,-0.48302128911,0.686164259911,-1.74082887173,1.38858985901
-0.451462388039,1.35193800926,-0.690787911415,1.04901826382,-1.86544537544,1.35193800926
-0.341373711824,1.26305711269,-0.769122183323,0.939673364162,-1.4204300642,1.26305711269
-0.374202817678,0.919750809669,-0.842153847218,0.531920790672,-1.30253303051,0.919750809669
-0.334462314844,0.959762454033,-0.799250781536,0.852319657803,-1.25427472591,0.959762454033
-0.145879864693,0.532767653465,-0.777558267117,0.642487406731,-0.425025165081,0.532767653465
-0.378645867109,-0.363677054644,-0.682351946831,-0.647354543209,-0.186176851392,-0.363677054644
-0.488734573126,-1.09243929386,-0.670782566071,-0.888951778412,-0.00719333998859,-1.09243929386
-0.663247346878,-2.14679265022,-0.557258069515,-0.952176332474,0.595119774342,-2.14679265022
-1.03078567982,-3.1046295166,-0.540386080742,-1.16139769554,0.252424389124,-3.1046295166
-1.16062116623,-3.5181851387,-0.645233511925,-0.0581750273705,0.25395154953,-3.5181851387
-1.56444430351,-4.12599611282,-0.833717882633,0.55085760355,0.111925378442,-4.12599611282
-1.65676093102,-4.88957738876,-0.904098212719,-0.020606815815,0.226462617517,-4.88957738876
-1.7574698925,-4.99586820602,-1.07305932045,-0.355055510998,0.680640876293,-4.99586820602
-2.06823587418,-5.52243375778,-1.16754257679,-0.950954556465,0.990655004978,-5.52243375778
-2.25755882263,-5.5257935524,-1.32782649994,-1.14734780788,1.31288647652,-5.5257935524
-2.08724212646,-4.90759801865,-1.22297906876,-0.449434220791,1.98667085171,-4.90759801865
-2.06922316551,-4.65317249298,-1.02099716663,-1.14246082306,2.46619987488,-4.65317249298
-2.01664733887,-3.67059612274,-0.867220878601,-1.11558270454,2.14152503014,-3.67059612274
-1.69551408291,-2.81904983521,-0.760445177555,-0.574967026711,2.01751947403,-2.81904983521
-1.39462149143,-2.11655497551,-0.604981780052,-0.865127980709,2.08563089371,-2.11655497551
-1.11767172813,-1.69566869736,-0.366845518351,-1.5392178297,1.88129663467,-1.69566869736
-0.874045014381,-0.768069863319,-0.305865287781,-1.02975618839,1.28325951099,-0.768069863319
-0.541804254055,-0.271436393261,-0.390466332436,-0.627196013927,0.969274759293,-0.271436393261
-0.288550883532,0.0819491520524,-0.510980606079,-1.36848092079,1.34984385967,0.0819491520524
-0.34359523654,0.311023622751,-0.522549986839,-1.72156107426,1.27195847034,0.311023622751
-0.371240824461,0.870576143265,-0.611248493195,-0.735624551773,1.16658425331,0.870576143265
-0.332734435797,0.685789465904,-0.664033770561,-0.330620914698,1.12962687016,0.685789465904
-0.238936901093,0.376691639423,-0.831789672375,-0.119872421026,1.49889492989,0.376691639423
-0.309038221836,-0.221345439553,-1.03690493107,0.937840759754,1.62045717239,-0.221345439553
-0.661766409874,-1.18834519386,-1.23189711571,2.9048268795,1.3816088438,-1.18834519386
-1.0130136013,-2.43817543983,-1.17549645901,6.15096473694,0.460729449987,-2.43817543983
-1.2549123764,-3.35264062881,-1.1383780241,7.86688518524,-2.12781214714,-3.35264062881
-1.18579852581,-5.9808883667,-1.25551795959,9.60540771484,-4.18276262283,-5.9808883667
-0.96734893322,-7.2637052536,-1.66454339027,9.9594039917,-4.89045000076,-7.2637052536
-0.26337364316,-4.98639965057,-1.37844240665,9.02630710602,-3.68612933159,-4.98639965057
0.145709991455,-5.45218420029,-0.482780247927,3.89687204361,-3.29822993279,-5.45218420029
0.380882531404,-4.66539001465,-0.474344283342,5.13662290573,-3.20812726021,-4.66539001465
0.828437685966,-3.88256621361,-0.836610257626,6.95272541046,-2.02549219131,-3.88256621361
1.28302383423,-1.33617448807,-0.391671448946,3.86602330208,0.300071895123,-1.33617448807
0.999119699001,-0.731723308563,-0.216925725341,0.95830476284,0.68369525671,-0.731723308563
0.852439820766,-0.246085494757,-0.0559186339378,1.90820026398,0.834273517132,-0.246085494757
0.927113175392,-0.109862536192,0.0336301624775,1.80740749836,1.24630212784,-0.109862536192
0.707699656487,0.00436926726252,0.318024396896,0.859650015831,1.04013514519,0.00436926726252
0.636905431747,-0.309920907021,0.240041390061,0.133636653423,0.820223629475,-0.309920907021
0.694365143776,-0.45744484663,0.133789569139,0.904854059219,1.02272546291,-0.45744484663
0.619691729546,-0.772651314735,0.283419430256,1.44760775566,1.13634645939,-0.772651314735
0.372396916151,-0.531359553337,0.426956892014,0.96960580349,0.628106474876,-0.531359553337
0.400035768747,-0.143460124731,0.458393782377,0.430517166853,0.265863418579,-0.143460124731
0.493619889021,0.0959990546107,0.146949201822,-0.101851895452,0.684916973114,0.0959990546107
0.600053668022,-0.209128141403,0.18082305789,0.897523641586,1.44361162186,-0.209128141403
0.236627221107,-0.414073437452,0.581216990948,0.925318002701,1.11160635948,-0.414073437452
0.316634356976,-0.245474606752,0.761796355247,0.0951521396637,0.762802302837,-0.245474606752
0.629389584064,-0.315113246441,0.930921971798,0.288491010666,0.722790598869,-0.315113246441
0.818254947662,-0.429039627314,0.923854768276,0.491909146309,1.12382364273,-0.429039627314
0.747460782528,-0.215236783028,1.02815699577,0.356297045946,1.22553277016,-0.215236783028
0.798859298229,-0.352986901999,1.17266917229,0.064608886838,1.07648169994,-0.352986901999
1.02821314335,0.072175309062,1.41100478172,-0.302521109581,0.840382158756,0.072175309062
1.16155838966,0.211147159338,1.55478596687,-0.58687889576,0.496159613132,0.211147159338
1.36787986755,0.417619615793,1.68516361713,-0.824810922146,0.0957374498248,0.417619615793
1.21683609486,0.530018806458,1.78459203243,-0.775025367737,-0.567967653275,0.530018806458
1.09537065029,0.401737123728,1.61400425434,-0.562444269657,-1.38988673687,0.401737123728
0.923476457596,0.543763279915,1.32303011417,-0.877650737762,-1.60674393177,0.543763279915
0.76346218586,0.602711796761,1.11637532711,-0.913997232914,-1.7112019062,0.602711796761
0.729762196541,0.724273920059,1.01280403137,-1.06427001953,-1.79091978073,0.724273920059
0.57096016407,0.731298923492,0.846602857113,-1.19102466106,-1.92286670208,0.731298923492
0.451191842556,0.778030157089,0.618015229702,-1.03006160259,-1.86849975586,0.778030157089
0.391307711601,0.823234081268,0.347024291754,-1.11588823795,-1.66844129562,0.823234081268
0.340636521578,1.03367722034,0.295847952366,-1.46408140659,-1.42378985882,1.03367722034
0.229838728905,1.00405025482,0.175705432892,-1.86755788326,-1.30619823933,1.00405025482
0.184258908033,0.867827296257,-0.000964114326052,-2.35258483887,-1.06979334354,0.867827296257
0.237596988678,0.483287632465,-0.174504697323,-2.79088068008,-0.550252556801,0.483287632465
0.422825664282,0.295141130686,-0.281280368567,-2.80615234375,-0.195950701833,0.295141130686
0.674969434738,0.193432062864,-0.395045846701,-3.4955136776,0.153769657016,0.193432062864
0.925658524036,1.34857821465,-0.489529043436,-4.78993701935,0.554191768169,1.34857821465
1.21198713779,1.51106834412,-0.638243675232,-5.32963657379,1.46682453156,1.51106834412
0.996210336685,2.21814489365,-0.381307214499,-5.0196223259,2.38495492935,2.21814489365
0.526592493057,2.3519244194,-0.0877344086766,-5.18333435059,2.39381241798,2.3519244194
0.233717858791,2.7889983654,-0.000964114326052,-6.30977010727,1.91672682762,2.7889983654
-0.0683734789491,3.19736194611,-0.0238618310541,-6.17965555191,1.24538588524,3.19736194611
0.0700668692589,2.67385029793,-0.0455544032156,-4.74717664719,0.919794619083,2.67385029793
0.233475416899,3.19430756569,-0.00698982924223,-2.81378817558,0.935371696949,3.19430756569
0.183531567454,2.97073078156,0.0131596298888,-2.3596098423,0.679724633694,2.97073078156
0.303299844265,2.94537997246,-0.0347081162035,-2.09205079079,0.411249369383,2.94537997246
-0.0905886813998,3.76913166046,0.0153529010713,-1.13115978241,-0.802845358849,3.76913166046
-0.291266053915,3.54311156273,-0.282485514879,-0.910637438297,-2.54228425026,3.54311156273
-0.272259712219,3.82472038269,-0.718747258186,-0.784799218178,-2.59237504005,3.82472038269
-0.836526036263,3.7062125206,-1.02364838123,-0.999212920666,-2.95217466354,3.7062125206
-1.16210222244,3.40841579437,-1.33722662926,-0.300383090973,-3.01265048981,3.40841579437
-1.20381748676,3.37481832504,-1.55198311806,0.271692216396,-2.24967980385,3.37481832504
-1.03942489624,3.62924361229,-1.7028670311,0.109507471323,-1.02458941936,3.62924361229
-1.15148830414,3.9682738781,-1.61199915409,0.226488158107,-0.817200660706,3.9682738781
-1.26453900337,3.43223953247,-1.51510560513,0.0129907727242,-1.1055290699,3.43223953247
-1.09051990509,2.79052567482,-1.65755355358,-0.253651916981,-0.0563679933548,2.79052567482
-0.866886794567,3.86961913109,-1.61079406738,0.6589807868,1.02669608593,3.86961913109
-1.06386172771,3.2954056263,-1.44472539425,-0.147972226143,1.40757060051,3.2954056263
-1.02535533905,2.64361262321,-1.36446285248,-0.74417668581,1.87335538864,2.64361262321
-0.892064034939,2.3522298336,-1.19140434265,-0.499219715595,2.1790933609,2.3522298336
-1.10927939415,1.93531429768,-0.998822450638,-0.985163033009,1.39352071285,1.93531429768
-0.876019716263,1.54894196987,-0.866738796234,-0.934461236,1.13268125057,1.54894196987
-0.683487892151,1.2655005455,-0.848902642727,-0.686144471169,1.09633481503,1.2655005455
-0.615608096123,0.796356081963,-0.733932077885,-0.73928976059,0.511736690998,0.796356081963
-0.332734435797,0.854388237,-0.735137224197,-0.145528763533,0.702937483788,0.854388237
-0.277936935425,0.599352002144,-0.643787324429,-0.350474029779,1.01264619827,0.599352002144
-0.396418064833,0.178465858102,-0.466631323099,-1.25638723373,1.02516901493,0.178465858102
-0.565994143486,-0.305339425802,-0.300080597401,-1.98392772675,0.881920993328,-0.305339425802
-0.604253649712,-0.616575241089,-0.266577631235,-1.6577256918,0.709962427616,-0.616575241089
-0.603760004044,-0.867946267128,-0.47145190835,-0.645827353001,0.851683199406,-0.867946267128
-0.791848778725,-1.31784856319,-0.755865633488,0.285742104053,0.937509715557,-1.31784856319
-0.799006998539,-2.05669021606,-1.28853881359,1.13973176479,1.54348814487,-2.05669021606
-0.617582798004,-2.34715652466,-1.68888735771,2.04992103577,2.97474527359,-2.34715652466
-0.652633488178,-2.60005474091,-1.93256723881,3.15619778633,3.6802945137,-2.60005474091
-0.917981743813,-3.04018306732,-2.08995866776,3.72094273567,3.29636573792,-3.04018306732
-0.613386571407,-2.94183373451,-2.32134628296,4.74200391769,2.86173510551,-2.94183373451
-0.128354534507,-3.06217432022,-2.55249285698,5.67601680756,3.14090061188,-3.06217432022
-0.130576059222,-3.52276659012,-2.10225129128,4.51964902878,2.21238541603,-3.52276659012
0.241718575358,-3.22496986389,-1.91087460518,4.38800764084,1.7664539814,-3.22496986389
0.256750226021,-2.8639485836,-1.37699627876,3.98178243637,1.5728096962,-2.8639485836
0.154438048601,-2.75460362434,-1.00026857853,2.80831003189,0.860540688038,-2.75460362434
0.397853761911,-2.34532403946,-0.792019963264,2.32206130028,1.07159471512,-2.34532403946
0.273721456528,-2.00690460205,-0.514837026596,1.6745442152,0.673615932465,-2.00690460205
0.38306453824,-1.45498788357,-0.430236041546,1.30710875988,0.703242897987,-1.45498788357
0.284389048815,-1.28730535507,-0.490011125803,1.08139407635,0.647654175758,-1.28730535507
0.301602721214,-0.830378055573,-0.395286887884,0.899967133999,0.337945520878,-0.830378055573
0.193471848965,-0.959270715714,-0.267541736364,0.717623829842,-0.0585060194135,-0.959270715714
0.114676915109,-0.662084698677,-0.280798316002,0.806810200214,-0.472061783075,-0.662084698677
0.0732186660171,-0.75676882267,-0.316470533609,0.55085760355,-1.00656878948,-0.75676882267
0.124859653413,-0.661473870277,-0.492903470993,0.0426177345216,-1.51236522198,-0.661473870277
0.0921294540167,-0.299841612577,-0.629566669464,-0.407589942217,-2.02885198593,-0.299841612577
0.106433756649,0.0810328572989,-0.706213772297,-0.643689334393,-2.42469263077,0.0810328572989
0.0780675858259,0.49428319931,-0.608838200569,-0.904834270477,-2.71607542038,0.49428319931
0.174318611622,0.705642580986,-0.675121068954,-1.39963507652,-2.9384303093,0.705642580986
0.0940690115094,1.17417621613,-0.851553976536,-1.70048618317,-3.09359002113,1.17417621613
-0.157727971673,2.03793954849,-1.19767105579,-1.6335965395,-3.94788503647,2.03793954849
-0.0540570095181,1.98357260227,-1.79132449627,-2.14366889,-3.60244083405,1.98357260227
-0.124405167997,2.25174236298,-2.20974993706,-2.51751852036,-3.52455544472,2.25174236298
-0.217462211847,2.34764838219,-2.31339240074,-2.65496325493,-3.53127503395,2.34764838219
-0.167354568839,2.98875141144,-2.3758187294,-1.9747647047,-3.28356909752,2.98875141144
-0.118234276772,2.96584391594,-2.38039851189,-2.11526370049,-2.12384152412,2.96584391594
-0.263620465994,3.14024591446,-2.10803604126,-1.93414223194,-1.66294360161,3.14024591446
-0.0868861451745,2.92797040939,-1.73612892628,-1.11833167076,-0.873094856739,2.92797040939
0.0349122136831,2.54404139519,-1.57897830009,-0.732570230961,0.102456972003,2.54404139519
-0.278183788061,2.40965104103,-1.29311835766,-0.607953727245,0.316259801388,2.40965104103
-0.319898992777,2.03977227211,-0.998822450638,-0.273810446262,0.68949842453,2.03977227211
-0.357911705971,1.39103329182,-0.748152732849,-0.018468786031,0.625052154064,1.39103329182
-0.578829586506,0.91852915287,-0.516283214092,-0.233493357897,0.281440496445,0.91852915287
-0.57216501236,0.0269712805748,-0.395768940449,-0.444241851568,0.187672674656,0.0269712805748
-0.688177764416,-0.572592973709,-0.383717507124,-0.527014136314,-0.030711652711,-0.572592973709
-0.756304442883,-1.11290323734,-0.378655910492,0.130887761712,-0.355386525393,-1.11290323734
-0.842450022697,-1.13519990444,-0.516283214092,2.04350686073,-0.88286870718,-1.13519990444
-0.906133651733,-1.33953428268,-0.686208426952,3.54745697975,-1.45921993256,-1.33953428268
-1.00758314133,-1.51729607582,-0.956642508507,5.43655776978,-2.25242853165,-1.51729607582
-1.03670966625,-0.979123830795,-1.2993850708,7.47470998764,-2.52334737778,-0.979123830795
-1.23763394356,-0.371007412672,-1.59657335281,9.52660560608,-3.23714351654,-0.371007412672
-0.663741052151,-0.30259051919,-1.76529335976,8.37512493134,-1.93966555595,-0.30259051919
-0.547481477261,-1.37129926682,-1.37362194061,5.05690526962,-0.809259414673,-1.37129926682
-0.292253404856,-1.03226912022,-1.13596773148,4.71359872818,0.459813147783,-1.03226912022
-0.548468768597,0.36661234498,-0.880959451199,3.96651077271,-0.379210263491,0.36661234498
-0.459114313126,-2.25125074387,-0.766952931881,0.152268052101,-0.766804277897,-2.25125074387
-0.0602278970182,-3.21733403206,-0.976165831089,-2.93290686607,-0.755197882652,-3.21733403206
0.433735728264,-1.71216213703,-1.02340734005,-1.76065647602,-0.161742240191,-1.71216213703
0.27978259325,-2.10678100586,-0.756347715855,-1.04258441925,0.324506491423,-2.10678100586
0.208018600941,-2.74482989311,-0.650536179543,-1.43475985527,2.06272339821,-2.74482989311
-0.0587468855083,-2.7197842598,-0.610766410828,-2.01691436768,3.34492969513,-2.7197842598
-0.373462349176,-0.839541077614,-0.538698911667,-0.710884511471,3.11005187035,-0.839541077614
-0.50700044632,0.828731894493,-0.371425032616,0.852319657803,2.38556575775,0.828731894493
-0.393456012011,0.151893228292,-0.0713444650173,-0.0187742188573,2.28904914856,0.151893228292
-0.201417893171,0.0642340630293,0.0677477270365,-1.00868141651,2.03492903709,0.0642340630293
-0.178462177515,0.82079064846,0.0755460262299,-0.89628213644,0.962249755859,0.82079064846
0.0147892013192,0.0361342579126,-0.0771291479468,-1.19102466106,0.768605470657,0.0361342579126
0.0344273224473,-0.969044446945,-0.277423918247,-1.86908507347,0.81961274147,-0.969044446945
0.153710722923,-0.61535346508,-0.406615227461,-0.790602445602,0.850156009197,-0.61535346508
0.230081170797,-0.311753511429,-0.315265387297,0.500766694546,1.01172995567,-0.311753511429
0.178682640195,-0.255553901196,-0.0896626338363,0.682804524899,1.16994404793,-0.255553901196
0.0831589475274,-0.119636371732,0.120629943907,0.213965430856,0.840993046761,-0.119636371732
0.166802793741,0.632033348083,0.168150827289,0.101871669292,0.224019154906,0.632033348083
0.148619353771,1.47472190857,0.0984535217285,0.102787956595,-0.443045675755,1.47472190857
0.31033077836,1.55077457428,-0.0366363450885,-0.234409660101,-0.248790532351,1.55077457428
0.194199189544,1.47594356537,-0.147268474102,-0.927436232567,-0.00688790716231,1.47594356537
0.0312755219638,1.65584337711,-0.302008807659,-1.04747128487,-0.208473429084,1.65584337711
-0.0784937366843,1.80092394352,-0.439395129681,-0.682479321957,-0.286969602108,1.80092394352
-0.141436815262,1.64729130268,-0.54400151968,-0.585046291351,-0.290023952723,1.64729130268
-0.132057070732,1.46097743511,-0.588832855225,-0.725239872932,-0.299492359161,1.46097743511
-0.110582374036,1.66011953354,-0.612935721874,-0.679730415344,-0.438769638538,1.66011953354
-0.0315949618816,1.65828692913,-0.662105560303,-1.0050162077,-0.0685852989554,1.65828692913
-0.0698544830084,1.44478952885,-0.689341723919,-1.74019241333,0.190116137266,1.44478952885
-0.227829307318,1.33330655098,-0.720193386078,-2.21880531311,0.265252560377,1.33330655098
-0.378399044275,1.32597625256,-0.735378265381,-2.12381577492,0.34069442749,1.32597625256
-0.651152431965,0.635087609291,-0.713685631752,-2.37732481956,0.0868799090385,0.635087609291
-0.78493732214,0.426171720028,-0.702839374542,-1.84098517895,-0.692889630795,0.426171720028
-0.651892960072,0.546817660332,-0.679941654205,-0.906055986881,-1.46288514137,0.546817660332
-0.454424440861,-0.0744323506951,-0.7570707798,-1.30128574371,-1.28512334824,-0.0744323506951
-0.273987561464,-0.548769235611,-0.831307649612,-2.22705197334,-0.482141047716,-0.548769235611
-0.333721786737,-0.705456137657,-0.857338726521,-2.75636672974,-0.103099182248,-0.705456137657
-0.596601724625,0.193432062864,-0.856374561787,-2.04470896721,-0.589347958565,0.193432062864
-0.526006758213,0.66868519783,-0.86818498373,-1.76737594604,-0.228326559067,0.66868519783
-0.51045614481,-0.217374816537,-0.883369803429,-3.51047992706,0.564271092415,-0.217374816537
-0.74988669157,-1.89511620998,-0.969175934792,-5.70623493195,0.382538706064,-1.89511620998
-0.785677850246,-1.14283573627,-1.12825489044,-5.0122923851,-0.883785009384,-1.14283573627
-0.690399289131,-0.937890410423,-1.01955091953,-3.83118414879,-1.20754349232,-0.937890410423
-0.589690327644,-1.4882799387,-1.01930987835,-3.14060115814,-1.29520273209,-1.4882799387
-0.369512975216,-0.0619096085429,-0.980504274368,-1.52180814743,-1.37889122963,-0.0619096085429
-0.0143164675683,0.804297327995,-0.843359053135,-0.408200800419,-0.43938049674,0.804297327995
0.13286036253,0.927386641502,-0.677290320396,0.408831477165,0.464394629002,0.927386641502
0.0705517604947,1.48113596439,-0.216925725341,0.820554614067,0.326949954033,1.48113596439
-0.170069769025,0.541625261307,-0.514596045017,0.68097192049,1.15864300728,0.541625261307
-1.03547549248,0.301555216312,-0.713444590569,0.310176730156,0.400559216738,0.301555216312
-0.77086776495,0.290865063667,-1.01135599613,0.982433915138,0.531284332275,0.290865063667
-0.975494503975,0.344926655293,-1.02388942242,1.31535553932,0.486996650696,0.344926655293
-0.889595687389,0.0871415063739,-0.916149675846,1.14003717899,0.104594998062,0.0871415063739
-0.849361419678,0.0428537800908,-0.917595863342,1.18768465519,0.0587801039219,0.0428537800908
-0.888114690781,0.11279784888,-0.894939184189,1.1666097641,-0.538646101952,0.11279784888
-0.724956333637,0.0758405029774,-0.941216647625,1.01939129829,-0.733206689358,0.0758405029774
-0.640044808388,0.00223123840988,-0.965560495853,0.689218640327,-0.668455004692,0.00223123840988
-0.651152431965,-0.159037187696,-0.973032414913,0.375539302826,-0.925323843956,-0.159037187696
-0.468000382185,0.0162811391056,-0.997376263142,0.361489415169,-0.771080374718,0.0162811391056
-0.335943311453,0.209009125829,-0.816604852676,0.449759423733,-0.490693181753,0.209009125829
-0.326563566923,-0.143460124731,-0.731039702892,0.46869623661,-0.281166404486,-0.143460124731
-0.48651304841,-0.812357544899,-0.808650910854,0.588120400906,0.134832829237,-0.812357544899
-0.764450013638,-0.868557214737,-0.842394888401,0.324226617813,-0.103710047901,-0.868557214737
-0.80098170042,-0.877414703369,-0.785994231701,0.124779105186,-0.210306033492,-0.877414703369
-0.748899400234,-0.535024762154,-0.678977549076,0.587814986706,-0.102793753147,-0.535024762154
-0.758772790432,-0.13124281168,-0.624505102634,0.645847201347,-0.176403000951,-0.13124281168
-0.799253821373,-0.204241216183,-0.728388369083,0.179451555014,-0.274752318859,-0.204241216183
-0.756304442883,-0.284570008516,-0.755624592304,-0.447601616383,-0.196256130934,-0.284570008516
-0.737544894218,-0.286402583122,-0.770327329636,-0.651019752026,-0.185871422291,-0.286402583122
-0.658557474613,-0.197216257453,-0.758034944534,-0.458291739225,-0.0991285592318,-0.197216257453
-0.635354936123,-0.0464547500014,-0.794912278652,-0.0668068751693,0.132266432047,-0.0464547500014
-0.715576529503,0.108094155788,-0.770568370819,0.152799189091,0.0556028410792,0.108094155788
-0.709158837795,-0.170765832067,-0.712480545044,0.107900582254,-0.0772603452206,-0.170765832067
-0.689658820629,-0.474060416222,-0.691993057728,0.135389536619,0.0168129019439,-0.474060416222
-0.744456291199,-0.314624607563,-0.671987712383,0.194643437862,-0.300226181746,-0.314624607563
-0.738779067993,-0.190618947148,-0.724290907383,0.327506661415,-0.441030621529,-0.190618947148
-0.670652508736,-0.103876084089,-0.817086935043,0.620111048222,-0.250135213137,-0.103876084089
-0.664975225925,0.252869218588,-0.873728632927,0.67050743103,-0.438892573118,0.252869218588
-0.698791742325,0.116340838373,-0.854687392712,0.364463984966,-0.773035824299,0.116340838373
-0.560563743114,-0.115177094936,-0.850589871407,0.171736001968,-0.614821732044,-0.115177094936
-0.563772618771,0.0592249408364,-0.843600034714,0.0654454529285,-0.428507864475,0.0592249408364
-0.60104483366,0.200945675373,-0.810097098351,0.00161003321409,-0.598328411579,0.200945675373
-0.684475243092,0.167042657733,-0.768158137798,-0.154771476984,-0.641699790955,0.167042657733
-0.765931010246,-0.0427895560861,-0.738752663136,-0.131864011288,-0.577864408493,-0.0427895560861
-0.968829870224,-0.0534797012806,-0.764301598072,-0.0478700511158,-0.769676089287,-0.0534797012806
-1.07867181301,-0.0598937869072,-0.793466091156,-0.0426776967943,-0.991114735603,-0.0598937869072
-1.01671600342,-0.252316355705,-0.824558794498,0.0345967561007,-0.861000418663,-0.252316355705
-0.87552601099,-0.420304298401,-0.795635402203,0.165932774544,-0.496313899755,-0.420304298401
-0.876019716263,-0.471006095409,-0.744055271149,0.454261213541,-0.343903034925,-0.471006095409
-0.912551343441,-0.600204110146,-0.676085174084,0.569714665413,-0.438892573118,-0.600204110146
-0.972038805485,-0.980773150921,-0.62113070488,0.468921929598,-0.418428599834,-0.980773150921
-0.943405807018,-1.06659960747,-0.635110318661,0.485720723867,-0.105971008539,-1.06659960747
-1.0201716423,-0.863792479038,-0.64764380455,0.447541683912,-0.122769802809,-0.863792479038
-1.00264644623,-1.01864671707,-0.652464389801,0.589567840099,-0.0387758389115,-1.01864671707
-0.813076615334,-1.27032327652,-0.679941654205,0.783822953701,0.530856013298,-1.27032327652
-0.94291216135,-1.17960977554,-0.647402822971,0.963417351246,0.629205346107,-1.17960977554
-0.90687417984,-1.31705439091,-0.612212598324,1.10269463062,0.544295072556,-1.31705439091
-0.711133539677,-1.56048417091,-0.63776165247,0.688222527504,1.17379164696,-1.56048417091
-0.655101776123,-1.17991518974,-0.598956048489,0.495494574308,1.38881623745,-1.17991518974
-0.559329628944,-0.894946575165,-0.595581650734,0.287494987249,1.73487138748,-0.894946575165
-0.582778990269,-1.24527776241,-0.578950703144,-0.0185485184193,1.62399935722,-1.24527776241
-0.578829586506,-1.27765357494,-0.557499110699,-0.1104837358,1.32101011276,-1.27765357494
-0.468987733126,-0.995739400387,-0.556052982807,0.170819699764,1.36774134636,-0.995739400387
-0.417152225971,-0.9276278615,-0.569068551064,0.221521526575,1.37415540218,-0.9276278615
-0.478614300489,-0.921519219875,-0.790814816952,-0.125755369663,0.965486645699,-0.921519219875
-0.382101565599,-0.0617263764143,-0.676808297634,1.0223659277,0.869275391102,-0.0617263764143
-0.344582587481,0.0586140751839,-0.590761065483,1.01503551006,0.642338931561,0.0586140751839
-0.358652204275,0.675282537937,-0.601125299931,0.000693738460541,0.390356987715,0.675282537937
-0.293981254101,0.779129624367,-0.634146213531,-1.00601220131,0.157311916351,0.779129624367
-0.266335636377,0.856404066086,-0.754178464413,-1.8483953476,0.36011916399,0.856404066086
-0.294228076935,0.749197244644,-0.985324859619,-0.557331681252,0.5552906394,0.749197244644
-0.431468725204,0.157574236393,-0.63270008564,0.878201663494,0.456025004387,0.157574236393
-0.27670276165,0.0503673925996,-0.469523698092,-0.207916736603,2.1267414093,0.0503673925996
-0.147360891104,0.689637839794,-0.667167127132,-2.26347827911,2.02319979668,0.689637839794
-0.228076145053,0.957196831703,-0.877826094627,-2.2375164032,2.66002678871,0.957196831703
-0.167601406574,2.18198180199,-0.983878672123,-1.18927168846,1.78984928131,2.18198180199
-0.072322845459,2.54117035866,-0.900964856148,-2.11870312691,1.09346282482,2.54117035866
-0.276949614286,2.04392623901,-0.553401648998,-1.83068025112,-0.606575071812,2.04392623901
-0.163652032614,1.16825079918,-0.990868508816,-3.01026105881,-0.0149520915002,1.16825079918
-0.355690151453,1.10166656971,-1.27263092995,0.438989549875,-0.23883420229,1.10166656971
-0.0515886507928,2.65906739235,-0.916631698608,1.83970355988,0.76756632328,2.65906739235
-0.254981249571,2.43579626083,-0.970381081104,0.784739255905,0.537880957127,2.43579626083
-0.00617089122534,0.780351340771,-0.849866807461,-2.18101143837,0.101723171771,0.780351340771
-0.145386189222,0.56318873167,-1.08896708488,-1.43575584888,-0.354287743568,0.56318873167
-0.0019746851176,-0.907469332218,-1.15597307682,2.92643284798,1.03481984138,-0.907469332218
-0.551430821419,-0.708632707596,-1.72022104263,7.16644859314,0.726638317108,-0.708632707596
-0.127120360732,0.542419314384,-0.890359580517,8.61236667633,-0.78800201416,0.542419314384
-0.0804684236646,1.20704078674,-1.00412499905,9.96054649353,0.173499837518,1.20704078674
-0.282873630524,-1.22634088993,-0.204392239451,7.31366682053,-3.18961882591,-1.22634088993
-0.342854738235,-2.36682629585,0.0153529010713,8.19972705841,-1.78951561451,-2.36682629585
-0.17821533978,-2.36041235924,0.118192978203,4.29080057144,1.12828218937,-2.36041235924
-0.134772256017,-2.02932333946,0.391620844603,3.74804663658,1.81520009041,-2.02932333946
-0.155753299594,-0.508879780769,0.328015983105,8.33686637878,1.65790235996,-0.508879780769
0.0339424274862,1.28736960888,0.342150390148,6.45784473419,2.26449155807,1.28736960888
-0.400614231825,0.868926823139,0.721830070019,-0.464480131865,1.00183308125,0.868926823139
-0.197962194681,-1.20587694645,0.824182748795,2.29846334457,-0.0564909279346,-1.20587694645
-0.180436849594,-0.346389591694,0.575855672359,1.60696399212,0.440447926521,-0.346389591694
-0.0259177424014,-0.619446337223,0.719880461693,1.5315220356,-1.11756384373,-0.619446337223
-0.173525452614,-0.713519632816,0.930190861225,1.84336876869,-1.17223632336,-0.713519632816
-0.231778666377,-0.0189658105373,1.04716539383,1.33207452297,-0.310916304588,-0.0189658105373
-0.296943277121,0.123060360551,1.02840077877,0.735259175301,-0.341154158115,0.123060360551
-0.0503544732928,0.164599195123,0.98551005125,0.884921133518,-0.288925170898,0.164599195123
0.00121222960297,0.516763031483,0.890955686569,0.839717149734,0.584306716919,0.516763031483
-0.00814557634294,0.484081745148,0.735964477062,0.564522325993,0.358286559582,0.484081745148
0.00266690505669,0.27516579628,0.657250404358,0.228241056204,-0.629787921906,0.27516579628
-0.0123417824507,0.533867239952,0.811023116112,0.260616898537,-0.595274031162,0.533867239952
0.100615054369,0.631605684757,1.15049290657,0.22976821661,0.957239985466,0.631605684757
0.113222241402,-0.0073593724519,0.92556065321,0.04895208776,0.119438268244,-0.0073593724519
-0.161677345634,0.515541255474,0.932871520519,0.0269609391689,0.228172272444,0.515541255474
-0.203145742416,0.778824210167,1.01816534996,-0.0228245742619,0.157922774553,0.778824210167
-0.105645664036,0.80875658989,0.942132055759,-0.303822577,-0.0253368001431,0.80875658989
-0.145139366388,0.914130806923,0.98453527689,-0.288245528936,-0.249218896031,0.914130806923
-0.10342413187,0.682612895966,0.970644593239,0.0199359953403,-0.802968263626,0.682612895966
-0.0525759905577,0.529285728931,0.967720210552,0.0358184874058,-0.501506268978,0.529285728931
-0.053069666028,0.49232840538,0.987703323364,-0.106513112783,-0.258687347174,0.49232840538
-0.117740608752,0.379929184914,0.939695060253,-0.101626187563,-0.556178689003,0.379929184914
-0.102189958096,0.247066006064,1.07177877426,-0.056422162801,-0.259298205376,0.247066006064
-0.120949462056,0.285855948925,0.96845126152,0.115536399186,0.179913923144,0.285855948925
-0.120702631772,-0.0757762789726,0.812241613865,0.0883528962731,-0.296560972929,-0.0757762789726
-0.124651998281,0.209192350507,0.834174335003,-0.217996031046,-0.250440657139,0.209192350507
-0.0202405229211,0.406807243824,1.04204773903,-0.0194648168981,-0.0702353939414,0.406807243824
0.0227899160236,0.1349722296,0.996476471424,-0.010301835835,0.253217756748,0.1349722296
-0.0414683893323,-0.069056764245,0.969913482666,-0.116286955774,0.153952151537,-0.069056764245
-0.128354534507,-0.213526397943,0.890224575996,-0.0949066728354,-0.266628593206,-0.213526397943
-0.127860859036,0.101374641061,1.11832475662,-0.331922382116,0.00123583804816,0.101374641061
-0.018512673676,-0.172903850675,1.04107284546,0.18670219183,-0.113912262022,-0.172903850675
-0.066645629704,-0.0931859388947,0.883644759655,0.0171870961785,-0.273348093033,-0.0931859388947
-0.0913291871548,-0.0980728641152,0.893148958683,-0.0365690439939,-0.45599681139,-0.0980728641152
-0.0029620276764,0.164293766022,1.06154346466,-0.334976702929,0.388524383307,0.164293766022
-0.0441835820675,0.104734398425,1.00378727913,0.064834587276,-0.210428968072,0.104734398425
-0.0533165000379,-0.0440112873912,0.980148732662,-0.0918523520231,0.299032628536,-0.0440112873912
-0.132797583938,0.323118746281,0.97308152914,0.00863498449326,0.361035466194,0.323118746281
-0.0592405572534,0.262643069029,1.02303946018,-0.0619199499488,0.588277339935,0.262643069029
-0.180930525064,0.0778563320637,0.862199485302,-0.0716937929392,-0.117577448487,0.0778563320637
-0.0362848415971,0.262643069029,0.771056830883,-0.172791987658,0.627983570099,0.262643069029
